tree
version=v4
num_class=1
num_tree_per_iteration=1
label_index=0
max_feature_idx=23
objective=binary sigmoid:1
feature_names=name_jaccard name_levenshtein name_jaro_winkler name_partial_ratio name_token_sort name_token_set name_core_exact name_core_jaccard name_core_levenshtein name_len_ratio name_token_overlap name_first3_match name_accent_stripped_ratio addr_has_both addr_jaccard addr_levenshtein addr_token_sort addr_token_set addr_token_overlap addr_number_overlap addr_len_ratio postal_code_match source_is_s3 combined_score
feature_infos=[0:1] [0:1] [0:1] [0:1] [0:1] [0:1] [0:1] [0:1] [0:1] [0.047619047619047616:1] [0:1] [0:1] [0:1] [0:1] [0:1] [0:1] [0:1] [0:1] [0:1] [0:1] [0:1] none [0:1] [0.11125541125541125:1]
tree_sizes=4805 4902 4897 4895 4938 4904 4920 4927 4923 4905 4951 4935 4956 4949 4940 4948 4956 4961 4971 4972 4957 4971 4967 4975 4963 4966 4966 4940 4950 4981 4945 4969 4968 4955 4956 4959 4972 4981 4961 4963 4964 4980 4986 4966 4964 4975 4964 4979 4979 4984 4983 4982 4977 4988 4975 4997 4981 4997 5001 4984 4969 4967 4993 4991 4979 4962 4962 4954 4975 4991 4970 4984 4994 4986 4984 4970 4977 4968 4992 4989 4975 4975 4956 4961 4973 4956 4953 4964 4958 4958 4965 4961 4960 4969 4977 4965 5010 4964 4969 4999 4961 4978 4963 4972 4994 4978 4987 4962 4923 4977 4987 4973 4952 4990 4967 4978 5006 4987 4979 4971 4948 4993 4992 4978 4973 4953 5001 4955 4975 4970 4985 4975 4908 4980 4967 4923 4966 4933 4981 4988 4972 4986 4968 4979 4978 4963 4964 4978 4986 4974

Tree=0
num_leaves=45
num_cat=0
split_feature=17 20 8 18 23 4 18 8 8 18 19 7 19 1 8 19 9 17 8 18 8 4 7 13 9 9 6 23 17 13 17 9 23 9 19 22 19 4 17 3 9 3 0 9
split_gain=94359.5 24352.6 3865.94 5664.79 3387.9 1823.56 1684.04 1739.37 1084.77 764.758 592.28 553.134 543.637 487.149 280.088 243.436 233.726 214.27 175.902 1573.87 260.336 171.48 164.122 143.218 129.212 118.804 110.72 297.721 137.676 220.575 105.233 94.945 123.293 89.5985 86.7386 86.293 81.2202 54.4917 96.4252 53.8517 50.0539 50.4637 44.6788 44.4457
threshold=0.6654088050314465 0.40075757575757581 0.46589147286821714 0.72077922077922085 0.77647549428445284 0.22378716744913932 0.46862745098039221 0.48714568226763355 0.45534290271132383 0.24264705882352944 0.43650793650793657 0.18333333333333338 0.30952380952380959 0.22378716744913932 0.076197387518142215 0.43650793650793657 0.80178571428571443 0.80131578947368431 0.48714568226763355 0.24264705882352944 0.59317129629629639 0.23769168684422928 0.13392857142857145 1.0000000180025095e-35 0.7416573971078978 0.78629976580796257 1.0000000180025095e-35 0.71111518186073985 0.3944308050135677 1.0000000180025095e-35 0.86287939833467642 0.72456896551724148 0.3753562294483011 0.53378995433789966 0.43650793650793657 1.0000000180025095e-35 0.23611111111111113 0.24316334072431636 0.83384458077709622 0.50301204819277123 0.74388789505068587 0.16843971631205676 0.64583333333333337 0.38529014844804327
decision_type=2 2 2 2 2 2 2 2 2 2 2 2 2 2 2 2 2 2 2 2 2 2 2 2 2 2 2 2 2 2 2 2 2 2 2 2 2 2 2 2 2 2 2 2
left_child=1 8 3 5 6 10 18 14 21 36 16 15 13 40 25 43 30 -17 -3 34 -21 24 33 -23 -1 -8 -10 28 29 -28 -2 32 -12 -15 -20 -18 -6 -14 -39 -4 41 -5 -29 -7
right_child=2 4 39 12 9 11 7 -9 26 -11 31 -13 37 22 -16 17 35 -19 19 20 -22 23 -24 -25 -26 -27 27 42 -30 -31 -32 -33 -34 -35 -36 -37 -38 38 -40 -41 -42 -43 -44 -45
leaf_value=0.51490450477416982 0.50162396301902545 0.44702805778044552 0.63686341251536271 0.55411409844590465 0.45569036352848258 0.54214977333737979 0.48814105110380268 0.79098974136724709 0.80246910861689402 0.79471261195651144 0.57865916267040951 0.77693585536458654 0.7996427707429945 0.62059923782393989 0.45691702182170779 0.50656060451223184 0.62454342577607136 0.69366664949734702 0.44537811753797957 0.50637904977433512 0.73109378743104658 0.80344798965781505 0.78004814939031342 0.46410331814798167 0.70453623241897023 0.6847480480502377 0.71483806821299767 0.61153302064218118 0.78822627538279377 0.47646500004133036 0.69979536388028918 0.78527712657169213 0.77876879304411839 0.47695375535734702 0.56111875379855691 0.75299208408101459 0.78784809614614726 0.63208199526098696 0.77974678044627832 0.80303601228026233 0.77744816713836873 0.73491362602790378 0.78525098046779906 0.4555327910091031
leaf_weight=31.884276568889618 117.94952660799026 6460.2449601888657 12.486150264739988 13.155051171779631 57.971411943435669 41.025922298431396 29.431639909744263 192.64346122741699 1062.4376073479652 247.27036863565445 37.012516856193542 45.262294709682465 2312.6134026050568 46.377129554748535 286.95848912000656 113.7131541967392 80.937009751796722 59.755147695541382 1539.140987098217 41.471856236457825 161.42808556556702 8.9186787605285627 20.512961149215698 74.025033712387085 82.497778534889221 59.309213757514954 55.072841346263885 9.587579667568205 36.789549887180328 45.262294709682465 20.06702721118927 259.75651890039444 42.140757143497467 69.342727363109589 42.586691081523895 57.079544067382812 5.1282402873039237 29.877573847770691 536.68149441480637 32234.780644178391 200.00137120485306 39.688120484352112 808.9241635799408 499.89194452762604
leaf_count=129 487 28878 41 50 256 159 124 447 2389 568 135 109 5241 157 1265 466 272 175 6896 170 435 20 49 323 236 177 154 33 86 194 58 612 101 297 160 146 12 99 1283 72369 481 106 1906 2208
internal_value=0.731107 0.529272 0.793145 0.724893 0.4715 0.588635 0.462351 0.595545 0.767193 0.731276 0.691047 0.505731 0.782201 0.693444 0.495329 0.488548 0.604052 0.571014 0.45317 0.475402 0.685163 0.588169 0.571492 0.500592 0.651676 0.619542 0.784697 0.76494 0.655845 0.607305 0.530437 0.761903 0.685196 0.534523 0.448494 0.677666 0.482686 0.794195 0.77196 0.802972 0.759152 0.689904 0.783216 0.462102
internal_weight=48229.1 11339 36890.1 4642.84 9123.59 1374.59 8813.22 568.343 2215.4 310.37 614.943 759.648 3268.25 389.077 375.699 714.386 276.033 173.468 8244.87 1784.63 202.9 197.326 136.233 82.9437 114.382 88.7409 2018.07 955.636 137.125 100.335 138.017 338.91 79.1533 115.72 1581.73 138.017 63.0997 2879.17 566.559 32247.3 252.845 52.8432 818.512 540.918
internal_count=129959 44858 85101 12691 39388 4928 38552 2013 5470 836 1811 3117 7763 1140 1566 3008 963 641 36539 7661 605 708 503 343 365 301 4762 2373 434 348 545 848 236 454 7056 418 268 6623 1382 72410 637 156 1939 2367
is_linear=0
shrinkage=1


Tree=1
num_leaves=45
num_cat=0
split_feature=17 20 8 19 18 8 4 23 17 8 1 18 7 18 8 23 18 8 20 17 9 9 19 7 4 13 9 9 6 5 23 17 17 1 17 7 9 19 9 3 7 3 22 18
split_gain=80302.6 19070.8 3585.55 4885.24 2731.88 2106.03 1632.37 903.642 710.643 557.394 486.835 439.217 400.21 246.204 234.365 179.616 1254.57 267.607 170.62 166.87 109.417 108.122 105.196 101.99 97.1087 97.2673 94.7417 91.9116 84.3739 216.081 154.946 75.9837 74.3315 71.4339 115.818 88.9421 68.8008 64.5257 61.479 59.6607 57.6481 48.9335 40.3295 34.6113
threshold=0.6654088050314465 0.36898982894128535 0.46589147286821714 0.43650793650793657 0.46862745098039221 0.51925925925925942 0.18893421723610401 0.78779044283653277 0.78065486134313411 0.45534290271132383 0.18321678321678322 0.69615384615384623 0.18333333333333338 0.24264705882352944 0.076197387518142215 0.60987836607035473 0.24264705882352944 0.55245781364636837 0.494185260311021 0.94908607510800946 0.33558558558558566 0.74388789505068587 0.43650793650793657 0.18333333333333338 0.24859550561797758 1.0000000180025095e-35 0.79205974842767313 0.70412457912457926 1.0000000180025095e-35 0.99572649572649585 0.71111518186073985 0.77183447749809331 0.3944308050135677 0.25176056338028174 0.89294019933554825 0.18333333333333338 0.44862772695285019 0.41428571428571431 0.74037037037037046 0.16843971631205676 0.18333333333333338 0.50301204819277123 1.0000000180025095e-35 0.79285714285714304
decision_type=2 2 2 2 2 2 2 2 2 2 2 2 2 2 2 2 2 2 2 2 2 2 2 2 2 2 2 2 2 2 2 2 2 2 2 2 2 2 2 2 2 2 2 2
left_child=1 9 3 6 7 14 11 15 10 24 27 18 19 -9 21 -3 22 -18 -2 20 -8 -6 -17 36 26 -26 -1 42 -11 -30 32 -20 -31 -10 35 -35 -12 -23 39 -13 -16 43 -5 -4
right_child=2 4 41 8 5 -7 12 13 33 28 23 38 -14 -15 40 16 17 -19 31 -21 -22 37 -24 -25 25 -27 -28 -29 29 30 -32 -33 -34 34 -36 -37 -38 -39 -40 -41 -42 -43 -44 -45
leaf_value=-0.12481500804419199 0.050085853874535874 -0.20173394843678405 -0.17886418854849356 -0.15485095006270755 -0.18699362398500441 0.11152012607130748 -0.069863332694880931 -0.15293095090133091 0.11208729316194126 0.11505367350415656 -0.043802867066757817 -0.12402831717306535 0.082023121444694272 0.098185969644375093 -0.19463900011105054 -0.20441479477796556 -0.1718349891813947 0.065617672351334783 -0.1611055336941431 0.016587810568085549 -0.18916524035247537 -0.087930914791665732 -0.04606655366502637 0.10374509396638816 0.11582259040375949 -0.18224380799182882 0.049952983566530065 0.089567121278298897 -0.23013336510846652 -0.03883385210046119 0.099197327275357669 -0.049585303460269133 0.10602950496738828 -0.033681901999924206 0.099008114913755621 0.11714567778715491 -0.18237440359118984 0.064505485324381329 0.092178822354834919 0.054087292916717475 0.07550099962724191 0.11540742534908362 0.050580380946168069 0.085740815765173506
leaf_weight=30.00943323969841 55.715987235307693 7502.8021765351295 6.1093014031648618 15.506446287035942 26.842752158641815 341.4709058701992 53.005487337708473 35.449977561831474 2307.7026183158159 995.02832579612732 29.733167871832848 17.094302207231522 41.423324182629585 84.665528774261475 311.2799114882946 1177.6098456382751 37.785821482539177 154.88626837730408 89.87649504840374 28.526721552014351 685.41723793745041 30.54452358186245 27.47711381316185 10.932414412498472 8.1179056763648969 51.1934974193573 58.648570582270622 157.94252552092075 14.042689144611357 84.800792813301086 766.46355396509171 69.213243097066879 30.940180063247681 84.84933303296566 457.13601769506931 35.487544983625412 100.23657435178757 42.500204458832741 274.49876627326012 40.669360354542732 5.1392400264739981 30889.639391720295 10.099447980523109 6.5618422478437424
leaf_count=112 149 31384 25 61 110 806 180 138 5444 2333 96 64 105 207 1289 4945 151 405 356 82 2818 108 89 26 19 208 158 394 62 273 1864 227 74 273 1111 82 409 110 678 109 13 72369 27 16
internal_value=0.0453875 -0.135222 0.105566 0.0393867 -0.181632 -0.0357388 -0.0879624 -0.193887 0.0931669 0.0873182 -0.0190867 0.0187573 -0.160185 0.0240732 -0.156526 -0.196829 -0.170499 0.0190497 -0.0703937 -0.173267 -0.180602 -0.0496933 -0.200804 -0.130933 -0.0622116 -0.141448 -0.00920342 0.0667731 0.0990171 0.0812129 0.0861689 -0.112588 -0.0001086 0.10579 0.0806263 0.0107974 -0.150673 0.000762388 0.0763929 0.00137661 -0.190251 0.115343 -0.073825 -0.0418366
internal_weight=47285.1 11817.7 35467.4 4565.07 9778.45 757.778 1355.44 9020.68 3209.63 2039.24 324.451 547.068 808.373 120.116 416.307 8900.56 1397.76 192.672 214.806 766.949 738.423 99.8875 1205.09 140.902 147.969 59.3114 88.658 183.548 1891.28 896.247 882.205 159.09 115.741 2885.18 577.473 120.337 129.97 73.0447 332.262 57.7637 316.419 30902.3 25.6059 12.6711
internal_count=129959 44858 85101 12691 39755 2436 4768 37319 7923 5103 1013 1583 3185 345 1630 36974 5590 556 732 3080 2998 328 5034 531 497 227 270 482 4606 2273 2211 583 347 6910 1466 355 505 218 851 173 1302 72410 88 41
is_linear=0
shrinkage=0.08


Tree=2
num_leaves=45
num_cat=0
split_feature=17 20 23 8 19 18 4 18 8 17 18 8 4 18 7 8 8 9 20 3 4 17 6 23 17 13 13 9 9 7 20 19 17 1 17 7 22 19 18 9 9 1 9 3
split_gain=69365.8 15205.1 2939.72 2700.86 3713.63 1427.26 1255.89 592.638 505.599 498.809 470.163 1988.49 368.289 315.49 313.44 250.935 157.976 133.652 124.979 100.964 87.9146 83.7786 80.0827 182.643 83.202 144.802 79.8764 79.6635 79.3878 77.1649 72.7975 84.3373 67.7908 60.5288 88.522 72.9789 59.9854 58.4912 57.007 55.6187 53.9476 44.3833 43.872 40.4293
threshold=0.67806351061757264 0.36898982894128535 0.77647549428445284 0.46589147286821714 0.43650793650793657 0.58578431372549034 0.18893421723610401 0.24264705882352944 0.45534290271132383 0.79324593901396423 0.39444444444444454 0.5629401408450706 0.21132376395534294 0.69615384615384623 0.18333333333333338 0.47722567287784684 0.096006144393241191 0.3943381180223286 0.494185260311021 0.25227272727272732 0.24859550561797758 0.8451542588866533 1.0000000180025095e-35 0.71111518186073985 0.3944308050135677 1.0000000180025095e-35 1.0000000180025095e-35 0.72821969696969713 0.80178571428571443 0.18333333333333338 0.43111357165453973 0.63333333333333341 0.97685135569606707 0.25176056338028174 0.90632697044334987 0.18333333333333338 1.0000000180025095e-35 0.23611111111111113 0.81534090909090928 0.74037037037037046 0.4841229838709678 0.089719939627704207 0.75192307692307703 0.48934240362811798
decision_type=2 2 2 2 2 2 2 2 2 2 2 2 2 2 2 2 2 2 2 2 2 2 2 2 2 2 2 2 2 2 2 2 2 2 2 2 2 2 2 2 2 2 2 2
left_child=1 8 5 4 6 10 13 37 20 12 30 19 27 18 17 16 42 21 -2 -12 28 -8 -10 24 25 -24 -22 -6 41 40 31 -3 -19 -11 35 -35 -20 -4 39 -15 -14 -1 -7 -5
right_child=3 2 7 43 9 15 14 -9 22 33 11 -13 29 38 -16 -17 -18 32 36 -21 26 -23 23 -25 -26 -27 -28 -29 -30 -31 -32 -33 -34 34 -36 -37 -38 -39 -40 -41 -42 -43 -44 -45
leaf_value=-0.18169752886247176 0.052975740274211369 -0.15144422142277342 -0.1737572093050099 -0.10464377600484437 -0.043486166399674814 -0.14297932712599801 -0.13132692124677334 0.10532731102634577 0.11112958539503427 0.10844672663871269 -0.11738668057759764 0.097230750951049799 -0.037711132708803385 -0.068808425461085482 0.079819874330910839 0.10975374778927471 -0.14503544251219505 -0.16762968632199843 -0.13154812731073737 -0.17780497912476617 0.1119047896862317 0.021026203973435315 0.033354558309323108 0.092738031105163488 0.098275010256569623 -0.16860618759578846 -0.16260585864410959 0.089549034898071311 0.051393583864816045 0.098766783824524057 -0.17895951528503443 0.0072872336098525163 0.042815237458713067 -0.016223905698779195 0.096921077787440843 0.1130937081491967 -0.025318409145832561 0.10600985038162307 0.09957802242910882 0.058971783381486516 -0.16497310140365637 0.00032810200997352074 0.079528594173204306 0.11148882621394522
leaf_weight=19.434074744582176 50.34344682097435 104.93404048681259 64.161385223269463 5.5401006639003745 35.327024877071381 6.5577683299779883 50.231249377131462 316.74386934936047 963.15917479991913 2178.7175654321909 213.78745234012604 212.82626080513 28.710139080882072 28.000453785061836 39.918170183897018 121.79961542785168 59.54144386947155 601.60040299594402 93.85461787879467 1029.0952615886927 7.745190203189849 42.767468377947807 55.435270145535469 749.41764649748802 32.981153339147568 38.500361755490303 54.658786445856094 156.09864181280136 58.166726171970367 10.094996362924574 8176.5524432361126 26.918092474341393 9.9587323069572431 94.108435213565826 417.63777576386929 39.71641793847084 53.362527191638947 5.1679793447256079 195.94436551630497 98.463237136602402 82.802866607904434 15.340037897229193 41.949614852666855 29309.291120767593
leaf_count=79 135 407 257 20 115 25 188 786 2366 5372 785 530 91 96 104 299 228 2387 352 4151 19 121 154 1905 83 153 215 400 158 25 33043 79 27 293 1050 96 166 12 486 269 327 45 106 71954
internal_value=0.0431556 -0.118779 -0.157654 0.102756 0.043607 -0.166022 -0.0716281 0.0589555 0.0835035 0.0914868 -0.17066 -0.128721 -0.00416454 0.0237729 -0.13826 0.0310244 -0.0577244 -0.150615 -0.0558334 -0.167412 -0.0550891 -0.061264 0.0952076 0.0777082 -0.01104 -0.0494209 -0.128535 0.0649978 -0.00577457 -0.113034 -0.178009 -0.119039 -0.164203 0.102454 0.0787774 0.0221549 -0.0930425 -0.152903 0.0725529 0.0306798 -0.132208 -0.1014 0.0494475 0.111448
internal_weight=45997.4 12374.9 10380 33622.5 4307.66 9993.96 1264.44 386.073 1994.84 3043.21 9764.11 1455.71 313.034 519.969 744.476 229.848 108.049 704.558 197.561 1242.88 155.345 92.9987 1839.49 876.334 126.917 93.9356 62.404 191.426 92.9408 121.608 8308.4 131.852 611.559 2730.18 551.463 133.825 147.217 69.3294 322.408 126.464 111.513 34.7741 48.5074 29314.8
internal_count=129959 45885 40708 84074 12100 39653 4331 1055 5177 7769 38995 5466 958 1504 2827 658 359 2723 653 4936 516 309 4661 2295 390 307 234 515 282 443 33529 486 2414 6811 1439 389 518 269 851 365 418 124 131 71974
is_linear=0
shrinkage=0.08


Tree=3
num_leaves=45
num_cat=0
split_feature=17 20 23 8 19 18 4 8 18 17 18 8 1 8 17 7 9 3 9 18 6 23 17 13 20 7 7 17 9 1 17 7 20 12 22 17 19 19 8 23 9 3 0 3
split_gain=60597.9 12535.8 2650.05 2294.06 3075.2 1210.48 1011.36 745.477 523.697 396.732 356.54 1642.6 298.783 269.53 261.163 256.757 179.276 121.421 115.015 109.901 94.6516 206.486 95.7517 136.762 86.2071 82.0798 66.406 61.6211 61.2761 58.8292 81.7037 65.3055 58.5066 56.9511 61.729 54.9009 48.285 47.1587 242.368 40.68 40.2729 49.0215 36.7009 35.3755
threshold=0.68435125246270767 0.40075757575757581 0.77647549428445284 0.46589147286821714 0.43650793650793657 0.58578431372549034 0.18893421723610401 0.45534290271132383 0.24264705882352944 0.79324593901396423 0.39444444444444454 0.5629401408450706 0.21483516483516488 0.48714568226763355 0.85258609734400825 0.18333333333333338 0.8738636363636364 0.13994288045695638 0.3943381180223286 0.58578431372549034 1.0000000180025095e-35 0.71111518186073985 0.3944308050135677 1.0000000180025095e-35 0.26639784946236561 0.29285714285714287 0.15476190476190479 0.8451542588866533 0.72821969696969713 0.25176056338028174 0.90632697044334987 0.18333333333333338 0.44586453923803326 0.24440019910403191 1.0000000180025095e-35 0.97685135569606707 0.23611111111111113 0.63333333333333341 0.5300120048019209 0.36729047364012141 0.7416573971078978 0.16843971631205676 0.64583333333333337 0.50301204819277123
decision_type=2 2 2 2 2 2 2 2 2 2 2 2 2 2 2 2 2 2 2 2 2 2 2 2 2 2 2 2 2 2 2 2 2 2 2 2 2 2 2 2 2 2 2 2
left_child=1 7 5 4 6 10 14 19 36 12 37 25 28 17 16 18 32 -7 27 24 -9 22 23 -22 -1 -12 -14 -8 39 -11 31 -31 -2 34 -26 -20 -4 -3 -39 -6 41 -16 -23 -5
right_child=3 2 8 43 9 13 15 20 -10 29 11 -13 26 -15 40 -17 -18 -19 35 -21 21 42 -24 -25 33 -27 -28 -29 -30 30 -32 -33 -34 -35 -36 -37 -38 38 -40 -41 -42 -43 -44 -45
leaf_value=0.026552131583972963 0.038108386005245708 -0.16332336129490294 -0.15705428648194372 -0.029422216921379078 -0.097118367673402498 0.041034514204512734 -0.11299534581107057 0.10763759209002208 0.1020127803130845 0.10494146751304995 -0.15420932494644723 0.092970312550459205 -0.1226770290456876 0.10643216874732106 -0.11162284962722209 0.077952869529804819 0.038211079982758404 -0.12728438568051756 -0.15074609023770758 0.069631711679732922 0.031036224789163951 -0.066595953427178459 0.094591572559458756 -0.15187194890120839 -0.12504154110334406 0.097378927154658679 0.089816413207735035 0.019463146314306047 0.087510840132946729 -0.014841950480874879 0.093155965606826249 0.1095568568312331 -0.1270612218709736 -0.16451649514181088 0.017109332612757829 0.039940661550697802 0.10127034676082819 -0.15638045090912703 0.026413120309395355 0.080416766712158042 0.090619978131268319 0.060093147932695559 0.090137017199970748 0.10813065560439757
leaf_weight=34.15335613489151 15.771122023463247 7839.8127609938383 65.251017063856125 11.971006810665129 21.948690742254257 44.595922246575356 47.690370246767998 945.5188006311655 327.54819341003895 2075.599751830101 1276.0736629664898 201.75093358755112 100.74108044803143 126.41973493993282 14.573279678821562 38.395702362060547 101.93947413563728 71.253550156950951 579.42670221626759 33.021921694278717 54.835695192217827 9.6882907301187497 36.252661466598511 50.034465119242668 48.320438116788864 8.3535107076168043 10.382331505417822 42.516682699322701 143.27084577083588 94.618956208229065 400.46498952805996 37.797228217124939 105.81330706179142 74.140385523438454 32.837546125054359 9.8270377367734891 4.9846048504114142 479.68493536114693 51.397175177931786 13.244832336902617 226.91874885559082 39.423607751727104 731.89134791493416 27788.790496766567
leaf_count=99 44 31287 257 38 78 125 173 2440 852 5372 5011 524 373 326 53 103 285 267 2257 86 154 33 95 194 181 20 27 121 380 293 1050 96 396 295 95 27 12 1893 143 33 592 106 1932 71741
internal_value=0.0412639 -0.107688 -0.14303 0.099815 0.0441075 -0.151008 -0.0623129 0.0732238 0.0595071 0.0889917 -0.15535 -0.11924 0.000155825 0.0256559 0.0244969 -0.123314 -0.0400339 -0.0624905 -0.134688 -0.0650474 0.0900498 0.0712104 -0.0174865 -0.0562309 -0.0885223 -0.152573 -0.102824 -0.0505646 0.0642775 0.098854 0.0751431 0.0206668 -0.105637 -0.11383 -0.0675255 -0.147566 -0.138721 -0.161761 -0.13869 -0.0303043 0.0758439 0.0137485 0.0880894 0.108071
internal_weight=44468.9 12547.8 10497.1 31921.1 4120.36 10099.3 1222.3 2050.69 397.784 2898.07 9857.07 1486.18 289.588 242.269 504.44 717.856 223.524 115.849 679.461 222.474 1828.22 882.702 141.123 104.87 189.452 1284.43 111.123 90.2071 178.464 2608.48 532.881 132.416 121.584 155.298 81.158 589.254 70.2356 8370.89 531.082 35.1935 280.916 53.9969 741.58 27800.8
internal_count=129959 46321 40717 83638 11859 39596 4157 5604 1121 7702 38878 5555 891 718 1476 2681 725 392 2578 756 4848 2408 443 348 670 5031 400 294 491 6811 1439 389 440 571 276 2284 269 33323 2036 111 751 159 1965 71779
is_linear=0
shrinkage=0.08


Tree=4
num_leaves=45
num_cat=0
split_feature=17 20 23 8 19 18 8 4 18 8 18 18 8 7 4 8 18 22 17 9 19 6 5 23 9 4 9 7 4 3 17 13 19 14 9 18 5 12 9 7 3 22 7 17
split_gain=53360.7 10615.4 2252.71 2147.51 2715.26 1091.24 1182.61 851.315 461.832 412.822 365.154 230.542 223.762 215.039 170.623 122.629 1018.71 210.791 102.893 97.0857 92.9807 74.4668 170.327 109.451 68.4089 66.156 65.3335 63.0967 61.8205 94.1646 67.9012 60.5678 58.3139 54.024 51.8161 49.9958 49.3146 47.6224 44.8789 38.2835 32.8575 32.0845 30.8719 30.4752
threshold=0.68435125246270767 0.36898982894128535 0.77647549428445284 0.46589147286821714 0.43650793650793657 0.46862745098039221 0.48714568226763355 0.18893421723610401 0.24264705882352944 0.45534290271132383 0.65476190476190488 0.69615384615384623 0.076197387518142215 0.22500000000000003 0.25176056338028174 0.48714568226763355 0.24264705882352944 1.0000000180025095e-35 0.94908607510800946 0.8738636363636364 0.63333333333333341 1.0000000180025095e-35 0.99572649572649585 0.71111518186073985 0.33558558558558566 0.24859550561797758 0.79205974842767313 0.18333333333333338 0.28743545611015497 0.48934240362811798 0.90948107686305113 1.0000000180025095e-35 0.43650793650793657 0.05634920634920635 0.407785336356765 0.81534090909090928 0.075710532600907585 0.089719939627704207 0.74037037037037046 0.18333333333333338 0.50301204819277123 1.0000000180025095e-35 0.29285714285714287 0.57821912650602425
decision_type=2 2 2 2 2 2 2 2 2 2 2 2 2 2 2 2 2 2 2 2 2 2 2 2 2 2 2 2 2 2 2 2 2 2 2 2 2 2 2 2 2 2 2 2
left_child=1 9 5 4 7 15 12 11 43 25 14 19 20 18 36 42 32 -18 24 37 -7 -11 -23 33 -9 26 -1 34 -12 30 -30 -27 -17 -24 -16 38 -6 -2 -13 -14 -5 -21 -3 -4
right_child=3 2 8 40 10 6 -8 13 -10 21 28 35 39 -15 27 16 17 -19 -20 41 -22 22 23 -25 -26 31 -28 -29 29 -31 -32 -33 -34 -35 -36 -37 -38 -39 -40 -41 -42 -43 -44 -45
leaf_value=-0.092907516952864366 -0.16372149259749968 -0.1506816098960968 -0.14480266442466716 -0.026831034284234574 -0.083508807541226845 -0.068524041456038867 0.096217117559894427 -0.039192641566313052 0.09900707066964208 0.10476340069092299 0.10056368630210978 -0.061523812761417655 -0.14352809359146862 0.095652232551709779 0.037548585022021679 -0.15166067880244369 -0.10671067226924803 0.067640904304500191 0.021784143473072785 -0.020861487567087826 0.075546735195529374 -0.19829387611643742 -0.028062528767200275 0.088245654897259038 -0.13643711066545719 0.10777952838333256 0.046157280768779743 0.092913546547078479 -0.094689276637478184 0.088634967630355457 0.046032163125263106 -0.13750246669923386 -0.063889069318872671 0.096541351629700942 -0.12958289741352841 0.093168159034337852 0.064253092487325247 -0.055083195554715081 0.053634999871593786 0.069693717104065578 0.10517958644709613 0.083124489431586443 0.044660975654261498 0.034410838084036451
leaf_weight=33.839152693748474 39.040331020951271 7349.8886557966471 63.481034517288208 12.072451457381247 16.124688878655434 87.137890353798866 248.73238945007324 50.111904248595238 318.82485362887383 872.6604630947113 2121.4953912496567 28.233182206749916 427.80615907907486 30.213567093014717 13.949296236038206 1736.2923334687948 58.495377525687218 183.90076498687267 30.281166553497314 44.068319618701935 42.727495178580284 14.742817863821982 85.929424837231636 687.09306088089943 608.32968588173389 7.2698565721511832 59.883185878396034 11.62454569339752 33.410246178507805 290.91084000468254 63.949376583099365 56.650753483176231 49.834889799356461 30.059169039130211 79.726819932460785 181.47430399060249 139.63368128240108 76.283514812588692 93.005899637937546 5.4580124467611304 26342.193512797356 33.369860142469406 5.1814959198236457 6.7151266634464255
leaf_count=119 155 29360 250 38 59 297 680 160 871 2377 5773 95 1678 80 38 6954 215 489 87 136 110 62 273 1886 2354 19 167 32 121 788 193 219 167 81 302 486 396 252 267 14 71741 85 14 19
internal_value=0.0396423 -0.0999442 -0.130833 0.0968425 0.0421092 -0.138043 -0.0490633 -0.0576356 0.0581068 0.0769628 0.0858258 0.0230482 -0.113233 -0.113241 -0.00422141 -0.145741 -0.128327 0.0255661 -0.122405 -0.0453365 -0.0211228 0.0885089 0.0711646 0.0761112 -0.129036 -0.0468524 -0.00405311 -0.0828806 0.0951923 0.0658433 -0.00225827 -0.109606 -0.149212 0.00422935 -0.104695 0.0665943 0.0489562 -0.0918603 0.0268177 -0.140842 0.105119 0.0239484 -0.150544 -0.127659
internal_weight=42772.1 12432.6 10584.5 30339.5 3985.24 10195.5 811.862 1214.41 389.021 1848.13 2770.82 495.475 563.13 718.936 261.059 9383.59 2028.52 242.396 688.723 192.762 129.865 1690.48 817.824 803.082 658.442 157.643 93.7223 105.301 2509.77 388.27 97.3596 63.9206 1786.13 115.989 93.6761 302.713 155.758 115.324 121.239 433.264 26354.3 77.4382 7355.07 70.1962
internal_count=129959 46321 41118 83638 11859 39978 2779 4157 1140 5203 7702 1476 2099 2681 827 37199 7825 704 2601 628 407 4679 2302 2240 2514 524 286 372 6875 1102 314 238 7121 354 340 848 455 407 362 1692 71779 221 29374 269
is_linear=0
shrinkage=0.08


Tree=5
num_leaves=45
num_cat=0
split_feature=17 20 8 19 23 18 4 18 8 17 18 8 1 17 8 7 9 23 9 8 3 6 5 23 17 4 7 9 18 15 20 9 20 19 7 19 19 23 17 9 9 9 23 1
split_gain=47263.4 9105.56 2020.94 2388.12 1914.97 948.379 774.895 407.069 370.447 338.653 299.032 1276.17 255.371 200.975 200.879 137.124 131.403 102.699 101.046 91.2909 77.132 72.8674 145.514 100.636 66.2461 65.9696 78.509 72.4018 60.0942 59.4224 56.395 56.3749 51.047 69.8267 49.3294 48.2362 38.89 37.971 35.7962 34.9725 34.53 33.1775 33.6056 32.9781
threshold=0.68435125246270767 0.36898982894128535 0.43826219512195125 0.43650793650793657 0.77647549428445284 0.58578431372549034 0.17712418300653601 0.24264705882352944 0.45534290271132383 0.80131578947368431 0.39444444444444454 0.5629401408450706 0.21483516483516488 0.86287939833467642 0.47722567287784684 0.18333333333333338 0.8738636363636364 0.3362561475409836 0.33558558558558566 0.080540540540540509 0.48934240362811798 1.0000000180025095e-35 0.99572649572649585 0.71111518186073985 0.9737334910309482 0.28743545611015497 0.13392857142857145 0.551981471950592 0.58578431372549034 0.53977992014801845 0.26639784946236561 0.72456896551724148 0.4839989759344599 0.43650793650793657 0.15476190476190479 0.19090909090909094 0.23611111111111113 0.36729047364012141 0.82250527585167332 0.81530214424951275 0.55137227304714997 0.7416573971078978 0.42222509405243974 0.23845060412224597
decision_type=2 2 2 2 2 2 2 2 2 2 2 2 2 2 2 2 2 2 2 2 2 2 2 2 2 2 2 2 2 2 2 2 2 2 2 2 2 2 2 2 2 2 2 2
left_child=1 8 3 6 5 10 13 36 28 12 32 19 31 16 17 18 29 39 38 -12 -4 -10 -23 35 -20 -11 27 -27 30 -2 -1 37 33 -3 40 -24 -6 -5 -8 -7 -14 42 -15 -32
right_child=2 4 20 9 7 14 15 -9 21 25 11 -13 34 41 -16 -17 -18 -19 24 -21 -22 22 23 -25 -26 26 -28 -29 -30 -31 43 -33 -34 -35 -36 -37 -38 -39 -40 -41 -42 -43 -44 -45
leaf_value=0.025120756277676355 -0.00079157532124531863 -0.13144596450058316 -0.069103117978016146 -0.091306993312547727 -0.13466635336306235 -0.061363534265475216 -0.086669297154496241 0.096142508733567528 0.10215655954997792 0.098494981725053513 -0.07853275615291945 0.087781827387501107 -0.044726891691394009 -0.059261811052539935 0.10098741913669847 0.070760845285695886 0.036565193969584971 -0.11517039200410428 -0.13014126186666614 -0.13775516785914044 0.10251124195728811 -0.17762701229208347 -0.024845248213885136 0.085038427618548212 0.044985059122593284 0.082661855425223529 0.10395194470981556 -0.023336533922950459 0.071657276174520612 -0.12049128283830586 -0.051849999772703728 0.082284518882369345 -0.13971436003291124 -0.047047354255353294 0.096859355913552589 0.096988940767097062 0.099354157263837242 0.075752188184324554 0.033591097556618703 0.071846835635074144 -0.13944283501091373 0.089098730872563703 0.083747897395105381 -0.14463320407923222
leaf_weight=33.323811829090118 37.996528312563896 207.95363539457321 16.772525504231453 22.953462436795235 64.839138597249985 18.167245507240295 28.747185423970222 302.71982058882713 825.27389922738075 1959.1282925307751 196.34350530803204 201.20006395876408 38.507359996438026 21.453596860170364 120.07118272781372 26.142455026507378 105.61488357186317 63.556865096092224 593.54585933685303 1099.1027202010155 25012.806347340345 15.122568428516386 87.935180649161339 657.20264999568462 14.153765827417372 72.060856312513351 134.55116038024426 96.427809879183769 24.477754354476929 88.050893202424049 52.377816542983055 150.83319242298603 8025.5112951248884 89.843002632260323 8.3252265155315381 27.240299865603447 4.8873119056224814 14.029640465974806 35.282306909561157 41.259348705410957 68.373107001185417 196.85700780153275 20.627626374363899 46.091358870267868
leaf_count=99 115 824 59 81 257 62 100 871 2377 5615 694 565 125 73 343 75 303 241 2322 4404 72042 62 279 1886 39 200 371 326 65 329 175 434 32431 304 23 75 12 37 98 110 266 551 54 185
internal_value=0.0382339 -0.09368 0.0942061 0.0393017 -0.122131 -0.128724 -0.0554967 0.0560032 0.07415 0.0824834 -0.132588 -0.099666 0.00306289 0.0238381 0.0273821 -0.108995 -0.0292564 -0.0444801 -0.115991 -0.128779 0.102396 0.0855455 0.0681378 0.0729497 -0.126062 0.093122 0.0583859 0.0219979 -0.0434566 -0.0844082 -0.0648366 0.0605815 -0.138508 -0.105984 -0.090708 0.00396991 -0.118263 -0.0279326 -0.020402 0.0311232 -0.105318 0.0753159 0.0108395 -0.0952799
internal_weight=40967.7 12204.5 28763.2 3733.66 10435.5 10063 1168.47 372.446 1769.05 2565.19 9819.95 1496.65 303.022 470.601 243.055 697.872 231.662 122.983 671.729 1295.45 25029.6 1612.77 787.501 772.378 607.7 2262.17 303.04 168.489 156.271 126.047 131.793 187.816 8323.31 297.797 115.206 115.175 69.7265 36.9831 64.0295 59.4266 106.88 238.938 42.0812 98.4692
internal_count=129959 46321 83638 11537 41118 39978 4059 1140 5203 7478 39222 5663 966 1425 756 2634 747 413 2559 5098 72101 4679 2302 2240 2361 6512 897 526 524 444 459 552 33559 1128 414 354 269 118 198 172 391 678 127 360
is_linear=0
shrinkage=0.08


Tree=6
num_leaves=45
num_cat=0
split_feature=17 20 23 8 19 18 8 1 18 17 18 8 8 17 4 7 4 15 6 23 18 13 23 9 8 19 17 4 17 11 11 9 3 7 9 15 8 17 9 9 9 19 22 12
split_gain=42057.2 7843.57 2002.27 1591.79 1887.83 829.436 589.928 585.821 311.684 264.933 256.577 1173.55 243.193 195.986 192.908 178.353 98.5959 94.951 93.6811 163.095 107.288 132.626 88.7204 75.2802 73.9027 63.1648 61.0526 50.8 62.1068 49.0635 45.3182 44.9822 47.1195 42.9754 41.1055 39.2942 69.5185 36.0608 35.7381 35.1576 32.1874 30.9976 30.8675 30.0056
threshold=0.69705627705627715 0.41752907286887875 0.77911068036441178 0.46589147286821714 0.43650793650793657 0.58578431372549034 0.44610281923714762 0.22378716744913932 0.324561403508772 0.80131578947368431 0.39444444444444454 0.5629401408450706 0.47722567287784684 0.83680706325083243 0.20144927536231885 0.13392857142857145 0.24859550561797758 0.53429886019031703 1.0000000180025095e-35 0.72321633010758724 0.24264705882352944 1.0000000180025095e-35 0.3362561475409836 0.7416573971078978 0.080540540540540509 0.23611111111111113 0.88066547993975086 0.24316334072431636 0.90632697044334987 1.0000000180025095e-35 1.0000000180025095e-35 0.7416573971078978 0.16843971631205676 0.18333333333333338 0.79205974842767313 0.67507961783439507 0.46589147286821714 0.42358736598087515 0.59850746268656729 0.8738636363636364 0.78629976580796257 0.63333333333333341 1.0000000180025095e-35 0.10762548262548262
decision_type=2 2 2 2 2 2 2 2 2 2 2 2 2 2 2 2 2 2 2 2 2 2 2 2 2 2 2 2 2 2 2 2 2 2 2 2 2 2 2 2 2 2 2 2
left_child=1 6 5 4 7 10 16 13 25 14 35 24 22 17 34 26 23 -2 -8 20 21 -20 40 43 -12 -4 -9 -11 33 -18 -16 32 -15 -29 -6 41 -37 -25 -28 -19 -7 -3 -13 -1
right_child=3 2 8 -5 9 12 18 15 -10 27 11 42 -14 31 30 -17 29 39 19 -21 -22 -23 -24 37 -26 -27 38 28 -30 -31 -32 -33 -34 -35 -36 36 -38 -39 -40 -41 -42 -43 -44 -45
leaf_value=-0.14790686271905526 0.036173988642282787 -0.13241704678411118 -0.12537942198445362 0.10028608115073379 -0.0051612491903385077 -0.079280667577941333 0.09982196435163157 -0.12428572090793162 0.097681241169325597 0.097120351373410296 -0.076547946635470696 0.0097518122684047276 0.096389846491851547 -0.098426767866416576 -0.091758804535709934 0.068548152746049557 -0.12050096850000977 -0.10824513795599795 0.032580095805235666 0.079706966942051996 0.088197286310381443 -0.13854390762633023 -0.11350016249367618 -0.05116717261300692 -0.13017623216837074 0.09080186927832154 -0.015491436525610401 -0.0091414089593570402 0.084232079024197992 0.11111874717826169 0.10945373707929357 0.077102220804188742 0.042689527832101462 0.1020755684135829 0.085837282536386866 -0.12580548207071313 0.11960576228806911 0.055806021583979355 -0.10231023949955993 -0.020398494309451936 0.055845744784508773 -0.11197928386954256 0.098205198737818633 -0.011306118039383851
leaf_weight=26.99342143535614 65.82941435277462 7538.9332962036133 56.6259645819664 23375.49231800437 43.373836725950241 15.567178025841711 821.33226926624775 429.99596819281578 318.23930011689663 1732.0381870120764 192.51407644152641 29.614543274044991 130.45513986051083 20.136944994330406 98.657071903347969 38.228384867310524 102.36356040835381 93.595040485262871 59.010462701320648 645.92383369803429 50.531961038708687 56.969039589166641 76.492929682135582 26.960296511650085 1128.4244932085276 10.209654614329336 59.117510885000229 90.994552612304688 367.66309523582458 6.208094745874404 7.7246965467929831 226.3191252797842 61.068608745932579 29.427084624767303 118.74605192244053 22.151776686310768 11.083711609244345 80.053702756762505 62.347583413124084 42.350927636027336 40.985047817230225 506.87453453242779 171.3031610250473 16.632845252752304
leaf_count=107 189 31180 229 71383 139 55 2497 1711 962 5249 688 99 397 72 359 113 405 348 166 1944 148 225 296 91 4610 29 187 286 1097 17 21 665 173 87 353 90 26 222 238 134 116 2010 495 51
internal_value=0.0369962 -0.0866334 -0.114266 0.0926711 0.0430546 -0.121252 0.0629804 -0.044273 0.0646974 0.081619 -0.125095 -0.0949623 0.0187751 0.0185763 0.00656166 -0.0985544 -0.0491399 -0.04269 0.0807693 0.061508 -0.00908865 -0.0514759 -0.0573286 -0.00725283 -0.12236 -0.0923561 -0.110138 0.0906964 0.0679001 -0.107257 -0.0771482 0.0587747 0.00769622 0.0180364 0.0614914 -0.130771 -0.0439632 0.028856 -0.0600552 -0.0808785 0.0186494 -0.131129 0.0851675 -0.0958268
internal_weight=39105.6 12142.5 10249.5 26963.1 3587.61 9864.4 1892.98 1098.99 385.075 2488.62 9600.9 1521.86 263.5 509.3 268.502 589.689 259.212 201.775 1633.77 812.435 166.511 115.98 133.045 150.64 1320.94 66.8356 551.461 2220.12 488.085 108.572 106.382 307.525 81.2056 120.422 162.12 8079.04 33.2355 107.014 121.465 135.946 56.5522 8045.81 200.918 43.6263
internal_count=129959 47155 41282 82804 11421 40062 5873 3830 1220 7591 39198 5892 864 1581 872 2249 893 671 4980 2483 539 391 467 471 5298 258 2136 6719 1470 422 380 910 245 373 492 33306 116 313 425 482 171 33190 594 158
is_linear=0
shrinkage=0.08


Tree=7
num_leaves=45
num_cat=0
split_feature=17 20 23 8 19 18 8 1 18 18 18 8 8 17 7 1 6 23 17 13 1 15 3 23 17 9 4 17 11 19 9 2 1 7 5 9 23 2 15 2 15 3 17 19
split_gain=37577.5 6842.88 1738.78 1506.46 1685.14 720.412 528.338 505.612 278.921 246.45 228.343 1024.43 216.461 170.42 153.987 101.592 91.2087 146.777 94.9831 108.518 86.7085 80.3452 76.2455 76.1447 66.3951 59.1047 58.2741 88.5165 54.5775 54.4399 48.6984 48.687 47.0098 42.8326 42.3177 41.0138 41.2356 37.0551 34.3493 60.9142 31.7445 31.0806 30.8749 30.1819
threshold=0.69705627705627715 0.41752907286887875 0.77911068036441178 0.46589147286821714 0.43650793650793657 0.58578431372549034 0.44610281923714762 0.22378716744913932 0.324561403508772 0.65476190476190488 0.39444444444444454 0.48714568226763355 0.47722567287784684 0.83680706325083243 0.18333333333333338 0.27320574162679429 1.0000000180025095e-35 0.72321633010758724 0.37341365461847398 1.0000000180025095e-35 0.23845060412224597 0.53429886019031703 0.25227272727272732 0.3362561475409836 0.42358736598087515 0.42163742690058487 0.21132376395534294 0.90336728919071885 1.0000000180025095e-35 0.23611111111111113 0.53907203907203916 0.67996467861864118 0.074537037037037027 0.18333333333333338 0.075710532600907585 0.7416573971078978 0.42222509405243974 0.6150939542483661 0.67507961783439507 0.84048199385155919 0.52559423544825024 0.5147186147186148 0.89668856048166401 0.63333333333333341
decision_type=2 2 2 2 2 2 2 2 2 2 2 2 2 2 2 2 2 2 2 2 2 2 2 2 2 2 2 2 2 2 2 2 2 2 2 2 2 2 2 2 2 2 2 2
left_child=1 6 5 4 7 10 20 13 29 15 38 22 23 21 25 34 -8 18 19 -18 24 -2 -12 40 -1 37 -11 30 -22 -4 -28 -13 -26 -17 -6 36 -15 -9 43 -40 -7 -5 -27 -3
right_child=3 2 8 41 9 12 16 14 -10 26 11 31 -14 35 -16 33 17 -19 -20 -21 28 -23 -24 -25 32 42 27 -29 -30 -31 -32 -33 -34 -35 -36 -37 -38 -39 39 -41 -42 -43 -44 -45
leaf_value=-0.089121139117027751 0.03369219887113508 -0.12556057714249311 -0.11725040542905864 -0.02271617741777579 -0.092112949055325036 0.055757645291599198 0.097713940534780871 -0.056480394771061856 0.095460163055713074 0.095023726520649859 -0.074433813165258281 -0.054685482564745057 0.094143680633916135 -0.059081301410588212 0.073093384982260076 -0.091588061017420883 0.030306327835402325 0.076793463711291782 0.08841716965042544 -0.12379425081403911 -0.11543620886349441 -0.074411433793989151 -0.12600380912820625 -0.10590019587985587 -0.10258695295617193 -0.12167993901055119 0.068665626321533321 0.082691494776184427 0.10872797762107413 0.087778058919208687 -0.032629080394379548 0.083869685846785308 0.050960402211795264 0.091631350837482764 0.05585479295410533 0.073970331227061051 0.056583128720312771 0.12121636673553807 -0.11531326097895296 0.12208028377032774 -0.078053639901069463 0.098338056548041883 -0.064499141757986475 -0.1051852975744606
leaf_weight=43.204365149140358 65.057162433862686 7323.2690059095621 55.742869406938553 13.58243642747402 13.76136529445648 39.682698518037796 773.86857478320599 65.193454593420029 300.32604648172855 1607.2105624228716 222.45705848932266 17.697310224175453 123.18042865395546 34.444909170269966 33.893363207578659 73.940635770559311 58.389329254627228 617.95576180517673 46.371486634016037 58.59656822681427 101.20626583695412 135.94683925807476 1047.3426905721426 75.464745283126831 14.901062026619909 400.55658607184887 49.541306257247925 412.79513038694859 7.4638718068599692 9.7360047250986081 78.515945270657539 195.90818291902542 88.852649420499802 9.1798575818538648 122.34123694896698 217.40046572685242 46.165856823325157 8.4883975833654386 22.283469587564468 10.032035946846007 15.889945328235624 21990.610694766045 71.172922685742378 496.85216030478477
leaf_count=157 189 31180 229 45 52 113 2497 224 962 5147 809 63 397 117 103 273 166 1944 142 231 409 482 4419 296 56 1647 139 1296 21 29 272 601 250 29 383 665 128 19 92 24 58 71338 256 2010
internal_value=0.0359011 -0.0823218 -0.10834 0.0905613 0.0413746 -0.11487 0.0607275 -0.04152 0.062842 0.0791339 -0.118488 -0.0897021 0.0180053 0.017503 -0.0923627 -0.00166576 0.0782471 0.0589657 -0.00847416 -0.0468805 -0.0458574 -0.0394225 -0.116969 -0.0535678 -0.00579152 -0.102645 0.08738 0.0646656 -0.10004 -0.0867649 0.00655864 0.0723903 0.028908 -0.0713532 0.0408937 0.0558984 0.00715982 -0.0360091 -0.123926 -0.0416167 0.0174968 0.0982633 -0.113053 -0.124266
internal_weight=37216.5 11766.7 9955.86 25449.8 3445.61 9590.06 1810.81 1078.32 365.805 2367.29 9335.84 1483.41 254.218 499.015 579.305 219.223 1555.18 781.313 163.357 116.986 255.628 201.004 1269.8 131.037 146.958 545.411 2148.06 540.852 108.67 65.4789 128.057 213.605 103.754 83.1205 136.103 298.011 80.6108 73.6819 7852.44 32.3155 55.5726 22004.2 471.73 7820.12
internal_count=129959 47155 41282 82804 11421 40062 5873 3830 1220 7591 39198 5892 864 1581 2249 737 4980 2483 539 397 893 671 5228 467 463 2146 6854 1707 430 258 411 664 306 302 435 910 245 243 33306 116 171 71383 1903 33190
is_linear=0
shrinkage=0.08


Tree=8
num_leaves=45
num_cat=0
split_feature=17 20 23 8 19 18 4 8 18 17 18 8 8 1 18 9 7 6 5 23 8 15 9 18 18 3 12 4 7 9 22 20 4 19 22 19 8 7 17 9 16 9 19 17
split_gain=33676.5 6009.08 1542.3 1433.37 1491.1 639.874 477.16 406.805 297.952 231.858 210.135 898.932 185.246 171.178 142.238 88.6465 87.2417 82.0283 131.454 89.3627 79.4906 70.2887 68.825 68.1764 66.8875 62.3364 62.2529 59.4997 64.8307 65.776 50.3902 48.3731 40.7757 40.4242 38.8698 38.6694 195.754 36.7561 33.1072 32.8499 31.3634 29.9502 27.3528 26.5537
threshold=0.69705627705627715 0.40075757575757581 0.77647549428445284 0.43826219512195125 0.43650793650793657 0.58578431372549034 0.18893421723610401 0.44610281923714762 0.24264705882352944 0.8102357049323442 0.39444444444444454 0.48714568226763355 0.47722567287784684 0.21483516483516488 0.81534090909090928 0.86425061425061445 0.18333333333333338 1.0000000180025095e-35 0.99572649572649585 0.72321633010758724 0.080540540540540509 0.45009225092250926 0.3943381180223286 0.58578431372549034 0.18898809523809526 0.48934240362811798 0.10063291139240506 0.27953488372093033 0.13392857142857145 0.551981471950592 1.0000000180025095e-35 0.26639784946236561 0.99593495934959353 0.63333333333333341 1.0000000180025095e-35 0.63333333333333341 0.5629401408450706 0.18333333333333338 0.89668856048166401 0.78153409090909098 0.78805704099821761 0.58995376208490968 0.63333333333333341 0.38814749780509222
decision_type=2 2 2 2 2 2 2 2 2 2 2 2 2 2 2 2 2 2 2 2 2 2 2 2 2 2 2 2 2 2 2 2 2 2 2 2 2 2 2 2 2 2 2 2
left_child=1 7 5 4 6 10 14 23 32 13 35 20 21 39 15 26 22 -9 -19 24 -12 -7 40 31 -20 -5 -2 -11 29 -29 -13 -1 -4 -33 -17 -3 -37 41 -24 42 -8 -15 -6 -35
right_child=3 2 8 25 9 12 16 17 -10 27 11 30 -14 37 -16 34 -18 18 19 -21 -22 -23 38 -25 -26 -27 -28 28 -30 -31 -32 33 -34 43 -36 36 -38 -39 -40 -41 -42 -43 -44 -45
leaf_value=0.028426241332549049 -0.10772045740349231 -0.11951601744744285 0.1284396068317919 -0.061180186284499005 -0.098932004168433785 0.042258980795962846 -0.073673427760808971 0.095859069185038392 0.090333382793595263 0.092187474981291595 -0.063580081064902136 -0.01515505205122609 0.092014384465948548 -0.03393330220389832 0.083955287651498192 0.0015874006480729702 0.069004591020146874 -0.16369367985395455 -0.032356428092127007 0.076910860510127854 -0.11918478360800258 -0.084206669193360603 -0.1149692951534316 0.065453927712924992 0.085683687572949835 0.096453622516959353 -0.0057895138772577834 0.078156754397771144 0.098041438039409914 -0.02191740072662034 0.088237248461598153 -0.10097298322410943 -0.11575802934655055 -0.11211521152853385 0.089730695030408189 -0.11346525201993432 0.051780419987969312 0.10160043362804333 -0.056982987939392243 0.078713962350711444 0.024504473836381626 -0.12315418044460778 0.038975811527263503 0.038773782771314297
leaf_weight=33.283661812543869 70.763453140854836 7110.4822901338339 4.7176934331655493 16.06790329515934 13.023617997765539 40.102051720023155 44.01369109749794 718.60123343765736 305.45441146194935 1615.4577465504408 195.20960159599781 36.692261725664139 114.64074443280697 41.986742272973061 154.4152200371027 80.960201218724251 21.768602222204208 16.748990401625633 95.08849261701107 578.88954526185989 1047.3032482117414 94.189380511641502 403.78213840723038 33.194147780537605 45.3880625218153 20759.743242949247 83.707772210240364 74.014542788267136 119.79444481432438 97.283369511365891 169.67163428664207 116.6496621966362 60.458365768194199 10.465743511915205 52.96821066737175 444.2942436337471 51.164403855800629 7.245234787464141 74.66933885216713 124.05107881128788 39.525598183274269 56.458613723516464 31.389405205845833 26.027612864971161
leaf_count=102 270 31332 12 58 49 121 157 2469 1039 5479 702 129 392 137 483 258 69 70 316 1900 4557 361 1705 94 144 71642 264 230 383 341 540 459 258 41 148 1903 138 22 268 408 113 225 95 76
internal_value=0.0349206 -0.0786196 -0.102837 0.0886474 0.0388706 -0.109213 -0.0406316 0.0613103 0.0572002 0.0762965 -0.112691 -0.0847683 0.0173216 0.00750592 0.0219913 -0.0111855 -0.0881346 0.0766321 0.0578625 0.063021 -0.110449 -0.0464415 -0.0942213 -0.0401776 0.00578241 0.0963317 -0.0524842 0.0861883 0.0528951 0.0213227 0.0698537 -0.0589857 -0.0980821 -0.0779836 0.0364478 -0.11801 -0.0964009 -0.072303 -0.10592 0.0575762 -0.0272217 -0.0851017 -0.0014641 -0.0044989
internal_weight=35331.8 11348.7 9674.38 23983.1 3207.28 9303.75 1026.57 1674.34 370.63 2180.7 9054.82 1448.88 248.932 274.155 442.815 288.4 583.759 1454.72 736.115 719.366 1242.51 134.291 561.991 219.621 140.477 20775.8 154.471 1906.55 291.092 171.298 206.364 186.427 65.1761 153.143 133.928 7605.94 495.459 105.691 478.451 168.464 83.5393 98.4454 44.413 36.4934
internal_count=129959 47155 41484 82804 11104 40175 3735 5671 1309 7369 39301 5928 874 936 1423 940 2312 4899 2430 2360 5259 482 2243 772 460 71700 534 6433 954 571 669 678 270 576 406 33373 2041 384 1973 552 270 362 144 117
is_linear=0
shrinkage=0.08


Tree=9
num_leaves=45
num_cat=0
split_feature=17 20 8 19 23 18 8 1 18 17 18 2 8 12 17 7 6 23 14 13 0 1 23 15 17 9 5 9 4 7 9 3 6 11 3 7 9 17 2 4 23 3 9 8
split_gain=30258.5 5310.96 1361.19 1350.14 1338 560.863 423.754 391.412 228.658 219.38 187.465 788.514 172.316 143.949 139.195 117.324 87.2972 119.592 75.1029 97.1056 74.4832 74.0598 63.8701 60.459 55.0854 52.8118 51.5196 47.859 47.1453 57.5212 73.8248 46.3811 45.6559 45.2576 41.9111 39.0642 33.7436 33.0475 166.241 30.5526 29.8711 29.4644 28.494 47.4167
threshold=0.69705627705627715 0.41752907286887875 0.46589147286821714 0.43650793650793657 0.77911068036441178 0.58578431372549034 0.44610281923714762 0.22378716744913932 0.324561403508772 0.8102357049323442 0.39444444444444454 0.8057728017872946 0.47722567287784684 0.19112850619699936 0.80131578947368431 0.13392857142857145 1.0000000180025095e-35 0.72321633010758724 0.059714795008912663 1.0000000180025095e-35 0.47222222222222227 0.24440019910403191 0.3362561475409836 0.53429886019031703 0.9737334910309482 0.79008567931456553 0.99572649572649585 0.7416573971078978 0.26138716356107666 0.18333333333333338 0.551981471950592 0.16843971631205676 1.0000000180025095e-35 1.0000000180025095e-35 0.86526825332795487 0.18333333333333338 0.47413024085637828 0.61736680752340722 0.83200611875956076 0.1438923395445135 0.21911548452030113 0.5147186147186148 0.68801229508196726 0.096006144393241191
decision_type=2 2 2 2 2 2 2 2 2 2 2 2 2 2 2 2 2 2 2 2 2 2 2 2 2 2 2 2 2 2 2 2 2 2 2 2 2 2 2 2 2 2 2 2
left_child=1 6 3 7 5 10 21 14 32 13 37 20 22 42 23 24 -8 18 19 -18 -12 25 -7 -2 34 40 -19 31 -11 30 -30 -16 -6 -23 -9 36 -15 -3 -39 -29 -1 -4 43 -5
right_child=2 4 41 9 8 12 16 15 -10 28 11 -13 -14 35 27 -17 17 26 -20 -21 -22 33 -24 -25 -26 -27 -28 39 29 -31 -32 -33 -34 -35 -36 -37 -38 38 -40 -41 -42 -43 -44 -45
leaf_value=-0.11227358424821313 0.022448736950309779 -0.11416507830887224 -0.023796760717476297 -0.16867918251442393 0.12329287361316386 0.018481016021172959 0.094157046373161968 -0.099035138010628562 0.091659694696508545 0.090803683670039492 -0.10509351939210508 0.085349798051879644 0.090204226407912244 -0.0037198970398944322 -0.088756771690669714 0.060652231428017615 0.031411453244432196 -0.16741898507631139 0.083386235899407732 -0.11556334110193532 0.083690518268981884 -0.1064418871907999 -0.095570469833057906 -0.085918884243124688 0.06480833588549223 0.034192385976645277 0.073932104344472963 0.069427404235423443 0.08086021867856906 0.097076713116419577 -0.010108867246175992 0.032423161364606663 -0.1025317751526177 0.10528994526604485 0.12969212308674738 0.091330351558654682 -0.10260230814687436 -0.10685846745466909 0.13028369536271422 -0.10130908202980585 0.0076700690624416333 0.094935972509625974 0.072530043939439473 0.066405018981480657
leaf_weight=33.539336562156677 49.987287387251854 7102.6690646857023 13.38555535674095 8.896257013082506 6.3911077976226798 55.161843925714493 683.66913215816021 498.18193155527115 266.80954650044441 1483.2620215862989 1216.0566426217556 160.82973337173462 109.3734524846077 31.181614607572556 28.188529953360558 34.198639065027237 58.47156435251236 5.7184558957815161 42.639497324824333 56.63730700314045 13.524176076054571 94.94358092546463 73.028556540608406 96.666219905018806 13.891558095812796 91.226339489221573 558.45398762822151 226.49375641345978 110.47938752174377 154.18160906434059 118.15640090405941 71.457023605704308 55.368227258324623 6.9327726960182181 5.1804284304380408 10.033893555402754 75.725126475095749 170.01763300597668 21.287948831915855 6.9124497771263114 22.008450582623482 19384.283353120089 131.1801935583353 14.346379086375235
leaf_count=131 150 32496 45 36 18 171 2497 2088 962 5348 5312 537 397 95 102 113 166 23 143 230 43 403 296 359 36 271 1921 731 358 523 410 212 240 21 12 33 298 760 50 27 67 71338 450 40
internal_value=0.0340371 -0.0753839 0.086913 0.0382991 -0.0989933 -0.104832 0.0566399 -0.0368856 0.0595512 0.0745702 -0.10815 -0.0812286 0.016442 0.0073606 0.0159603 -0.082856 0.0736698 0.0542682 -0.00730893 -0.0409049 -0.103017 -0.0396281 -0.0464928 -0.0489815 -0.0923441 -0.0032535 0.0714858 0.0445562 0.0843437 0.0593139 0.0338484 -0.00185719 -0.0791625 -0.0920334 -0.0966812 -0.0595958 -0.0737612 -0.113281 -0.08047 0.064371 -0.064751 0.094854 0.058065 -0.0235749
internal_weight=33471 10904.8 22566.3 3168.6 9250.52 8921.95 1654.24 1031.16 328.569 2137.44 8684.39 1390.41 237.564 271.363 479.705 551.453 1405.59 721.921 157.748 115.109 1229.58 248.65 128.19 146.654 517.254 146.774 564.172 333.052 1866.08 382.817 228.636 99.6456 61.7593 101.876 503.362 116.941 106.907 7293.97 191.306 233.406 55.5478 19397.7 154.423 23.2426
internal_count=129959 47155 82804 11421 41282 40062 5873 3830 1220 7591 39198 5892 864 952 1581 2249 4980 2483 539 396 5355 893 467 509 2136 469 1944 1072 6639 1291 768 314 258 424 2100 426 393 33306 810 758 198 71383 526 76
is_linear=0
shrinkage=0.08


Tree=10
num_leaves=45
num_cat=0
split_feature=17 20 8 18 23 18 8 8 1 19 18 7 9 4 9 1 6 0 19 12 17 17 8 23 17 1 7 16 14 19 7 22 19 19 17 1 17 7 11 22 20 19 9 17
split_gain=27246.1 4712.59 1297.16 1262.61 1175.14 481.786 626.39 450.915 287.387 208.199 205.216 142.517 112.624 107.432 104.09 100.204 89.7153 110.387 82.4023 80.6406 80.179 77.5803 508.479 53.7856 62.2804 50.2049 46.8551 44.6707 43.4321 41.8434 41.434 38.7026 41.0598 38.5773 35.6077 35.4507 51.3654 44.1663 35.0566 31.9334 30.9778 63.2002 29.5075 27.4563
threshold=0.69705627705627715 0.43111357165453973 0.48714568226763355 0.74166666666666681 0.77911068036441178 0.46862745098039221 0.51925925925925942 0.44610281923714762 0.20550527903469087 0.30952380952380959 0.324561403508772 0.18333333333333338 0.3504385964912281 0.1438923395445135 0.80901722391084097 0.22378716744913932 1.0000000180025095e-35 0.58571428571428574 0.41428571428571431 0.089719939627704207 0.45727098014093537 0.57821912650602425 0.60120481927710856 0.73676039902126866 0.39141936968023933 0.27320574162679429 0.18333333333333338 0.89482604817127576 1.0000000180025095e-35 0.23611111111111113 0.22500000000000003 1.0000000180025095e-35 0.63333333333333341 0.43650793650793657 0.84756987316197119 0.1956001912960306 0.92695630081300828 0.18333333333333338 1.0000000180025095e-35 1.0000000180025095e-35 0.57511061946902664 0.63333333333333341 0.53378995433789966 0.72240143369175647
decision_type=2 2 2 2 2 2 2 2 2 2 2 2 2 2 2 2 2 2 2 2 2 2 2 2 2 2 2 2 2 2 2 2 2 2 2 2 2 2 2 2 2 2 2 2
left_child=1 7 3 8 5 21 13 20 14 15 29 12 43 18 19 -5 -9 -18 -7 -2 28 40 38 24 -19 31 -15 -14 -1 -6 42 32 -22 39 -21 -11 37 -37 -23 -16 41 -3 -17 -10
right_child=2 4 -4 9 10 6 -8 16 11 35 -12 -13 27 26 33 30 17 23 -20 34 25 22 -24 -25 -26 -27 -28 -29 -30 -31 -32 -33 -34 -35 -36 36 -38 -39 -40 -41 -42 -43 -44 -45
leaf_value=0.10276005389908352 -0.1231528910409089 -0.10161776126770825 0.093539260598676094 0.050962653482213793 -0.10247735776168146 -0.080357527593115652 0.085949525140228536 0.09284010743788132 -0.11793498458111978 0.09036598219653097 0.089904704407944069 0.073227748980990465 -0.099707209640838276 -0.10717556445251772 -0.020363374283069717 -0.0078399960905856016 -0.072087041716970154 -0.018534986187231841 0.044081401968760626 -0.027065176757442515 -0.058338011240569719 -0.1066076653746225 0.094041106588363288 0.072100143485300278 0.091541080510295234 -0.077194072335801264 0.07790198328693157 0.030057137881533427 -0.095697079161400911 0.084672869930166123 0.086462264723606047 0.088165256942949424 0.07597884241669671 0.080587967784735814 0.065140502982182033 -0.002738001139529329 0.080643228058786182 0.096151628742818906 0.053619831767512373 0.069456005022928841 -0.11174290258739174 -0.017315304662773263 -0.088824342927296587 0.048546344783744394
leaf_weight=7.4725590050220481 45.531117841601372 552.95233948528767 18089.864883348346 185.5565175563097 51.343143969774246 71.740482032299042 189.46326120197773 650.31011115014553 7.3259022533893576 1260.0653903186321 248.12543293833733 40.057320907711983 477.23059982061386 403.05214393138885 64.445522040128708 48.861784934997559 43.325916394591331 100.4456852376461 64.836557745933533 88.10411548614502 40.685521304607391 829.81327719986439 91.14249724149704 510.06874902546406 48.916455492377281 38.473543897271156 8.9488234817981702 17.604533508419991 127.09355314075947 8.9836853295564634 14.779098972678183 42.874088764190674 22.688603579998016 124.43958267569542 38.525425016880035 103.49001349508762 400.89894637465477 40.106535762548447 8.8323012888431531 41.740835264325142 6218.631255954504 63.44397534430027 70.112010806798935 47.111539915204048
leaf_count=23 186 2599 71053 625 229 270 709 2525 28 4802 952 147 2068 1837 206 159 162 350 189 309 146 3881 275 1839 170 159 25 60 533 29 52 114 64 455 125 365 1463 145 27 123 29808 240 294 139
internal_value=0.0332371 -0.0725322 0.0853274 0.0376537 -0.0956625 -0.101227 -0.0394595 0.0523229 -0.0368554 0.0724589 0.0577295 -0.0724514 -0.0830755 -0.0827722 0.0152261 0.012914 0.0714257 0.0516095 -0.0212832 -0.031844 -0.0402244 -0.107098 -0.085417 0.0597366 0.0175152 0.00110845 -0.103156 -0.0950906 -0.0846766 -0.0746075 -0.0398713 0.0294626 -0.0102512 0.0503636 0.000987227 0.0829951 0.0659376 0.0248819 -0.10492 0.0149438 -0.110047 -0.0929407 -0.0555646 0.0261422
internal_weight=31649.5 10443.7 21205.9 3115.99 8811.31 8502.86 738.041 1632.35 992.116 2123.87 308.452 589.33 549.273 548.578 402.787 319.309 1353.07 702.757 136.577 172.161 279.288 7764.82 929.788 659.431 149.362 144.722 412.001 494.835 134.566 60.3268 133.753 106.248 63.3741 230.626 126.63 1804.56 544.495 143.597 838.646 106.186 6835.03 616.396 118.974 54.4374
internal_count=129959 47155 82804 11751 41070 39860 3030 6085 3846 7905 1210 2442 2295 2321 1404 1130 5046 2521 459 620 1039 36830 4183 2359 520 483 1862 2128 556 258 505 324 210 784 434 6775 1973 510 3908 329 32647 2839 453 167
is_linear=0
shrinkage=0.08


Tree=11
num_leaves=45
num_cat=0
split_feature=17 23 20 8 19 18 1 8 8 19 8 4 6 17 18 13 17 18 8 23 4 18 14 22 8 8 18 2 7 3 22 17 7 9 20 9 17 9 7 9 9 17 12 9
split_gain=24584 4132.75 1562.52 967.646 952.142 468.656 303.624 264.882 199.577 160.8 388.593 142.132 135.337 115.019 114.991 155.949 109.525 107.225 100.579 95.7368 143.178 108.544 68.0971 57.6162 55.9659 54.07 448.054 53.4387 53.4283 49.1464 47.4373 46.9885 43.4725 49.972 42.2933 41.3338 38.8028 34.3309 33.7939 33.0165 32.5376 31.2688 27.6501 27.5668
threshold=0.71654228855721402 0.77067167919799517 0.45956843940714914 0.42967032967032975 0.43650793650793657 0.58578431372549034 0.22378716744913932 0.44610281923714762 0.50316455696202544 0.58571428571428574 0.5629401408450706 0.28743545611015497 1.0000000180025095e-35 0.86121248986212506 0.18898809523809526 1.0000000180025095e-35 0.48790243902439029 0.81534090909090928 0.065044949762030693 0.79917713862708994 0.99593495934959353 0.324561403508772 0.059714795008912663 1.0000000180025095e-35 0.080540540540540509 0.48714568226763355 0.324561403508772 0.46176729951239753 0.13392857142857145 0.48934240362811798 1.0000000180025095e-35 0.9737334910309482 0.18333333333333338 0.51538825757575768 0.26639784946236561 0.87609649122807032 0.8654408457040037 0.82404540763673906 0.18333333333333338 0.33558558558558566 0.78629976580796257 0.79887640449438213 0.075710532600907557 0.551981471950592
decision_type=2 2 2 2 2 2 2 2 2 2 2 2 2 2 2 2 2 2 2 2 2 2 2 2 2 2 2 2 2 2 2 2 2 2 2 2 2 2 2 2 2 2 2 2
left_child=1 2 7 4 6 9 17 16 24 25 18 36 -9 32 15 -14 34 23 -11 20 -3 -22 -12 35 40 -4 -27 30 31 -5 -18 39 33 -13 -1 -2 37 42 43 -8 -7 -25 -6 -15
right_child=3 19 5 29 11 8 28 12 -10 10 22 13 14 38 -16 -17 27 -19 -20 -21 21 -23 -24 41 -26 26 -28 -29 -30 -31 -32 -33 -34 -35 -36 -37 -38 -39 -40 -41 -42 -43 -44 -45
leaf_value=0.033319193024033626 -0.074376411025232722 0.081574320928119989 -0.10819489063675725 -0.04782141898754879 -0.12684843322488012 -0.11694542759664694 -0.0069722824202234001 0.088609623483122568 0.088316593081920733 -0.0071335198969565581 -0.12557969615727149 0.032458982511451573 0.037183741289108778 0.074257997145886614 0.078455548653257157 -0.1200437421358705 -0.002456832129403778 0.073666653549100111 -0.10184356099695467 0.080161618781386626 -0.1087299883316047 0.079285628440426706 0.098282916261449971 -0.032009209408276611 -0.086012039836441817 -0.10545565599446395 0.040648597093012065 -0.064265320826271538 0.056389090241010138 0.092154214938211271 0.10112261278599281 0.065267959193321512 0.095601472156659553 -0.11942455002917676 -0.092932755675904449 0.0064811808083246282 0.088860706961051417 0.079026536996016333 0.093666553096894437 -0.09613796923008025 0.055371950449594087 0.057651184523978875 0.03302312018241442 -0.0045166638624697395
leaf_weight=18.835112407803535 98.852532953023911 111.45045597851276 5640.4750632196665 16.068625554442406 7.3883941769599906 8.7245195209979993 28.709024876356125 276.2136080339551 112.85630548000336 82.906897991895676 9.5742622166872007 18.676474183797836 91.063393026590347 46.995935827493668 94.130450427532196 72.533130496740341 75.995424136519432 143.83954209089279 533.85866816341877 1019.457886070013 65.774904400110245 28.024437136948109 94.859802156686783 35.23048534989357 101.75286617130041 1379.9587235152721 148.82074595242739 47.166718572378159 18.004136383533478 16949.111932523549 45.086151316761971 12.972957402467726 10.267289370298384 53.802452027797699 172.55321890115738 68.499267682433128 1228.9885817021132 172.72752742469311 80.711308017373085 357.97968512773514 35.750422701239586 84.844213604927063 110.06420370936394 71.971433356404305
leaf_count=61 371 444 28228 60 31 34 88 1126 466 323 38 54 288 170 343 318 255 505 2577 4073 321 109 317 123 433 6911 540 197 63 71085 121 34 38 220 765 222 4989 679 309 1623 109 259 388 251
internal_value=0.0325011 -0.0677901 -0.086468 0.0849985 0.0400454 -0.0974794 -0.0298047 0.0139576 0.00839261 -0.100956 -0.0649483 0.0729596 0.0497043 0.020845 0.00800842 -0.0325256 -0.0391143 0.0172782 -0.0891124 0.0701254 0.0202764 -0.0525565 0.0777597 -0.0109408 -0.0532915 -0.104578 -0.091233 0.00797237 -0.0784207 0.0920216 0.0361122 -0.0844937 -0.0584624 -0.080287 -0.0805079 -0.0412803 0.082648 0.0563358 0.0537098 -0.089518 0.021569 0.0313444 0.0229663 0.0266019
internal_weight=29883.5 10267.8 9043.12 19615.7 2650.53 8149.54 848.932 893.577 259.084 7890.45 721.2 1801.59 533.941 282.425 257.727 163.597 359.637 431.266 616.766 1224.71 205.25 93.7993 104.434 287.426 146.228 7169.25 1528.78 168.248 417.666 16965.2 121.082 399.662 82.7462 72.4789 191.388 167.352 1519.17 290.18 199.679 386.689 44.4749 120.075 117.453 118.967
internal_count=129959 48397 43450 81562 10417 39976 3288 3474 1042 38934 3255 7129 2075 1042 949 606 1399 1480 2900 4947 874 430 355 975 576 35679 7451 573 1808 71145 376 1745 312 274 826 593 6087 1098 730 1711 143 382 419 421
is_linear=0
shrinkage=0.08


Tree=12
num_leaves=45
num_cat=0
split_feature=17 23 20 8 19 18 8 4 2 23 4 19 6 19 8 17 2 18 13 3 18 4 7 9 9 22 14 7 9 8 17 11 18 7 9 16 9 8 3 9 23 17 12 6
split_gain=22220.7 3687.11 1335.4 933.502 892.368 400.052 248.705 237.819 176.93 155.343 219.566 141.185 136.228 134.952 319.787 130.075 118.435 104.93 134.762 98.7471 97.8564 97.0281 84.1663 79.131 66.0449 61.8711 58.8562 54.8016 47.7432 47.7106 45.3512 280.354 45.0552 43.8395 42.626 42.3382 31.9241 31.0651 27.552 26.4237 26.1588 24.6732 24.2479 22.1107
threshold=0.71654228855721402 0.76227242634889125 0.47233158355205601 0.48714568226763355 0.43650793650793657 0.58578431372549034 0.42179392142327654 0.17712418300653601 0.72790526033279668 0.79917713862708994 0.99593495934959353 0.19090909090909094 1.0000000180025095e-35 0.58571428571428574 0.48714568226763355 0.8654408457040037 0.46176729951239753 0.18898809523809526 1.0000000180025095e-35 0.25227272727272732 0.81534090909090928 0.27953488372093033 0.22500000000000003 0.78629976580796257 0.53907203907203916 1.0000000180025095e-35 0.059714795008912663 0.18333333333333338 0.51538825757575768 0.080540540540540509 0.61736680752340722 1.0000000180025095e-35 0.324561403508772 0.18333333333333338 0.87609649122807032 0.78487818157070921 0.82404540763673906 0.096006144393241191 0.59516963772282927 0.78629976580796257 0.21911548452030113 0.55891487029594467 0.080540540540540509 1.0000000180025095e-35
decision_type=2 2 2 2 2 2 2 2 2 2 2 2 2 2 2 2 2 2 2 2 2 2 2 2 2 2 2 2 2 2 2 2 2 2 2 2 2 2 2 2 2 2 2 2
left_child=1 2 6 4 7 13 16 20 29 10 -3 41 38 30 19 21 23 18 -14 -15 25 36 24 40 35 34 -16 28 -23 39 -4 -32 -25 -18 -2 -9 42 -26 -8 -7 -1 -12 -6 -11
right_child=3 9 5 -5 15 8 12 22 -10 43 11 -13 17 14 26 -17 33 -19 -20 -21 -22 27 -24 32 37 -27 -28 -29 -30 -31 31 -33 -34 -35 -36 -37 -38 -39 -40 -41 -42 -43 -44 -45
leaf_value=-0.10479397272807166 -0.075924628203517336 0.082219077816406222 -0.10403000073757503 0.091136967266264177 -0.092285626885813238 -0.10638078092376967 -0.028687294380518785 -0.070692714987859992 0.090744958529304434 0.092384644716655931 -0.10947692341848583 0.086691767010442136 0.032188884453117537 -0.020260654071372505 -0.11671521447775847 0.082863483666936341 -0.1007435390788754 0.073748103081009639 -0.11538115994655877 -0.10416572724858203 0.079394963977648877 0.035862106225964821 0.074477923128209111 -0.047355331963913797 0.11999712386113882 0.045158862655104492 0.083871718054958092 0.089421942406257351 -0.095768846892752932 -0.079195107443961729 -0.098781654606758112 0.080921430793981716 0.059653027966723123 0.092843365505862419 0.0093561559922427633 0.0090681525861456419 0.078397733239685269 -0.095098916188734284 0.090345714275832101 0.054546274664777621 -0.0098165814849819361 0.076565303287803782 0.034916683949084593 0.067835523785400434
leaf_weight=46.146535769104958 85.282771438360214 140.02096568793058 6077.79185500741 15680.553492888808 10.591722294688223 8.1331699192523939 13.089483745396135 83.305475786328316 95.991505958139896 403.91897301375866 106.54109410196543 33.095789581537247 84.996052369475365 111.32941384613514 10.391745448112486 1454.7422673106194 157.33011664450169 84.456389367580414 74.162263989448547 463.53889386355877 126.95182217657566 24.208062812685966 27.351276151835918 32.978191092610359 4.3592599779367438 90.328651741147041 94.473719790577888 19.060033828020096 64.948149785399437 101.50860040634871 587.00347226858139 61.370675519108772 106.52001714706421 7.8608214855194083 66.963219076395035 87.151077121496201 162.45971578359604 301.97332604974508 252.79185692220926 33.128951892256737 31.044527262449265 4.7663936614990225 101.51289135217667 560.82741513103247
leaf_count=200 322 577 32087 70431 42 32 58 345 416 1775 558 127 271 455 43 6171 762 323 340 2375 468 71 108 130 13 288 331 78 264 448 2903 225 321 25 216 285 674 1422 1086 103 108 20 364 2298
internal_value=0.0318228 -0.0655748 -0.0843606 0.0836426 0.0402978 -0.0951655 0.00830447 -0.0262641 0.00675822 0.0627958 0.0108383 -0.0583762 0.0448888 -0.0984514 -0.0644806 0.0719453 -0.0405055 0.00167272 -0.0365736 -0.0879166 0.0224881 0.0304509 -0.0619985 -0.00160636 -0.0698276 -0.00729427 0.0639944 -0.0337054 -0.0600279 -0.04971 -0.101884 -0.0817722 0.0343556 -0.0915315 -0.0384151 -0.0299126 0.0557374 -0.092038 0.0844857 0.022826 -0.0665962 -0.10151 0.0228985 0.0781137
internal_weight=28177 9785.21 8536.04 18391.7 2711.19 7644.66 891.376 873.667 238.762 1249.17 284.424 144.403 509.496 7405.9 679.734 1837.52 381.88 243.615 159.158 574.868 369.526 382.781 504.14 216.689 476.789 242.575 104.865 108.216 89.1562 142.771 6726.17 648.374 139.498 165.191 152.246 170.457 274.564 306.333 265.881 41.2621 77.1911 111.307 112.105 964.746
internal_count=129959 48397 43042 81562 11131 39418 3624 3467 999 5355 1282 705 2078 38419 3204 7664 1546 934 611 2830 1294 1493 2173 759 2065 826 374 413 335 583 35215 3128 451 787 538 630 1080 1435 1144 135 308 578 406 4073
is_linear=0
shrinkage=0.08


Tree=13
num_leaves=45
num_cat=0
split_feature=17 23 20 8 19 18 8 4 2 23 4 18 2 6 19 17 17 14 20 18 1 17 3 2 9 7 9 22 7 9 8 12 14 18 4 3 9 9 8 20 6 9 3 22
split_gain=20107.8 3292.42 1204.85 901.881 804.198 361.788 219.979 207.553 158.452 140.029 196.949 129.178 478.235 128.651 126.236 123.725 102.2 93.6623 116.076 88.2723 86.6874 78.9863 68.887 60.7576 53.4067 48.0415 52.1948 45.5509 45.3287 51.4205 41.2468 39.28 32.6783 25.4491 24.2433 31.938 38.2388 23.7134 51.6103 23.3207 23.0921 22.8719 21.3762 20.9823
threshold=0.71654228855721402 0.76227242634889125 0.47233158355205601 0.48714568226763355 0.43650793650793657 0.58578431372549034 0.43826219512195125 0.17712418300653601 0.72790526033279668 0.79917713862708994 0.99593495934959353 0.39444444444444454 0.8057728017872946 1.0000000180025095e-35 0.19090909090909094 0.8654408457040037 0.45727098014093537 0.059714795008912663 0.22749774977497753 0.81534090909090928 0.22378716744913932 0.82007194244604331 0.22474747474747478 0.46176729951239753 0.87609649122807032 0.13392857142857145 0.59417229729729748 1.0000000180025095e-35 0.18333333333333338 0.57947368421052647 0.080540540540540509 0.089719939627704207 1.0000000180025095e-35 0.58578431372549034 0.23132664437012265 0.48934240362811798 0.551981471950592 0.68042553191489374 0.087595907928388797 0.54358379062895745 1.0000000180025095e-35 0.78629976580796257 0.58397435897435901 1.0000000180025095e-35
decision_type=2 2 2 2 2 2 2 2 2 2 2 2 2 2 2 2 2 2 2 2 2 2 2 2 2 2 2 2 2 2 2 2 2 2 2 2 2 2 2 2 2 2 2 2
left_child=1 2 6 4 7 11 16 19 30 10 -3 -4 22 42 39 20 32 18 -15 24 37 -9 -13 27 31 26 -23 -18 29 -22 41 -2 -1 -34 -17 36 -36 38 -6 -12 -11 -7 -8 -26
right_child=3 9 5 -5 15 8 13 21 -10 40 14 12 -14 17 -16 34 23 -19 -20 -21 28 25 -24 -25 43 -27 -28 -29 -30 -31 -32 -33 33 -35 35 -37 -38 -39 -40 -41 -42 -43 -44 -45
leaf_value=0.09979656631602675 -0.10624642201132405 0.08011095648696652 -0.10045760068176453 0.090075025999696662 -0.15159489588485428 -0.099474681413079719 -0.026199407875042477 -0.093406096590564605 0.089394924923586458 0.091316891123062904 0.043396027820295377 -0.044424037790368798 0.078374635826936212 0.023416200046838986 0.084351152608746108 0.087713735952589023 -0.0029900990764118464 0.075187565717688337 -0.11496797038287568 0.07712358674214817 0.01800284116571077 -0.0041678469796026484 -0.09764143786426395 -0.066012977734067682 0.0086410998730692221 0.067704611844288637 -0.07949315535213676 0.093221471434672382 0.088730047721358438 -0.088623124839683459 -0.074410329735169645 -0.011958292032188147 -0.092965611982087956 0.10330422108617297 0.073990691270345063 0.080875646328192885 -0.012424654273358147 0.070777716880501704 0.054456164963064602 -0.10831586365539715 0.065473377065773428 0.051580978844893259 0.08932391358827646 0.082552854734556147
leaf_weight=6.137585073709487 40.274159669876099 132.51865354180336 5820.1330809891224 14638.654016159475 10.258641153573988 8.0071082562208158 10.718674972653387 226.00131312012672 89.895041458308697 377.04566542804241 6.9393338859081259 187.81888212263584 122.09188687801361 95.303137943148613 31.364468425512314 992.53794786334038 89.226006388664246 75.343776814639568 65.422827586531639 120.50190667808056 52.686950296163559 120.32835637032986 909.50821879506111 59.044031038880348 66.714858591556549 29.235957115888596 115.27680489420891 48.673701867461205 20.373447984457016 64.238880082964897 99.478340297937393 94.928242906928062 168.65073022246361 4.3368194103240958 67.461876973509789 246.36130262166262 63.732056967914104 190.67912203073502 32.19606227427721 98.951756849884987 535.62467328459024 32.267173692584038 235.00221630185843 38.922579675912857
leaf_count=21 165 577 32313 70431 44 32 47 1103 416 1775 29 764 493 316 127 4593 307 304 314 468 166 417 4849 271 216 115 538 140 88 263 448 317 815 11 283 1032 263 821 111 549 2298 103 1078 128
internal_value=0.0311904 -0.0635448 -0.0816919 0.0823725 0.0388836 -0.0922736 0.00797367 -0.0247912 0.00653964 0.0611823 0.0105456 -0.0954971 -0.0718215 0.0437649 -0.056619 0.0700597 -0.0378793 0.00158861 -0.0329125 0.0212238 0.0290394 -0.0586659 -0.0885327 0.00189378 -0.00674517 -0.0290205 -0.041023 0.0309692 -0.0213898 -0.0405773 -0.0467565 -0.0400449 -0.0816089 -0.0880451 0.0811504 0.0638962 0.0320114 0.0587386 0.00466654 -0.0983738 0.0761499 0.0215489 0.0842846 0.0358742
internal_weight=26540.9 9309.5 8127.06 17231.4 2592.71 7269.2 857.86 852.184 229.648 1182.44 269.774 7039.55 1219.42 481.791 137.256 1740.53 376.069 236.07 160.726 361.342 370.433 490.842 1097.33 196.944 240.84 264.841 235.605 137.9 137.299 116.926 139.753 135.202 179.125 172.988 1370.09 377.555 131.194 233.134 42.4547 105.891 912.67 40.2743 245.721 105.637
internal_count=129959 48397 43042 81562 11131 39418 3624 3467 999 5355 1282 38419 6106 2059 705 7664 1565 934 630 1294 1493 2173 5613 718 826 1070 955 447 517 429 583 482 847 826 6171 1578 546 976 155 578 4073 135 1125 344
is_linear=0
shrinkage=0.08


Tree=14
num_leaves=45
num_cat=0
split_feature=17 23 20 8 19 18 8 1 8 19 8 23 4 18 17 6 2 3 19 13 1 17 7 9 14 17 17 11 9 12 7 9 7 12 18 4 3 9 15 3 12 7 3 20
split_gain=18215 2944.21 1091.84 871.152 725.598 328.276 194.857 183.668 143.435 130.818 272.291 126.707 181.316 122.025 117.676 115.298 98.442 97.6152 85.5792 82.5407 77.1707 76.5239 72.9703 66.4841 48.9856 44.8336 44.6219 231.932 43.8961 43.0676 38.6922 50.9519 36.7939 36.3072 34.7974 25.0822 30.7169 34.713 24.1984 23.8846 23.811 23.5449 23.1089 22.1961
threshold=0.71654228855721402 0.76227242634889125 0.47233158355205601 0.48714568226763355 0.43650793650793657 0.58578431372549034 0.42179392142327654 0.22378716744913932 0.50316455696202544 0.58571428571428574 0.48714568226763355 0.80058196802280479 0.99593495934959353 0.324561403508772 0.8654408457040037 1.0000000180025095e-35 0.46176729951239753 0.25227272727272732 0.19090909090909094 1.0000000180025095e-35 0.1956001912960306 0.90632697044334987 0.22500000000000003 0.78629976580796257 0.059714795008912663 0.88066547993975086 0.61736680752340722 1.0000000180025095e-35 0.87609649122807032 0.21132376395534294 0.18333333333333338 0.61791443850267391 0.18333333333333338 0.10367218987908645 0.324561403508772 0.23132664437012265 0.48934240362811798 0.551981471950592 0.70136025112328448 0.59516963772282927 0.10762548262548262 0.18333333333333338 0.83438818565400863 0.85764944275582577
decision_type=2 2 2 2 2 2 2 2 2 2 2 2 2 2 2 2 2 2 2 2 2 2 2 2 2 2 2 2 2 2 2 2 2 2 2 2 2 2 2 2 2 2 2 2
left_child=1 2 6 4 7 9 16 21 29 26 17 12 -3 -14 20 39 23 -11 19 -17 -6 28 25 40 -12 42 -4 -28 33 43 31 -22 -18 -2 -25 -16 37 -37 -27 -8 -1 -31 -9 -7
right_child=3 11 5 -5 14 8 15 22 -10 10 24 -13 13 -15 35 18 32 -19 -20 -21 30 -23 -24 34 -26 38 27 -29 -30 41 -32 -33 -34 -35 -36 36 -38 -39 -40 -41 -42 -43 -44 -45
leaf_value=-0.092753472802453787 -0.078004790971309898 0.076453416162180737 -0.098665390218235297 0.089108788105478481 0.059159853292576906 0.035046582346463857 -0.023624395612728066 -0.088248886408903285 0.085912178530959213 -0.012844812851554978 -0.10573831489609063 0.074951969295132856 -0.09839801181985397 0.075546558927746324 0.086511765334139568 0.028480012316900088 -0.094212552252678869 -0.098319598664173086 0.081920401987338312 -0.083872463221289772 0.014229343610973975 0.064392524374425233 0.071299573498344093 -0.039962821650902265 0.082641923653490088 0.056283940433827589 -0.091814432993170492 0.078184702170867773 0.030849822694744181 -0.093362178472028975 0.087568265447793475 -0.086408799808667919 0.089922902377979369 -0.002379350944506092 0.055341103833184691 0.071911035318522123 0.078984700028510893 -0.011341604649661538 -0.042669077934704494 0.087362545733395247 0.0038697162403776163 0.095939717952870471 0.10796721428928097 -0.096887751819553905
leaf_weight=50.425704315304756 71.667070955038071 139.17929318547249 5459.7883107960224 13653.72706990689 208.64291460067034 43.00952173769474 13.141837693750857 280.83649936318398 87.510989814996719 107.49479421973228 9.8084765225648862 844.89129201322794 100.33957251906395 34.750158563256264 928.43971088528633 82.948348954319954 144.7956725358963 418.1221059858799 61.848462864756584 84.460358157753944 69.934664636850357 134.54322762787342 25.392795510590076 32.18910776078701 88.960339039564133 18.951551452279091 538.45583938807249 56.778595201671124 105.77946802973747 75.82643486559391 19.953208819031715 59.66667377948761 7.2950527071952811 93.812867388129234 102.900694668293 64.002852536737919 232.64330063015223 64.211603425443172 95.60883466899395 222.68751373142004 24.135391861200333 4.4519004821777335 3.8946850448846808 10.072110608220099
leaf_count=224 284 645 32087 70431 922 143 58 1421 433 455 43 3983 572 155 4593 271 762 2375 251 412 231 522 109 130 331 59 2903 225 361 368 92 248 25 313 321 283 1032 263 386 1086 84 13 12 42
internal_value=0.0305987 -0.0616556 -0.0792199 0.0811889 0.03755 -0.0896296 0.00765351 -0.0234225 0.00632734 -0.0928026 -0.0579379 0.0596153 0.0123702 -0.0536529 0.0682857 0.0419045 -0.0363825 -0.080839 0.0015054 -0.0282036 0.027722 0.0150646 -0.0601986 -0.000837066 0.0639344 -0.0685611 -0.0963978 -0.0755984 -0.00940174 -0.0458963 -0.0161368 -0.0321031 -0.0853805 -0.0351317 0.0326321 0.0795553 0.0616573 0.0302169 -0.0262994 0.0811777 -0.0614766 -0.0828643 -0.085565 0.0100124
internal_weight=24978 8846.27 7727.11 16131.7 2477.98 6900.28 826.828 830.487 220.871 6679.41 624.386 1119.16 274.269 135.09 1647.49 465.087 361.742 525.617 229.257 167.409 358.197 405.803 424.684 209.651 98.7688 399.292 6055.02 595.234 271.259 133.36 149.555 129.601 152.091 165.48 135.09 1289.3 360.858 128.214 114.56 235.829 74.5611 80.2783 284.731 53.0816
internal_count=129959 48397 43042 81562 11131 39418 3624 3467 999 38419 3204 5355 1372 727 7664 2078 1546 2830 934 683 1493 1480 1987 759 374 1878 35215 3128 958 566 571 479 787 597 451 6171 1578 546 445 1144 308 381 1433 185
is_linear=0
shrinkage=0.08


Tree=15
num_leaves=45
num_cat=0
split_feature=17 23 20 8 19 18 8 8 4 6 23 4 19 2 17 17 2 14 20 17 1 9 7 12 19 20 9 22 7 9 3 7 17 3 8 19 4 7 9 14 7 9 2 20
split_gain=16514.2 2637.43 995.474 844.993 654.388 283.088 196.144 184.789 163.373 119.197 114.528 171.559 132.09 114.408 112.745 102.123 449.523 88.4572 102.781 72.2743 68.5516 63.1005 62.3284 52.6466 48.0187 43.2933 43.0697 39.0778 35.468 40.8634 35.4351 31.8613 30.9644 30.8786 28.7581 26.8565 25.8988 31.7177 48.3168 25.8895 24.4166 23.5104 22.5265 21.8223
threshold=0.71654228855721402 0.76227242634889125 0.494185260311021 0.48714568226763355 0.43650793650793657 0.5590277777777779 0.41444372153545878 0.50316455696202544 0.22378716744913932 1.0000000180025095e-35 0.80909953424184933 0.99593495934959353 0.19090909090909094 0.46176729951239753 0.8654408457040037 0.57821912650602425 0.83200611875956076 0.059714795008912663 0.22749774977497753 0.8654408457040037 0.22378716744913932 0.72281323877068571 0.22500000000000003 0.21132376395534294 0.58571428571428574 0.52508992805755406 0.53378995433789966 1.0000000180025095e-35 0.18333333333333338 0.3504385964912281 0.56465997770345611 0.18333333333333338 0.56795061728395069 0.55848153214774288 0.096006144393241191 0.43650793650793657 0.23132664437012265 0.18333333333333338 0.551981471950592 0.37715517241379315 0.18333333333333338 0.8190909090909092 0.39813363520260076 0.62544964028776995
decision_type=2 2 2 2 2 2 2 2 2 2 2 2 2 2 2 2 2 2 2 2 2 2 2 2 2 2 2 2 2 2 2 2 2 2 2 2 2 2 2 2 2 2 2 2
left_child=1 2 6 4 8 15 13 23 19 33 11 -3 32 21 20 43 24 18 -11 25 41 42 26 35 -17 -2 30 -23 29 -22 -10 -15 -13 -8 -28 -7 -16 38 -38 -27 -25 -6 -1 -4
right_child=3 10 5 -5 14 7 9 -9 22 17 -12 12 -14 31 36 16 -18 -19 -20 -21 28 27 -24 40 -26 39 34 -29 -30 -31 -32 -33 -34 -35 -36 -37 37 -39 -40 -41 -42 -43 -44 -45
leaf_value=-0.10393416505836045 0.042739054644748309 0.075419190034672082 -0.082547031840629143 0.088226699665755373 0.019160544148325454 -0.062722812980033057 -0.050647515613692455 0.085574350431433271 -0.044521344786216714 0.020395458646689818 0.074293902763180597 -0.10299538728218437 0.083668054580227857 -0.092858088084514651 0.085381214706533468 -0.092775525980061641 0.091956122434294796 0.070358599564080915 -0.10705282321770568 0.050290514080580419 0.076920274933707025 -0.002527116803972297 0.06874190831983866 -0.093891484214778914 -0.041713566556943214 -0.074281081994109655 0.12104228648740428 0.079012414842409784 0.086139521513679804 -0.055293776385290982 0.073371036265644923 0.081883046831037934 0.085467889899557115 0.084190618601554842 -0.086678902470910035 0.048746648668623188 0.076829895511360019 0.089319911821176726 -0.0003787108674691475 -0.0085312988645992079 0.092266835885560297 0.074258273455234294 -0.0045556309312271117 -0.098111660592533137
leaf_weight=41.360762119293213 55.287636667490005 149.15804255008698 662.46249029040337 12724.852057948709 77.687537021934986 22.256194159388542 11.420376248657702 90.778579205274582 104.77567240595818 93.117005750536919 767.57287732511759 100.18956206738949 36.647998735308647 171.90400530397892 867.94514986127615 837.6500380858779 100.69273766875267 73.794440232217312 71.664329171180725 189.11506444215775 17.670244097709656 114.05484434217215 23.639341093599796 111.3566370010376 137.16932289302349 73.109343782067299 4.3366055041551581 56.127301380038261 17.85894437879324 97.576078496873379 19.326891750097275 6.9480194598436347 5.9084487855434409 225.35981942713261 260.44347785413265 36.550627067685127 108.04650744795799 137.22594869881868 99.777276329696178 80.564084962010384 4.6995057910680762 136.91928735375404 22.560250401496887 4443.0290141999722
leaf_count=202 175 730 3962 70431 312 89 54 472 429 316 3830 601 167 969 4593 4878 408 321 379 738 50 420 107 597 690 291 13 177 88 379 60 25 27 1154 1376 121 498 677 403 278 14 664 86 27708
internal_value=0.0300372 -0.0599145 -0.0769569 0.0800562 0.0362116 -0.087897 0.00243759 -0.00703114 -0.0221023 0.0374754 0.0580735 0.0154214 -0.0472715 -0.0378947 0.0664986 -0.0913724 -0.068968 -0.00243374 -0.0350325 0.0144587 0.0263383 -0.00108947 -0.057383 -0.0551065 -0.0855905 -0.0179699 -0.0650499 0.0243652 -0.0187655 -0.0350219 -0.0261616 -0.0860698 -0.0925001 0.0776871 -0.0832768 0.0065596 0.0780107 0.0594709 0.0397616 -0.0398114 -0.0863533 0.0543129 -0.0688596 -0.0960921
internal_weight=23490.6 8394.43 7334.96 15096.2 2371.31 6446.65 888.311 265.642 810.598 475.356 1059.48 291.904 142.746 412.955 1560.71 6181 1075.51 238.576 164.781 398.076 347.712 234.103 412.522 174.863 974.819 208.961 388.883 170.182 133.105 115.246 124.103 178.852 106.098 236.78 264.78 58.8068 1212.99 345.05 207.824 153.673 116.056 214.607 63.921 5105.49
internal_count=129959 48397 43042 81562 11131 38939 4103 1293 3467 2224 5355 1525 795 1879 7664 37646 5976 1016 695 1482 1493 885 1985 821 5568 744 1878 597 517 429 489 994 628 1208 1389 210 6171 1578 901 569 611 976 288 31670
is_linear=0
shrinkage=0.08


Tree=16
num_leaves=45
num_cat=0
split_feature=17 23 20 8 19 18 8 8 18 6 23 19 6 17 2 20 16 19 9 1 4 17 17 11 1 19 9 1 7 3 3 17 3 8 9 7 8 9 7 9 12 0 20 19
split_gain=14984.3 2365.91 909.293 820.357 590.601 263.417 362.493 173.033 145.583 110.664 166.014 113.211 108.653 107.817 103.941 88.4193 81.8834 79.3921 74.4128 70.1233 61.3556 58.3366 58.0842 281.802 47.3379 46.0399 42.524 39.8375 38.3038 38.1109 31.8344 29.0833 28.9116 28.5613 28.4936 28.4826 26.7038 35.4563 66.391 20.8466 18.5931 17.4908 16.8793 38.0258
threshold=0.71654228855721402 0.76227242634889125 0.494185260311021 0.48714568226763355 0.43650793650793657 0.46862745098039221 0.51925925925925942 0.41444372153545878 0.84412955465587058 1.0000000180025095e-35 0.80909953424184933 0.19090909090909094 1.0000000180025095e-35 0.8654408457040037 0.46176729951239753 0.494185260311021 0.80709621587601299 0.19090909090909094 0.60630899155489326 0.22378716744913932 0.27953488372093033 0.44076909057772923 0.57821912650602425 1.0000000180025095e-35 0.074537037037037027 0.43650793650793657 0.81302966101694929 0.22378716744913932 0.22500000000000003 0.53452380952380962 0.86526825332795487 0.55479161761243245 0.60922587486744451 0.062019230769230778 0.83484848484848495 0.18333333333333338 0.13484848484848486 0.551981471950592 0.13392857142857145 0.81016731016731025 0.080540540540540509 0.10818713450292398 0.57511061946902664 0.63333333333333341
decision_type=2 2 2 2 2 2 2 2 2 2 2 2 2 2 2 2 2 2 2 2 2 2 2 2 2 2 2 2 2 2 2 2 2 2 2 2 2 2 2 2 2 2 2 2
left_child=1 2 7 4 8 22 19 14 15 -3 11 26 32 20 21 -2 33 18 -14 25 34 39 42 30 -23 -7 -11 -18 -21 -22 -24 -28 -9 -17 40 -16 -15 -38 -39 -1 -6 -31 43 -4
right_child=3 9 5 -5 13 6 -8 12 -10 10 -12 -13 17 36 35 16 27 -19 -20 28 29 24 23 -25 -26 -27 31 -29 -30 41 -32 -33 -34 -35 -36 -37 37 38 -40 -41 -42 -43 -44 -45
leaf_value=-0.10515744880175625 0.039292151912844894 0.089757501017149063 -0.085913748574585919 0.087418752597383367 -0.081853102550964452 -0.063588464355199173 0.078232972380633134 -0.026343268672896519 0.059112366706820761 0.021504718031656492 0.061746829570237471 0.08272171960275608 0.020167920485797738 0.086165693671156354 -0.090051628103456252 -0.027084988016571287 0.041247991286766997 0.077376317823480825 -0.085194668666788528 -0.092829439873982691 -0.072733538414957444 -0.081596239050973268 -0.087847331336252873 0.087333805559691613 0.044771455510057602 0.025900006619123103 -0.10327402696928319 -0.033135644177538483 0.11110611045088843 0.089932563219923642 0.090490041030689972 0.049258565675046627 0.083956030071485652 -0.079769365331195566 0.073328272645566392 0.078183790757829663 0.079630609698660232 -0.012018146592894425 0.086887329944698777 -0.020496237094192477 0.028494953755950393 -0.011757039940521319 -0.095770701566950917 0.0062766749878284903
leaf_weight=34.115225076675415 87.692743495106697 392.6388548463583 286.56409233808517 11850.659397140145 10.830958634614943 81.447206884622574 137.59189237654209 16.413727499544621 123.03381123393774 27.362063385546207 434.7505502179265 42.612228125333786 90.340229123830795 704.10171753168106 163.42967607080936 84.273192465305328 74.691782429814339 59.447061434388161 81.693399988114834 329.49638963490725 54.317649602890015 22.104789078235626 642.48589314520359 66.088946089148521 133.87289328873158 67.11296047270298 95.74205556511879 120.29651265591383 6.001713126897811 17.221754416823387 6.4705869704484931 8.7295982986688596 207.25165068358183 301.33994755148888 125.95171160250902 6.7048143297433844 261.66506135463715 95.177723109722137 79.899127051234245 40.967105358839035 99.992574691772461 29.145102776587009 4442.4829171001911 31.81318436563015
leaf_count=185 319 2189 1834 70431 43 375 713 77 510 137 2173 209 329 3962 969 310 258 263 424 1972 228 97 3984 251 444 234 604 539 19 48 20 43 1131 1531 643 25 1381 411 417 159 394 137 29395 142
internal_value=0.0295073 -0.0582998 -0.0748588 0.07898 0.0349181 -0.0856999 -0.0363497 0.00233498 -0.0208599 0.0566385 0.0352927 -0.0306358 0.0360973 0.0647758 -0.0359677 -0.0355829 -0.0468918 -0.00232448 -0.0298655 -0.0689194 0.0250518 -0.00102625 -0.0913024 -0.0700422 0.0268629 -0.0231615 -0.067276 -0.00464241 -0.0891812 -0.0272592 -0.0860692 -0.0905285 0.0758617 -0.0682555 0.0472962 -0.0834217 0.0765261 0.0609855 0.033119 -0.0589638 0.0177105 0.0260129 -0.0944955 -0.0767018
internal_weight=22076 7955.73 6953.9 14120.3 2269.63 6097.56 621.65 856.341 791.328 1001.84 609.196 174.446 455.146 1478.3 401.195 668.294 580.601 231.481 172.034 484.058 337.46 231.06 5475.91 715.045 155.978 148.56 131.834 194.988 335.498 100.685 648.956 104.472 223.665 385.613 236.775 170.134 1140.84 436.742 175.077 75.0823 110.824 46.3669 4760.86 318.377
internal_count=129959 48397 43042 81562 11131 38939 3313 4103 3467 5355 3166 993 2224 7664 1879 2957 2638 1016 753 2600 1493 885 35626 4255 541 609 784 797 1991 413 4004 647 1208 1841 1080 994 6171 2209 828 344 437 185 31371 1976
is_linear=0
shrinkage=0.08


Tree=17
num_leaves=45
num_cat=0
split_feature=17 20 8 18 8 19 1 23 23 8 18 17 11 4 17 6 5 7 9 20 19 14 9 3 22 16 5 7 7 9 20 19 19 9 19 8 18 9 20 17 5 17 23 19
split_gain=13603 2134.74 800.921 735.105 599.583 520.046 234.952 223.821 179.095 104.113 88.2581 85.2967 321.599 68.0258 64.67 64.0388 73.1602 55.0603 53.1323 52.8711 65.8039 48.0045 47.3313 43.6675 42.4247 41.0355 39.9044 37.6476 35.39 41.7441 34.3635 52.3896 29.7167 29.5706 27.7604 27.1342 26.8582 26.0364 25.5535 24.7859 23.9072 20.918 19.6378 33.0233
threshold=0.71654228855721402 0.43111357165453973 0.42967032967032975 0.46862745098039221 0.51925925925925942 0.63333333333333341 0.22378716744913932 0.60987836607035473 0.79048427520413955 0.080540540540540509 0.69615384615384623 0.57821912650602425 1.0000000180025095e-35 0.26138716356107666 0.56795061728395069 1.0000000180025095e-35 0.99572649572649585 0.13392857142857145 0.77167919799498763 0.26639784946236561 0.58571428571428574 0.71825396825396837 0.42163742690058487 0.54110360360360377 1.0000000180025095e-35 0.44557020468886271 0.86295149638802904 0.18333333333333338 0.15476190476190479 0.42163742690058487 0.57511061946902664 0.43650793650793657 0.23611111111111113 0.33558558558558566 0.41428571428571431 0.11215932914046124 0.8377192982456142 0.65058139534883741 0.55186206896551737 0.83384458077709622 0.050641025641025628 0.62973194188663817 0.93260895996842308 0.19090909090909094
decision_type=2 2 2 2 2 2 2 2 2 2 2 2 2 2 2 2 2 2 2 2 2 2 2 2 2 2 2 2 2 2 2 2 2 2 2 2 2 2 2 2 2 2 2 2
left_child=1 7 5 8 9 6 10 19 11 18 24 30 26 40 32 -9 -17 22 -5 -1 25 28 -8 39 37 41 -13 33 29 -15 31 -3 -10 -11 -20 -24 -12 -2 -26 -4 -7 -21 43 -18
right_child=2 3 23 4 -6 13 17 15 14 27 36 12 -14 21 -16 16 42 -19 34 20 -22 -23 35 -25 38 -27 -28 -29 -30 -31 -32 -33 -34 -35 -36 -37 -38 -39 -40 -41 -42 -43 -44 -45
leaf_value=0.039266695630606897 -0.11544021161940921 -0.087345008477143132 -0.084715820794136379 -0.079760420475643232 0.081460574995596988 -0.11134997691760334 -0.0068145333456000766 0.088137806839899135 -0.11915608000652503 -0.0085750344472020363 0.028427404899065895 -0.083689415990630511 0.086445089573161896 0.076336276684746629 0.071435366262301681 -0.17257215192870959 0.018526578145771279 0.062829255396843461 -0.014003987880688388 -0.083537733589519367 0.034182648549549839 0.06811274015680803 0.083906768204613083 0.086629742451148864 0.084700041105632007 0.030581223313674261 0.095491525178114461 0.07704469400485113 0.089605922841793154 -0.049398452643652002 -0.093854229233482425 -0.026134940247150032 0.093049455577214668 -0.09092870694669733 0.073504784612890298 -0.082818327370195385 0.075750912318615859 -0.028043429423924935 -0.0080898168840949324 0.047629531530666451 0.079266788613613401 0.016957492134980018 0.066131238537860723 0.086855882565070805
leaf_weight=88.755863323807716 29.714679881930351 327.61598238348961 13.540039069950579 35.932262971997261 316.90757274627686 4.2312353774905196 70.582959249615669 367.56059634685516 21.454155348241333 30.419417232275009 171.59057231247425 621.84850639104843 82.648169331252575 21.287123039364815 62.215870663523674 9.7862014770507795 204.53686514496803 22.504658959805965 41.756492510437965 139.41607830673456 68.686973243951797 111.80976537615061 6.378411039710044 11134.221554204822 29.019751027226448 28.457012057304382 8.0576570928096753 9.5162671208381635 21.377181604504585 81.981305219233036 4255.9907038956881 123.12319779396057 5.2586649209260932 337.51536376774311 52.209577858448029 304.0356507152319 138.87426534295082 82.068239882588387 54.983547054231167 27.35151756554842 880.9529647231102 14.648756280541418 217.96378773450851 58.133355900645256
leaf_count=411 133 2187 65 161 1796 25 259 2253 113 143 709 4043 333 79 344 41 935 99 152 728 269 546 21 70950 101 101 26 32 113 336 29919 657 25 2111 162 1681 703 313 200 130 5099 65 1107 283
internal_value=0.0289998 -0.0568066 0.077927 -0.0753327 -0.00487119 0.0317187 -0.013226 0.0411247 -0.0858767 -0.0587969 0.0230699 -0.0877246 -0.0619296 0.068173 0.0267331 0.0628918 0.0439704 -0.0587645 0.00297867 -0.0138097 -0.0325623 0.030054 -0.0659468 0.0863267 -0.018993 -0.0576799 -0.0813974 -0.0800568 -0.00408557 -0.0234803 -0.0916297 -0.070625 -0.0773815 -0.08412 0.0346178 -0.0793924 0.0495957 -0.0512757 0.0239653 0.00380725 0.0783556 -0.0739825 0.0483794 0.033649
internal_weight=20736.9 7530.42 13206.5 6332.47 824.257 2031.39 909.753 1197.95 5508.21 507.349 506.251 5419.28 712.554 1121.64 88.9287 857.981 490.42 403.502 129.898 339.965 251.209 236.455 380.997 11175.1 195.786 182.522 629.906 377.451 124.646 103.268 4706.73 450.739 26.7128 367.935 93.9661 310.414 310.465 111.783 84.0033 40.8916 885.184 154.065 480.634 262.67
internal_count=129959 48397 81562 42204 4557 10417 4219 6193 37647 2761 2159 37165 4402 6198 482 4619 2366 2060 475 1574 1163 1074 1961 71145 747 894 4069 2286 528 415 32763 2844 138 2254 314 1702 1412 446 301 195 5124 793 2325 1218
is_linear=0
shrinkage=0.08


Tree=18
num_leaves=45
num_cat=0
split_feature=17 20 8 23 19 18 8 23 2 18 17 8 7 6 19 2 5 17 13 9 17 8 9 14 11 19 12 18 19 8 18 8 9 7 8 6 23 17 23 22 9 2 14 19
split_gain=12355.8 1931.1 779.275 651.918 489.257 286.598 317.679 254.488 175.794 152.638 75.7453 74.6686 70.4141 69.3031 67.2637 159.262 64.2608 62.1602 85.3944 58.4752 58.054 52.0908 50.3954 44.3404 43.951 38.2614 36.0732 35.1965 31.08 30.8376 274.52 29.9532 45.7334 71.6698 29.0457 28.2795 25.9437 34.0079 25.1077 24.9162 23.1731 23.0432 22.8892 16.6051
threshold=0.71654228855721402 0.45956843940714914 0.48714568226763355 0.77647549428445284 0.63333333333333341 0.46862745098039221 0.59317129629629639 0.60987836607035473 0.43420765967205593 0.324561403508772 0.8654408457040037 0.080540540540540509 0.18333333333333338 1.0000000180025095e-35 0.63333333333333341 0.83200611875956076 0.99572649572649585 0.48790243902439029 1.0000000180025095e-35 0.3943381180223286 0.78446455505279045 0.065044949762030693 0.87609649122807032 0.065591397849462371 1.0000000180025095e-35 0.43650793650793657 0.089719939627704207 0.58578431372549034 0.63333333333333341 0.50316455696202544 0.24264705882352944 0.13484848484848486 0.551981471950592 0.13392857142857145 0.39718309859154938 1.0000000180025095e-35 0.73676039902126866 0.39141936968023933 0.38583980724048644 1.0000000180025095e-35 0.86996779388083745 0.42577314326540344 0.26491228070175443 0.19090909090909094
decision_type=2 2 2 2 2 2 2 2 2 2 2 2 2 2 2 2 2 2 2 2 2 2 2 2 2 2 2 2 2 2 2 2 2 2 2 2 2 2 2 2 2 2 2 2
left_child=1 7 4 5 8 14 11 17 10 35 22 25 19 -9 29 21 -15 18 -1 42 38 -16 26 -17 -13 -7 -2 -20 39 -3 -31 -22 -33 -34 -21 -5 37 -18 -6 40 -19 -41 -10 -12
right_child=2 3 -4 9 20 6 -8 13 12 -11 43 24 -14 16 15 23 36 28 27 34 31 -23 -24 -25 -26 -27 -28 -29 -30 30 -32 32 33 -35 -36 -37 -38 -39 -40 41 -42 -43 -44 -45
leaf_value=0.063491679151740796 -0.10872912967872607 -0.092865413929210508 0.085992926497835798 0.10866827413824495 0.042833019112552495 -0.047021935045309035 0.080472517498978532 0.087570921001102808 0.12869964363901476 0.082008246311285241 0.036384326196883671 -0.082051848301596064 0.057301167756862371 -0.15667065268285688 -0.0027636801783593816 -0.085366048666178584 -0.012538251128621929 -0.077442947231232323 -0.073787150247690655 -0.079206251026869998 0.083342745405577415 -0.085979388195754222 0.034334529475204406 0.11042709274239849 0.064814740090777562 0.046628639104691852 -0.014376723060719443 0.095793903591311264 0.066733076629442542 -0.092084551460715564 0.038013204366952741 0.078332370643297178 -0.017444045294379453 0.085284902997031314 -0.016471849452686625 -0.087478032661326713 0.056200329510506235 0.079976601367063888 -0.045481300548823711 0.098276591003877214 0.023464819754556131 -0.0097493114314176326 -0.010046468060543261 0.079418089623495475
leaf_weight=38.974520549178123 36.252148650586605 3558.7303655743599 10260.150130078197 5.2002063244581214 45.697642281651497 57.875440269708633 133.88969685137272 349.30386091768742 8.3542738705873472 202.72646350413561 118.03590968251228 350.43406473845243 39.892825730144978 10.309248864650725 56.207709103822708 8.9787020534276945 89.277326315641403 38.567106753587723 182.05272933840752 288.50412221252918 639.23380444943905 335.52379593253136 101.48642986267805 42.171361446380615 13.544808052480219 53.94408793002367 91.109752342104912 8.1851137578487378 58.291447080671787 899.24565750360489 117.35019382089376 245.90159117430449 104.75150831788778 74.28803201764822 56.480379447340965 49.326258271932602 355.86480547487736 35.557496063411236 37.517495058476925 21.864840596914291 23.403723746538162 29.94630304723978 85.384395390748978 111.68243235349655
leaf_count=195 165 26572 70431 20 211 246 800 2288 23 1255 509 2253 197 44 277 41 357 174 1002 1630 4033 2314 387 149 56 179 350 28 222 6788 475 1395 445 438 252 292 1880 178 163 66 81 165 317 616
internal_value=0.0285122 -0.0553607 0.076933 -0.0744882 0.0323403 -0.0801808 -0.0283875 0.0353033 -0.0105435 0.0500495 0.024854 -0.0590207 -0.0444581 0.0603321 -0.0864735 -0.0567038 0.0409543 -0.0171082 -0.044389 -0.0537111 0.0673676 -0.0740392 -0.00772143 0.0760583 -0.0765865 -0.00184293 -0.0412331 -0.0664908 0.0192315 -0.0893551 -0.0770668 0.0723997 0.0559381 0.0251808 -0.0689355 -0.0687715 0.0451927 0.0138133 0.00301656 -0.00510397 -0.0393344 0.0358387 0.00231901 0.0573061
internal_weight=19471.5 7126.75 12344.7 5885.15 2084.57 5627.9 609.688 1241.6 937.183 257.253 458.567 475.798 478.616 840.313 5018.21 442.882 491.009 401.286 229.212 438.723 1147.39 391.732 228.848 51.1501 363.979 111.82 127.362 190.238 172.073 4575.33 1016.6 1064.17 424.941 179.04 344.985 54.5265 480.7 124.835 83.2151 113.782 61.9708 51.8111 93.7387 229.718
internal_count=129959 48397 81562 41717 11131 40150 3534 6680 4446 1567 2027 2734 2419 4747 36616 2781 2459 1933 1225 2222 6685 2591 902 190 2309 425 515 1030 708 33835 7263 6311 2278 883 1882 312 2415 535 374 486 255 231 340 1125
is_linear=0
shrinkage=0.08


Tree=19
num_leaves=45
num_cat=0
split_feature=18 23 8 20 18 17 11 8 2 1 6 6 23 17 14 8 22 17 20 22 19 9 19 8 20 7 3 9 19 9 3 19 11 7 14 18 3 16 8 18 23 8 15 15
split_gain=11230.1 2000.82 755.487 646.877 417.212 163.273 218.3 146.381 137.111 111.698 95.7746 94.9332 131.517 96.5447 82.1355 72.0064 66.8154 63.1892 72.5379 55.0005 54.0225 53.8658 50.62 130.417 47.549 47.012 46.3483 43.8055 42.0151 39.3134 38.0979 36.5252 34.4949 32.0208 30.37 26.0996 23.3673 23.2142 23.1725 208.331 21.5678 20.4165 20.3188 19.2612
threshold=0.5590277777777779 0.76227242634889125 0.42967032967032975 0.494185260311021 0.74166666666666681 0.65692963752665257 1.0000000180025095e-35 0.43826219512195125 0.42577314326540344 0.22378716744913932 1.0000000180025095e-35 1.0000000180025095e-35 0.81659207584462357 0.56795061728395069 0.71825396825396837 0.076197387518142215 1.0000000180025095e-35 0.39739344540669053 0.22749774977497753 1.0000000180025095e-35 0.58571428571428574 0.33558558558558566 0.63333333333333341 0.5629401408450706 0.59585213840533002 0.13392857142857145 0.25227272727272732 0.6195238095238097 0.63333333333333341 0.77459677419354855 0.54110360360360377 0.35416666666666669 1.0000000180025095e-35 0.13392857142857145 0.065591397849462371 0.58578431372549034 0.64899964899964913 0.79681148373983757 0.50316455696202544 0.24264705882352944 0.62828143782232748 0.11215932914046124 0.34217562623135384 0.52559423544825024
decision_type=2 2 2 2 2 2 2 2 2 2 2 2 2 2 2 2 2 2 2 2 2 2 2 2 2 2 2 2 2 2 2 2 2 2 2 2 2 2 2 2 2 2 2 2
left_child=1 3 4 7 8 22 20 15 19 31 36 -3 13 24 25 16 28 18 -12 29 37 35 38 26 -13 27 -24 -11 -1 -2 40 -6 -17 42 -25 -10 -9 -7 -5 -40 -4 -22 -23 -31
right_child=2 11 30 5 9 6 -8 10 21 14 17 12 -14 -15 -16 32 -18 -19 -20 -21 41 33 23 34 -26 -27 -28 -29 -30 43 -32 -33 -34 -35 -36 -37 -38 -39 39 -41 -42 -43 -44 -45
leaf_value=-0.069492996404710419 -0.066668961387744086 0.08739046134144017 -0.039078419900821608 -0.091818843469883227 0.039936250819099357 -0.07999179499965299 0.078759253734567714 -0.017994197278588898 -0.12674136928353125 0.008063502175577688 0.017465377532115779 0.013181355840135361 0.059507497858792863 0.081009501329495262 0.063217298931665125 -0.079262955798965376 0.071154689116685627 0.06715771606827417 -0.09196225365039333 0.061976194751986985 0.066661795301977578 0.10585472943998529 -0.01820622193247641 -0.087157867701702627 -0.095741375409949467 0.088503874985792083 -0.089349775546962731 -0.071565741308341146 0.052393779623469701 0.055303893424460668 0.085358423649237708 0.079054664253043389 0.12186652405428776 0.047427896210558255 0.093898193131969565 0.038567572097536904 0.084659142216596067 0.051172797732196441 -0.091342323126761993 0.029314565506129132 0.090458230930006892 -0.030983851730068249 -0.076726317767735266 -0.011481641933981036
leaf_weight=72.538275845348835 53.350996218621731 362.26126925647259 24.700870215892792 3319.0059642344713 192.60543638467789 295.86480404436588 86.35017005354166 15.559595562517641 7.0032911151647559 93.485413357615471 89.273163862526417 37.072991259396076 396.67146613448858 40.206992618739605 148.00950480252504 180.33392067998648 55.337216131389141 58.712818175554276 68.531415477395058 114.47345121204853 23.148958876729012 3.9547925293445578 72.938899576663971 6.9754706472158423 83.244717493653297 24.557995855808258 298.24347224831581 83.891095116734505 24.11755858361721 47.695698507130146 9589.8320240229368 738.41766501963139 5.6276779621839514 14.537614300847052 39.53158001601696 48.057614833116531 161.46569865942001 8.8954023420810682 785.71862768381834 103.67005211114883 12.333754181861876 33.589235961437225 286.30938754975796 65.717821471393108
leaf_count=350 230 2535 119 26442 817 1847 558 81 34 396 313 197 2369 256 796 1148 193 318 400 496 84 13 386 35 614 135 2239 416 79 176 70472 4927 24 73 148 171 1054 38 6337 425 68 177 1689 284
internal_value=0.0280468 -0.0541388 0.075903 -0.0715048 0.0301109 -0.0816443 -0.0355215 -0.00117334 -0.0225745 0.0564789 0.0319901 0.0555099 0.0347827 -0.0263146 0.0179467 -0.0397916 0.00105406 -0.00369529 -0.0300569 0.0192754 -0.0628194 -0.0552808 -0.0861095 -0.0595465 -0.0621795 -0.0152348 -0.0753698 -0.0295975 -0.0390798 -0.010036 0.0850457 0.070962 -0.0731763 -0.0684358 0.0667421 0.0175416 0.0756365 -0.0761633 -0.0887459 -0.0772782 0.00406157 0.00885519 -0.0742387 0.0166048
internal_weight=18273.8 6724.89 11548.9 5805.43 1922.07 5073.93 447.849 731.497 641.101 1280.97 393.543 919.457 557.196 160.525 349.944 337.955 151.993 216.517 157.805 281.238 361.498 359.863 4626.08 417.689 120.318 201.935 371.182 177.377 96.6558 166.765 9626.87 931.023 185.962 304.802 46.5071 55.0609 177.025 304.76 4208.39 889.389 37.0346 56.7382 290.264 113.414
internal_count=129959 48647 81312 42676 10653 38716 2704 3960 3166 7487 2166 5971 3436 1067 1743 1794 622 1031 713 1186 2146 1980 36012 2808 811 947 2625 812 429 690 70659 5744 1172 1775 183 205 1135 1885 33204 6762 187 261 1702 460
is_linear=0
shrinkage=0.08


Tree=20
num_leaves=45
num_cat=0
split_feature=17 20 8 23 19 18 8 23 18 17 8 9 2 6 11 5 17 22 17 13 7 19 16 20 3 9 18 8 9 7 19 2 14 22 19 23 17 15 16 23 0 20 4 9
split_gain=10221.2 1583.52 740.533 532.502 425.569 252.266 405.751 208.383 147.066 145.238 127.109 84.8311 82.1411 68.0805 63.2663 55.8401 53.8077 52.817 52.3725 68.9238 40.9106 39.9142 34.7745 32.3679 30.5709 29.52 28.7822 27.3922 37.0705 69.7251 27.2014 91.2059 35.6528 25.8188 24.7574 20.7082 27.3065 20.5927 25.5647 19.5109 17.3902 17.363 17.2739 17.0955
threshold=0.71654228855721402 0.45956843940714914 0.50316455696202544 0.77334765485141432 0.63333333333333341 0.39444444444444454 0.48714568226763355 0.60987836607035473 0.8377192982456142 0.56795061728395069 0.080540540540540509 0.77871939736346529 0.49285418882193083 1.0000000180025095e-35 1.0000000180025095e-35 0.99572649572649585 0.78446455505279045 1.0000000180025095e-35 0.48790243902439029 1.0000000180025095e-35 0.22500000000000003 0.23611111111111113 0.78805704099821761 0.55186206896551737 0.6706827309236949 0.87609649122807032 0.58578431372549034 0.13484848484848486 0.551981471950592 0.13392857142857145 0.63333333333333341 0.83200611875956076 0.059714795008912663 1.0000000180025095e-35 0.63333333333333341 0.73676039902126866 0.39141936968023933 0.33139475908706689 0.48198949644732775 0.38583980724048644 0.76388888888888895 0.64592551622418892 0.17712418300653601 0.51538825757575768
decision_type=2 2 2 2 2 2 2 2 2 2 2 2 2 2 2 2 2 2 2 2 2 2 2 2 2 2 2 2 2 2 2 2 2 2 2 2 2 2 2 2 2 2 2 2
left_child=1 7 4 5 8 30 10 18 12 21 11 -7 17 -9 22 -15 39 25 19 -1 -12 -5 -14 -19 33 -2 -21 -18 -29 -30 -3 41 -33 -8 37 36 -17 -20 -39 -6 -37 -32 -10 -41
right_child=2 3 -4 9 16 6 24 13 42 -11 20 -13 14 15 -16 35 27 23 34 26 -22 -23 -24 -25 -26 -27 -28 28 29 -31 31 32 -34 -35 -36 40 -38 38 -40 43 -42 -43 -44 -45
leaf_value=0.05942191524861376 -0.048512840722681867 -0.0883856673736063 0.084902236146379095 -0.096382942749064504 0.038562109945245823 -0.079098429464270814 -0.12826769945797714 0.086353167485218082 0.074518488905513061 0.080148869367221223 -0.084040033879760334 0.034077236489329123 -0.086593204034142529 -0.14819559228051302 0.081301039333522812 -0.0097744751443918053 0.081612106834040896 0.088011263755456939 0.05264968240873974 -0.068831041999860218 0.14713326578087793 0.076726763320432739 -0.03033817347557681 0.010389501462410019 0.070646040185063388 0.0096066797181441049 0.090493857352463042 0.076077908295778582 -0.013979830571309851 0.084103357225608411 -0.035049701315628748 -0.088998795270625847 0.11102359348729643 0.038204184678685679 0.062006522871393271 0.020789712727467831 0.076618635279853894 -0.047462440856052369 0.068149092270263736 0.029158150605448997 0.062967421131244358 -0.088887818602666896 0.020954317994622187 -0.08280560436921619
leaf_weight=35.874716758728027 146.7248585447669 3625.7360016107559 8825.0465805381536 47.525293923914433 42.970726102590561 66.80122084915638 9.4011824503541011 302.03805007040501 114.51593505591154 181.7391019910574 680.13099069148302 115.97490615397692 185.80380510538816 10.145329117774962 20.106755129992962 88.083229571580887 560.44283467531204 47.578260481357574 29.946804732084274 171.24854537844658 4.9349175542592993 10.387581944465635 113.15551016479731 123.95776013284922 178.09797678142786 90.38557381182909 7.5777771323919287 231.2893338277936 107.5437993183732 81.565860584378242 47.152129463851452 7.4281658604741123 24.558991923928261 16.3017593100667 55.031105257570744 84.385292716324329 31.892504259943962 63.761991105973721 15.149424985051153 14.009030774235724 241.9270981028676 205.08006623387337 58.071918368339539 23.151834569871426
leaf_count=195 654 30827 70096 334 211 373 47 2288 674 1257 5223 468 1167 44 104 357 4033 193 126 1002 16 57 569 531 1070 380 28 1479 472 566 292 38 63 71 222 477 178 310 50 43 1403 1581 265 125
internal_value=0.027595 -0.052858 0.0750204 -0.071489 0.0305558 -0.0770926 -0.0427055 0.0326933 -0.00989849 0.0449926 -0.0665604 -0.00728633 -0.0256448 0.0568893 -0.0560623 0.037392 0.0648837 -0.00189516 -0.0157813 -0.0417778 -0.0823748 -0.065333 -0.0653008 0.0319191 0.0588753 -0.0263579 -0.0620796 0.0700332 0.054597 0.0283249 -0.0865174 -0.0626849 0.0645737 -0.0226851 0.0182751 0.0416109 0.0131909 -0.00383242 -0.0252673 0.00185217 0.0520601 -0.0788234 0.0564954 -0.0405971
internal_weight=17144.6 6358.31 10786.3 5221.25 1961.27 4981.6 1071.64 1137.06 900.3 239.652 867.842 182.776 727.713 758.472 319.066 456.433 1060.97 408.646 378.59 214.701 685.066 57.9129 298.959 171.536 203.801 237.11 178.826 980.842 420.399 189.11 3909.96 284.219 31.9872 25.7029 163.889 446.288 119.976 108.858 78.9114 80.1316 326.312 252.232 172.588 37.1609
internal_count=129959 48397 81562 41717 11466 40069 7268 6680 4537 1648 6080 841 3598 4747 1840 2459 6929 1758 1933 1225 5239 391 1736 724 1188 1034 1030 6550 2517 1038 32801 1974 101 118 708 2415 535 486 360 379 1880 1873 939 168
is_linear=0
shrinkage=0.08


Tree=21
num_leaves=45
num_cat=0
split_feature=18 23 8 20 18 4 17 2 8 6 6 23 17 19 1 22 19 19 13 15 7 19 8 3 7 8 20 9 22 16 19 5 3 14 4 17 8 18 17 3 9 5 20 14
split_gain=9318.4 1799.1 570.872 566.161 288.22 171.999 170.523 228.978 131.452 103.281 83.7992 106.504 87.7104 67.7098 64.9483 66.0012 57.4107 56.8835 59.0574 52.1169 49.489 47.1775 102.867 50.5913 43.2963 44.7103 39.9649 38.0393 35.3601 32.7481 32.0401 29.4473 29.2146 26.0503 25.4104 21.4318 21.0995 176.71 20.914 20.4918 19.3901 17.8562 17.0378 19.1033
threshold=0.58578431372549034 0.76227242634889125 0.42967032967032975 0.5052088985349974 0.8377192982456142 0.27953488372093033 0.65692963752665257 0.81743233715310171 0.48714568226763355 1.0000000180025095e-35 1.0000000180025095e-35 0.81659207584462357 0.56795061728395069 0.30952380952380959 0.1956001912960306 1.0000000180025095e-35 0.43650793650793657 0.23611111111111113 1.0000000180025095e-35 0.49390153205414256 0.13392857142857145 0.63333333333333341 0.48714568226763355 0.25227272727272732 0.18333333333333338 0.13484848484848486 0.59585213840533002 0.45972972972972981 1.0000000180025095e-35 0.81264269406392708 0.63333333333333341 0.050641025641025628 0.54110360360360377 0.059714795008912663 0.28743545611015497 0.78446455505279045 0.50316455696202544 0.24264705882352944 0.62345301757066474 0.56465997770345611 0.65933268858800786 0.050641025641025628 0.72104203935599298 0.22048611111111113
decision_type=2 2 2 2 2 2 2 2 2 2 2 2 2 2 2 2 2 2 2 2 2 2 2 2 2 2 2 2 2 2 2 2 2 2 2 2 2 2 2 2 2 2 2 2
left_child=1 3 4 8 5 13 21 16 14 -10 -3 12 26 19 15 30 -8 18 -11 -2 -16 36 23 -23 25 -7 -12 -27 -18 -21 -1 -15 -4 -24 41 -33 -5 -38 42 -36 -17 -6 -13 -44
right_child=2 10 32 6 34 24 7 -9 9 17 11 38 -14 31 20 40 28 -19 -20 29 -22 22 33 -25 -26 27 -28 -29 -30 -31 -32 35 -34 -35 39 -37 37 -39 -40 -41 -42 -43 43 -45
leaf_value=-0.063578831627224025 0.067835333709975215 0.086281569094902616 0.010268050374936036 -0.089251896713283527 -0.11606903750521948 0.12962670649298397 -0.076759715214464702 0.079350876081927729 0.08127830722885078 0.02313117751198325 0.011255127236148417 0.049617938427771451 0.07787650613153814 -0.14760226796868142 -0.081768706430872098 -0.056581472367275502 -0.057904016477791628 0.071287868877684818 -0.073107781636008382 -0.050153978624175449 0.081321585289436463 -0.011552568323313448 -0.10173642663883521 -0.08891483465965698 0.06358764278023879 0.009530912865859633 -0.091486515503594462 -0.073609284064131975 0.035399298766651786 0.018151119957524539 0.035128188546491537 0.021511180892563712 0.084306194338725882 0.07283531998586977 -0.0015755152352335371 0.061052843469175395 -0.088780544015252136 0.026420591039697641 0.084463177677739282 0.067982289083986305 0.076017502322288183 0.078121158264892424 -0.11996742169035216 0.086766255228036271
leaf_weight=86.338456742465496 47.944345138967037 345.72440233826637 34.251719795167446 2906.9919430688024 3.0455836504697791 8.1423512548208219 312.14814890176058 92.841376945376396 155.24785020202398 78.062630616128445 35.863865658640862 250.56082002818584 41.801429286599159 4.9474522545933715 167.77725859731436 8.008419565856455 48.831189177930355 48.734245434403419 85.511306136846542 123.49077666550875 12.81754334270954 68.451691001653671 6.2589839845895758 258.03536973893642 21.198135025799274 41.714841037988663 74.700704880058765 226.21288969367743 55.588518217206001 70.606380462646484 27.830507218837738 127.35968664288521 8183.7931450754404 43.439549028873444 51.24990239739418 281.9024351015687 685.16125603765249 97.321762263774872 128.40147811174393 57.538385450839996 59.470857635140419 611.7369324490428 8.0179725140333158 4.4473942816257468
leaf_count=450 159 2806 180 26354 21 24 2111 712 1121 271 197 1527 309 25 1220 41 264 272 537 536 62 379 38 2213 131 173 615 1354 261 268 99 538 69633 178 246 1780 6303 421 1040 342 211 4469 37 31
internal_value=0.0271471 -0.0498015 0.0753172 -0.0674562 0.0327813 0.00389118 -0.0778944 -0.0342614 -0.00201969 0.0316865 0.0554863 0.0359077 -0.0208387 0.0267591 -0.0362203 -0.00244409 -0.0595824 -0.00457684 -0.0271795 -0.00685687 -0.0701935 -0.0833614 -0.0563732 -0.072695 -0.0465922 -0.0550524 -0.0581602 -0.0606648 -0.00823338 -0.0253068 -0.0395174 0.0464025 0.0839976 0.0508499 0.0708527 0.0487477 -0.0861131 -0.0744523 0.0579967 0.0352138 0.0602807 0.0771592 0.0450765 -0.046209
internal_weight=16089.5 6194.39 9895.13 5304.87 1677.09 953.519 4575.07 509.409 729.799 367.556 889.518 543.794 152.366 656.251 362.243 181.648 416.568 212.308 163.574 242.042 180.595 4065.66 376.186 326.487 297.268 276.07 110.565 267.928 104.42 194.097 114.169 414.21 8218.04 49.6985 723.571 409.262 3689.47 782.483 391.428 108.788 67.4793 614.783 263.026 12.4654
internal_count=129959 50080 79879 43518 10066 4988 39234 3348 4284 2201 6562 3756 1121 3306 2083 801 2636 1080 808 963 1282 35886 2808 2592 1682 1551 812 1527 525 804 549 2343 69813 216 5078 2318 33078 6724 2635 588 252 4490 1595 68
is_linear=0
shrinkage=0.08


Tree=22
num_leaves=45
num_cat=0
split_feature=18 23 8 20 18 17 2 8 1 6 6 23 19 7 9 17 18 19 22 13 8 19 22 8 9 20 19 15 22 4 15 14 14 8 17 8 9 17 8 9 7 0 17 17
split_gain=8474.89 1622.53 562.598 523.765 268.527 165.937 274.82 116.045 108.586 94.7881 80.5269 95.3746 79.3711 69.3321 67.7255 60.3199 55.154 53.7425 52.2413 51.8203 40.139 39.5815 39.0579 38.4462 35.3266 34.5264 57.2178 33.716 28.5608 37.5639 27.3003 25.6464 24.7011 24.25 22.7237 21.8522 21.3362 20.9687 20.5729 21.2389 34.4915 22.9196 19.5428 18.6367
threshold=0.58578431372549034 0.76227242634889125 0.48714568226763355 0.5052088985349974 0.8377192982456142 0.61736680752340722 0.83200611875956076 0.48714568226763355 0.22378716744913932 1.0000000180025095e-35 1.0000000180025095e-35 0.81659207584462357 0.19090909090909094 0.13392857142857145 0.6195238095238097 0.49897959183673474 0.324561403508772 0.43650793650793657 1.0000000180025095e-35 1.0000000180025095e-35 0.13484848484848486 0.23611111111111113 1.0000000180025095e-35 0.38013136288998362 0.81302966101694929 0.62544964028776995 0.63333333333333341 0.47641299510458396 1.0000000180025095e-35 0.16271373414230558 0.38004524886877833 1.0000000180025095e-35 0.065591397849462371 0.080540540540540509 0.8578167115902966 0.080540540540540509 0.18301435406698566 0.62345301757066474 0.11215932914046124 0.551981471950592 0.18333333333333338 0.11805555555555557 0.50555624151129785 0.62345301757066474
decision_type=2 2 2 2 2 2 2 2 2 2 2 2 2 2 2 2 2 2 2 2 2 2 2 2 2 2 2 2 2 2 2 2 2 2 2 2 2 2 2 2 2 2 2 2
left_child=1 3 4 7 8 25 17 15 18 -9 -3 12 24 14 23 31 19 35 21 -11 -16 27 -19 -10 -12 26 42 -2 30 -30 -17 -1 -28 -33 -23 -7 -20 -13 -6 -40 41 -41 -5 -26
right_child=2 10 -4 5 38 6 -8 9 13 16 11 37 -14 -15 20 28 -18 22 36 -21 -22 34 -24 -25 43 -27 32 -29 29 -31 -32 33 -34 -35 -36 -37 -38 -39 39 40 -42 -43 -44 -45
leaf_value=0.092718661005717795 0.063068239872060242 0.085764507240517165 0.083826341512565655 -0.081895664836469137 0.080443654784799631 -0.035330831078725401 0.07827996537147941 0.079869387280776583 -0.019002969338454506 0.021526727941015102 0.017685614580482609 0.043215532802150437 0.07952578246206124 0.063790556721612796 0.10747808888495529 0.044312344887519582 0.074102901000444796 -0.060376915796084459 -0.092410877227712782 -0.068896093467883016 -0.072773185136100191 0.011465721261081693 0.019554565528415873 0.066125387823278967 -0.093462495737060863 -0.086355434434180797 -0.098108901072213539 -0.049498411345256552 0.090497843221859151 -0.022969223877952877 -0.061431633935385054 -0.03152574993978817 0.0396920178522321 -0.090566053255250967 0.068820052554720568 -0.083580240788996452 0.063809221276648564 0.083905949934407115 0.071011856369450635 0.0079829127111188062 0.081400992689421636 -0.13139346566654519 -0.036904247441987829 0.076606853220194476
leaf_weight=6.4945818781852713 20.909846678376198 320.98978168517351 7522.5250159576535 322.39232095330954 454.26898071914911 71.458345972001553 105.20600400865078 145.73807121813297 153.4801859036088 77.207141309976578 30.616752408444881 252.88532216101885 37.901194378733635 52.688034608960152 8.232776924967764 21.922070793807507 44.987032786011696 80.358582980930805 5.7414877712726584 85.461403265595436 199.56902937591076 131.18755184113979 76.248840689659119 43.59851960837841 72.94033344835043 3139.9396743103862 10.239451989531515 91.759822577238083 40.674858257174492 34.520338281989098 54.402734287083149 70.286591805517673 44.530254155397415 121.4718981012702 66.682815555483103 377.10707371681929 219.76247369125485 119.2847578600049 165.0435841307044 59.504412222653627 43.615818344056606 8.648584842681883 76.438295498490334 4.3709019944071761
leaf_count=37 67 2806 69129 3035 3614 369 810 1121 748 271 188 1595 268 337 27 83 287 508 29 522 1240 632 417 170 633 30144 73 372 150 190 292 359 239 972 476 3042 1227 1040 1166 283 317 45 597 32
internal_value=0.0267138 -0.0486805 0.074378 -0.0659325 0.0331673 -0.0763909 -0.0410607 -0.00191947 0.00609021 0.0304129 0.0542797 0.0347694 -0.0200697 -0.0225344 -0.0337681 -0.0345866 -0.00429688 -0.0618074 0.0305243 -0.0259788 -0.0656319 0.00924215 -0.02146 -0.000170542 -0.0550447 -0.083375 -0.0627436 -0.0286077 0.00341507 0.0384078 -0.0310598 -0.0636303 0.0139295 -0.0689256 0.0307943 -0.0758939 0.0598317 0.0562573 0.0699678 0.0527761 0.0258482 -0.00970389 -0.0732728 -0.0838474
internal_weight=15093.3 5846.07 9247.22 5007.09 1724.69 4303.92 710.379 703.167 993.613 353.394 838.989 517.999 145.829 457.569 404.881 349.773 207.656 605.173 536.044 162.669 207.802 310.54 156.607 197.079 107.928 3593.54 453.6 112.67 151.52 75.1952 76.3248 198.253 54.7697 191.758 197.87 448.565 225.504 372.17 731.081 276.812 111.769 68.153 398.831 77.3112
internal_count=129959 50080 79879 43518 10750 39234 5146 4284 5325 2201 6562 3756 1121 2522 2185 2083 1080 4336 2803 793 1267 1547 925 918 853 34088 3944 439 715 340 375 1368 312 1331 1108 3411 1256 2635 5425 1811 645 328 3632 665
is_linear=0
shrinkage=0.08


Tree=23
num_leaves=45
num_cat=0
split_feature=18 23 8 6 23 19 18 20 9 19 17 13 17 11 2 22 17 19 3 15 8 3 1 22 8 15 4 8 18 8 12 18 17 8 14 14 19 20 8 5 16 5 17 23
split_gain=7703.79 1480.77 557.503 415.107 336.693 251.597 248.112 238.146 129.928 102.674 78.8629 102.543 72.3577 78.876 69.6332 65.1734 53.7037 48.654 42.9388 38.1516 35.2785 36.2915 42.8417 27.9024 27.7496 25.6998 25.6844 55.1168 25.3694 24.1155 21.905 21.7619 21.2256 20.8802 21.0907 20.006 18.3739 36.2049 34.266 17.7251 16.6416 16.636 16.5371 15.2152
threshold=0.58578431372549034 0.65210681791326963 0.48714568226763355 1.0000000180025095e-35 0.81659207584462357 0.23611111111111113 0.8377192982456142 0.53528240147958461 0.6831300813008131 0.58571428571428574 0.49897959183673474 1.0000000180025095e-35 0.63661757237176242 1.0000000180025095e-35 0.49285418882193083 1.0000000180025095e-35 0.56345809664617552 0.43650793650793657 0.83438818565400863 0.50581473968897916 0.18321678321678322 0.44281045751633991 0.30210618692408958 1.0000000180025095e-35 0.48714568226763355 0.38004524886877833 0.16271373414230558 0.38327018361993598 0.324561403508772 0.38013136288998362 0.27953488372093033 0.18898809523809526 0.64425612052730707 0.11215932914046124 0.71825396825396837 0.087595907928388769 0.63333333333333341 0.75091240875912424 0.062019230769230778 0.050641025641025628 0.76349757113115901 0.10063291139240506 0.7528146742567996 0.93260895996842308
decision_type=2 2 2 2 2 2 2 2 2 2 2 2 2 2 2 2 2 2 2 2 2 2 2 2 2 2 2 2 2 2 2 2 2 2 2 2 2 2 2 2 2 2 2 2
left_child=1 7 6 24 5 8 9 10 -5 14 11 -1 36 17 19 25 -10 40 29 41 -11 22 -22 -21 -3 -12 -17 -28 -13 -16 -19 -7 43 39 -35 -30 -9 38 -38 -8 -14 -2 -23 -6
right_child=2 3 -4 4 32 31 33 12 16 20 15 28 13 -15 18 26 -18 30 -20 23 21 42 -24 -25 -26 -27 27 -29 35 -31 -32 -33 -34 34 -36 -37 37 -39 -40 -41 -42 -43 -44 -45
leaf_value=0.059011478522458055 0.019568120051305142 -0.036169100238680495 0.083346554239288967 0.023369712224421364 0.013097602798783931 -0.03324341838309057 -0.11030487660984684 -0.086434290386039378 -0.089308241487987078 0.062361190137516724 0.035643298902565956 -0.079252587319085896 -0.079907764972868819 0.072468573734979488 -0.071037218663535878 0.10221612606026691 0.035470770503630823 0.015735640311973987 0.11363995504339069 -0.028409608393834197 0.0084151615977814433 -0.031213492485403092 -0.12067553109036289 0.025517332358810298 0.086772503827143146 -0.060575737394743805 -0.060032891174977523 0.080459513839201191 0.082848730972021722 -0.012208162736320208 -0.054410932375528714 0.090821987962754633 0.084055972035015553 0.0014708906977276045 0.061201611485146586 -0.041045796908614367 0.069758870077801224 -0.085406574730352874 -0.049119794839122301 0.080928470943550226 -0.011232618502124861 0.087370020061143916 0.060499863722978865 0.055325303780351151
leaf_weight=49.736602187156677 49.141307301819324 12.058309629559515 6982.5206631496549 88.960013650357723 81.255397446453571 10.145578145980833 3.125021055340766 2746.7024158164859 414.97780373692513 192.23390183970332 24.02349779009819 215.75350447744131 311.78326523303986 30.960541106760502 168.41707571595907 44.42845256626606 23.315302152186632 65.402754083275795 10.031319394707678 163.37480653822422 65.461988911032677 14.802581384778021 21.977302096784115 98.384564898908138 459.58916966989636 68.20507600158453 29.36733639985323 45.653861798346043 9.5457584485411626 60.657291509211063 50.482789315283298 83.676142569631338 107.41229953616858 45.729359664022923 219.11237954348326 66.109613969922066 19.219362989068031 196.27201847732067 80.57736049592495 420.89731490984559 24.346110321581364 43.80615446716547 83.904430545866489 166.52339009940624
leaf_count=309 205 93 69129 444 515 48 21 28355 4079 1365 97 1700 2498 226 1076 167 153 300 46 732 320 81 128 436 4010 397 187 302 41 314 338 575 1012 244 1567 432 87 1812 661 3593 134 174 448 1108
internal_value=0.0262705 -0.0474993 0.073437 0.0220019 -0.00777118 -0.0433001 0.0317807 -0.0721726 -0.0647791 0.00575448 -0.0233535 -0.0471548 -0.0798273 -0.0510613 -0.0149987 0.0150053 -0.0826705 -0.0595225 -0.0483654 0.00749364 0.0383235 0.0134997 -0.024031 -0.00814069 0.0836293 -0.0355128 0.0540109 0.0254632 -0.0652749 -0.0554597 -0.0148221 0.077406 0.0543534 0.0685116 0.0508881 -0.0254135 -0.0843933 -0.0654583 -0.0262255 0.0795191 -0.0749336 0.0515232 0.0467461 0.0414774
internal_weight=14170.1 5526.48 8643.58 1447.91 976.266 621.075 1661.06 4078.57 527.253 972.193 552.824 341.145 3525.75 482.975 593.813 211.678 438.293 452.015 239.106 354.707 378.38 186.146 87.4393 261.759 471.647 92.2286 119.45 75.0212 291.409 229.074 115.886 93.8217 355.191 688.864 264.842 75.6554 3042.77 296.069 99.7967 424.022 336.129 92.9475 98.707 247.779
internal_count=129959 50080 79879 12037 7934 5299 10750 38043 4676 5325 3632 2482 34411 3496 2983 1150 4232 3270 1436 1547 2342 977 448 1168 4103 494 656 489 2173 1390 638 623 2635 5425 1811 473 30915 2560 748 3614 2632 379 529 1623
is_linear=0
shrinkage=0.08


Tree=24
num_leaves=45
num_cat=0
split_feature=18 23 8 6 23 19 18 20 9 19 17 13 17 2 11 17 22 8 9 11 15 8 17 7 17 4 8 19 2 15 0 15 14 17 20 8 7 9 8 3 19 19 17 20
split_gain=7004.29 1336.82 552.772 415.866 323.978 235.013 234.086 200.846 125.339 91.516 71.3868 70.8126 64.8849 59.8763 59.1404 55.4177 52.4908 47.2502 40.9114 40.1852 34.0202 33.415 32.2637 29.6497 27.5388 25.9065 44.5134 24.768 29.0672 24.5347 24.374 23.3628 21.6065 21.3586 21.0059 19.3545 20.8913 39.4124 17.8736 23.5286 16.9618 35.5898 19.7294 17.9181
threshold=0.58578431372549034 0.63403011357476335 0.50316455696202544 1.0000000180025095e-35 0.81659207584462357 0.23611111111111113 0.8377192982456142 0.53528240147958461 0.65058139534883741 0.58571428571428574 0.49897959183673474 1.0000000180025095e-35 0.63661757237176242 0.49285418882193083 1.0000000180025095e-35 0.56795061728395069 1.0000000180025095e-35 0.076197387518142215 0.70087719298245621 1.0000000180025095e-35 0.46920477274294781 0.54110360360360377 0.78065486134313411 0.15476190476190479 0.92331216184427201 0.16271373414230558 0.38327018361993598 0.43650793650793657 0.8057728017872946 0.41431417188389302 0.38750000000000007 0.36285052835965803 0.059714795008912663 0.62345301757066474 0.81782106782106789 0.11215932914046124 0.18333333333333338 0.6224318658280924 0.18321678321678322 0.33060109289617495 0.63333333333333341 0.93750000000000011 0.48790243902439029 0.75091240875912424
decision_type=2 2 2 2 2 2 2 2 2 2 2 2 2 2 2 2 2 2 2 2 2 2 2 2 2 2 2 2 2 2 2 2 2 2 2 2 2 2 2 2 2 2 2 2
left_child=1 7 6 21 5 8 9 10 -5 13 11 -1 40 20 17 -10 31 18 -14 30 -2 23 34 -3 -22 -18 -27 -13 -29 -19 -15 -12 -7 -6 -11 -8 37 -37 -24 -40 -9 42 -42 -43
right_child=2 3 -4 4 33 32 35 12 15 22 16 27 14 19 -16 -17 25 29 -20 -21 24 -23 38 -25 -26 26 -28 28 -30 -31 -32 -33 -34 -35 -36 36 -38 -39 39 -41 41 43 -44 -45
leaf_value=0.053460955867050783 0.058334978858196038 -0.073562552224805358 0.083026143903886518 0.026259793320772308 0.039238316881534105 -0.025912424804480094 0.07862147036924462 -0.085480234792748522 -0.086688738073006116 0.027108462793639192 0.044461876042361424 -0.080818529413231852 -0.10750960190408634 -0.058991099357528186 0.071683075473261457 0.036405272271036342 0.098624172753754458 0.076070478456134141 0.022193953461141551 0.077457087052103413 -0.015316010734531245 0.086115969670783873 0.0720398108176971 0.10147809617195548 0.054370410925841849 -0.056920464239955344 0.075163829562547302 -0.047219712158194121 0.084584281598279146 -0.074464903824241743 0.074569919507646298 -0.05401853621521184 0.089354498594794982 0.082896702476496956 -0.046966853672535745 0.060142207527178054 0.082709184956482731 -0.020202680234889355 -0.091920590280760453 0.039903304290996734 -0.07530113307266191 -0.041004786526970871 0.15009314304948462 -0.08498646733762312
leaf_weight=38.001419350504875 67.203432872891426 16.235148467123512 6446.7711403556168 83.53373334184289 236.1834861561656 11.968610621988772 395.75451938435435 2522.1460756510496 441.18371766060591 64.289163418114185 19.700350262224674 177.29208692908287 19.951315052807331 213.91153642907739 23.901018004864454 24.718966454267502 42.445175349712372 7.0768369808793059 70.776717081665993 16.069287046790123 243.29674528539181 441.9971488006413 134.22838523983955 10.01303645968437 42.65683289244771 28.530627347528934 38.18336521089077 83.910208187997341 12.274917975068091 332.1444134786725 9.1174677088856679 70.911719083786011 79.80277257040143 102.98845547065139 39.586989901959896 127.50673092901707 89.164406467229128 56.340377487242222 9.3053173646330816 126.00103753432631 3.7258851826190931 88.26217956840992 7.4656956866383553 180.55625527352095
leaf_count=253 280 137 68801 408 1595 58 3614 27875 4589 306 75 1515 130 1337 179 169 167 42 298 94 1068 4126 1126 57 201 187 262 555 55 2758 58 416 587 1040 221 921 786 295 56 715 33 704 31 1779
internal_value=0.0258445 -0.0464272 0.0724911 0.0188856 -0.0107374 -0.0441847 0.0309371 -0.0715419 -0.0639786 0.00574188 -0.0249258 -0.0488664 -0.0788614 -0.0138134 -0.0508 -0.0801579 0.0124018 -0.0576089 -0.00632817 -0.0447277 0.00711651 0.0809081 0.0367579 -0.00678885 -0.00492061 0.0497636 0.0186772 -0.0630855 -0.0303992 -0.0713244 -0.0535311 -0.0326075 0.0743217 0.052495 -0.00112149 0.0673178 0.050932 0.0355203 0.0513563 0.0308375 -0.0834064 -0.0647263 0.0750552 -0.0705458
internal_weight=13297.1 5215.88 8081.2 1448.63 980.38 641.208 1634.43 3767.26 549.436 965.666 511.25 311.479 3256.01 592.255 453.85 465.903 199.771 429.949 90.728 239.098 353.157 468.245 373.411 26.2482 285.954 109.159 66.714 273.477 96.1851 339.221 223.029 90.6121 91.7714 339.172 103.876 668.766 273.012 183.847 269.535 135.306 2802.16 280.01 11.1916 268.818
internal_count=129959 50080 79879 12766 8446 5811 11078 37314 5166 5462 3485 2378 33829 3038 3407 4758 1107 3228 428 1489 1549 4320 2424 194 1269 616 449 2125 610 2800 1395 491 645 2635 527 5616 2002 1216 1897 771 30422 2547 64 2483
is_linear=0
shrinkage=0.08


Tree=25
num_leaves=45
num_cat=0
split_feature=17 23 8 6 19 23 20 18 20 17 18 2 4 8 20 19 9 12 3 8 9 7 16 19 22 15 3 8 7 12 19 3 2 11 9 5 9 8 17 22 17 20 19 19
split_gain=6378.46 1085.24 558.051 380.783 249.702 249.273 246.422 226.819 106.603 75.1199 72.1826 97.5415 72.1226 71.4702 60.7605 54.3552 44.4506 43.6659 40.0811 37.4132 42.6413 65.9539 35.4233 34.9229 41.0924 31.5667 30.0163 29.5155 29.5688 29.2547 26.1874 25.8369 25.6204 44.146 23.5321 23.118 22.0234 20.0041 19.8768 19.3578 18.1137 18.9578 21.9941 17.4716
threshold=0.73541565386485186 0.63403011357476335 0.50316455696202544 1.0000000180025095e-35 0.63333333333333341 0.80909953424184933 0.54358379062895745 0.24264705882352944 0.22749774977497753 0.49897959183673474 0.39444444444444454 0.77132101769198547 0.23132664437012265 0.080540540540540509 0.26639784946236561 0.63333333333333341 0.85839598997493749 0.089719939627704207 0.83438818565400863 0.11215932914046124 0.551981471950592 0.13392857142857145 0.78487818157070921 0.13392857142857145 1.0000000180025095e-35 0.50581473968897916 0.48934240362811798 0.54110360360360377 0.15476190476190479 0.087595907928388797 0.58571428571428574 0.99494949494949514 0.45003840245775734 1.0000000180025095e-35 0.4841229838709678 0.050641025641025628 0.84409722222222239 0.41444372153545878 0.85014970059880246 1.0000000180025095e-35 0.62345301757066474 0.72104203935599298 0.30952380952380959 0.23611111111111113
decision_type=2 2 2 2 2 2 2 2 2 2 2 2 2 2 2 2 2 2 2 2 2 2 2 2 2 2 2 2 2 2 2 2 2 2 2 2 2 2 2 2 2 2 2 2
left_child=1 6 4 27 12 7 9 8 31 14 -8 13 16 15 -1 -12 17 -2 22 35 -21 37 25 24 -9 -14 -24 28 -3 36 -16 -5 39 -34 -15 -6 -11 -22 -19 -31 41 -7 -43 -10
right_child=2 3 -4 5 19 40 10 23 43 29 11 -13 18 34 30 -17 -18 38 -20 20 21 -23 26 -25 -26 -27 -28 -29 -30 32 -32 -33 33 -35 -36 -37 -38 -39 -40 -41 -42 42 -44 -45
leaf_value=0.028343988242950049 -0.081302397482885355 -0.08612410714629494 0.082605067354060216 -0.11769452259669647 -0.12064622743878223 0.041925440676355751 -0.084126428395659494 -0.1098525351514872 -0.087795679340934518 -0.11816274335032612 -0.042583417503299428 0.066493658600048522 0.024160076664645442 -0.044306440823573663 -0.073021406208861273 0.067504591113146314 0.046336045093292026 -0.021595521664134892 0.10670084154897266 0.066902408444920861 -0.03714385724144019 0.080153564753859236 -0.040176791824435218 0.08815248169195139 0.048955750562521091 -0.080466973576786102 0.028811530667495717 0.086031549134221133 0.10044609373064557 0.026739226000609472 -0.0074734412274152255 0.029702048279208207 -0.039038376721002119 0.080340678816578748 -0.084156428511021494 0.077720905662437695 0.02805469283761906 0.043421243907940416 0.033412348631995374 0.096461939961262622 0.082107956772667898 -0.11289667220703736 0.087154978590901142 -0.0032556313065544851
leaf_weight=59.428463026881218 40.997986581176519 13.063453219830992 6014.0793120674789 8.4629207849502546 3.7942985221743575 222.79593581706285 2305.8690883815289 14.806569971144198 379.88305643945932 17.332908272743229 102.63192921876907 39.792329482734203 21.458471082150936 121.71610128134489 216.22425096482038 39.848734676837921 186.81574879959226 72.006262339651585 12.735142320394514 201.10386655107141 96.879555609077215 62.908988952636719 101.24089003354311 75.517970599234104 35.261623479425907 131.86822078377008 67.124835573136806 385.49144233390689 9.3119900897145254 75.398445665836334 47.594392515718937 75.615173935890198 70.510138116776943 27.579488437622786 429.47528734058142 416.23615951836109 10.639610528945921 24.7670165784657 101.02584723010659 38.497495427727699 70.167076501995325 10.854975730180742 5.203168921172618 16.317433893680573
leaf_count=367 208 122 69305 36 24 1568 27225 94 4453 102 623 301 119 1025 1963 147 1077 303 73 1571 457 581 530 626 194 977 367 3778 51 299 255 321 521 203 4304 4083 42 129 492 154 718 58 41 72
internal_value=0.0254216 -0.0454117 0.0715993 0.0165611 0.028646 -0.0120982 -0.0681664 -0.0419211 -0.0669514 -0.0195614 -0.0771732 -0.0553134 -0.00506444 -0.0623009 -0.0447344 -0.0117942 0.0178212 -0.00706787 -0.0324953 0.0594101 0.041419 0.0136507 -0.0380058 0.0538022 0.00199168 -0.0658241 -0.0126722 0.0808467 -0.00847917 0.0143491 -0.0611962 0.0148658 0.024496 -0.00547302 -0.0753566 0.075929 -0.0625476 -0.020741 0.0105212 0.0503059 0.0463725 0.0358747 -0.0480758 -0.0843139
internal_weight=12480.3 4925.29 7555.04 1322.75 1540.96 914.886 3602.54 605.865 480.279 563.205 3039.33 733.464 735.273 693.672 323.247 142.481 400.846 214.03 334.428 805.69 385.659 184.556 321.692 125.586 50.0682 153.327 168.366 407.867 22.3754 239.958 263.819 84.0781 211.986 98.0896 551.191 420.03 27.9725 121.647 173.032 113.896 309.021 238.854 16.0581 396.2
internal_count=129959 49663 80296 12132 10991 8181 37531 5796 4882 3906 33625 6400 4146 6099 2585 770 2080 1003 2066 6845 2738 1167 1993 914 288 1096 897 3951 173 1321 2218 357 1177 724 5329 4107 144 586 795 453 2385 1667 99 4525
is_linear=0
shrinkage=0.08


Tree=26
num_leaves=45
num_cat=0
split_feature=18 23 8 6 23 18 20 19 9 22 17 2 17 13 5 19 22 8 20 17 7 19 18 15 19 17 9 8 1 8 15 17 15 18 17 1 8 7 9 8 5 23 3 12
split_gain=5807.31 1091.78 536.306 318.741 241.169 206.39 204.103 184.786 103.914 81.3687 73.1908 121.728 56.1242 74.8081 53.7661 51.3043 49.4118 46.6832 44.9329 42.5496 36.6719 33.8824 26.67 25.5399 28.2935 22.5088 22.4385 22.3101 21.6664 39.9637 21.4423 21.3517 20.2738 18.7271 18.6503 18.5289 18.2787 21.41 32.5075 16.0267 15.5097 14.6059 45.6701 13.5961
threshold=0.58578431372549034 0.65210681791326963 0.51925925925925942 1.0000000180025095e-35 0.81659207584462357 0.8377192982456142 0.54358379062895745 0.23611111111111113 0.6831300813008131 1.0000000180025095e-35 0.57821912650602425 0.83200611875956076 0.49897959183673474 1.0000000180025095e-35 0.27953488372093033 0.58571428571428574 1.0000000180025095e-35 0.072077922077922088 0.74298820445609448 0.56345809664617552 0.29285714285714287 0.63333333333333341 0.324561403508772 0.51628047857034687 0.23611111111111113 0.82250527585167332 0.44151846785225723 0.48714568226763355 0.14670014347202301 0.38327018361993598 0.37053001277139214 0.64425612052730707 0.38004524886877833 0.18898809523809526 0.79887640449438213 0.11852502194907817 0.11215932914046124 0.18333333333333338 0.6224318658280924 0.40253164556962034 0.050641025641025628 0.93260895996842308 0.99494949494949514 0.095811818703384968
decision_type=2 2 2 2 2 2 2 2 2 2 2 2 2 2 2 2 2 2 2 2 2 2 2 2 2 2 2 2 2 2 2 2 2 2 2 2 2 2 2 2 2 2 2 2
left_child=1 6 5 27 7 9 12 8 -5 14 -8 15 13 -1 23 34 32 -11 -17 -10 26 25 -15 35 -25 -19 -16 -3 -18 -30 -24 41 43 -9 -12 -2 40 38 -38 -40 -7 42 -6 -14
right_child=2 3 -4 4 31 36 10 33 19 17 11 -13 16 22 20 18 28 21 -20 -21 -22 -23 30 24 -26 -27 -28 -29 29 -31 -32 -33 -34 -35 -36 -37 37 -39 39 -41 -42 -43 -44 -45
leaf_value=0.053279509068989615 0.020308259453664431 -0.031945899462316046 0.082292836708904318 0.019778760335816662 -0.2438276431755243 -0.093538378404181333 -0.08330414474952233 -0.029729363050950523 -0.085302384529281988 0.07388257435752571 -0.074524103202893099 0.088505929819618939 -0.054782628737298292 -0.072996278758776886 0.0094937576493566694 0.064511742292393384 0.094452954940778378 -0.050890948896805538 -0.044942705863485942 0.030466063400666373 0.07529417436738689 0.043858166712712796 0.016054997207138801 -0.042558876844133141 0.012641009096904993 0.011354163034643108 -0.075888887499281674 0.084300630902511192 -0.04979734293469907 0.071878993478050754 -0.074581050191972864 0.082809854514806935 -0.054417689445249502 0.087700434555440285 -0.0099519580187767617 0.11069408711993127 0.057082972721821917 0.081765599200491743 -0.040421609795504056 0.057189194881825563 0.078682721713497841 0.050471582839112364 0.022668152566768959 0.073945163675609452
leaf_weight=44.922646082937717 75.013689000159502 10.87538845092058 5530.9270910918713 85.047309070825577 4.3674524277448645 3.3794577270746222 2167.0337021648884 9.9448455870151502 342.55216863006353 117.58358635380864 553.54835105314851 36.410107254981995 7.836270488798621 202.34258927404881 23.040952883660793 33.92309258133173 39.929852623492479 56.479671098291874 82.089405179023743 21.599858473986387 13.194986604154108 137.27908211573958 46.543659806251526 105.76165752112865 135.64988164231181 108.81492637842894 135.79468052461743 371.73155920952559 29.784185692667961 41.135045859962702 26.057556390762329 85.834372460842133 67.73165887594223 68.963036838918924 30.188160181045532 17.998056083917618 118.03321993723512 85.876281064003706 43.36739944294095 14.320081599056719 344.86456930264831 148.49159079790115 71.364680267870426 15.917346552014349
leaf_count=309 363 93 68601 444 29 21 27315 48 4079 842 5609 268 35 1854 105 176 169 360 643 153 114 849 274 461 886 549 954 4010 206 311 220 1012 427 575 165 64 931 884 218 84 3593 1108 486 62
internal_value=0.0250054 -0.0444674 0.0706776 0.020493 -0.00712574 0.0288651 -0.0676186 -0.0400068 -0.0598405 0.00507835 -0.0759007 -0.0541072 -0.021574 -0.0424331 -0.0165143 -0.0615278 0.0114018 0.0311059 -0.0129372 -0.0784355 -0.0528572 0.0144824 -0.0580715 0.00218086 -0.0115419 -0.00991443 -0.0635031 0.0809964 0.0473172 0.0207782 -0.0164755 0.048879 -0.0321153 0.0729006 -0.0711847 0.0377982 0.0650074 0.0490273 0.0330278 -0.0161911 0.0770114 0.0358901 0.00729941 0.0314781
internal_weight=11713.5 4646.17 7067.38 1220.77 838.165 1536.45 3425.39 528.107 449.199 926.611 2903.19 736.159 522.201 319.866 506.454 699.749 202.334 420.157 116.012 364.152 172.031 302.574 274.944 334.423 241.412 165.295 158.836 382.607 110.849 70.9192 72.6012 310.058 91.4853 78.9079 583.737 93.0117 609.841 261.597 175.721 57.6875 348.244 224.224 75.7321 23.7536
internal_count=129959 50080 79879 12037 7934 11278 38043 5299 4676 5547 34176 6861 3867 2657 2947 6593 1210 2600 819 4232 1173 1758 2348 1774 1347 909 1059 4103 686 517 494 2635 524 623 5774 427 5731 2117 1233 302 3614 1623 515 97
is_linear=0
shrinkage=0.08


Tree=27
num_leaves=45
num_cat=0
split_feature=17 23 8 6 20 19 18 20 18 2 1 17 18 13 19 4 19 8 16 19 5 9 12 9 7 22 9 8 9 23 9 7 1 9 7 1 14 17 1 0 19 8 15 22
split_gain=5280.64 886.3 539.91 280.032 251.325 209.813 180.392 261.264 84.9204 102.048 65.6742 62.3577 59.4667 74.2621 51.5827 44.2923 40.7261 36.8384 38.9093 34.254 34.08 33.7062 35.2753 30.9508 30.4335 26.9953 25.878 21.757 20.3616 36.7083 19.7034 24.2533 19.5491 19.4246 25.7716 19.1421 17.1222 17.0811 15.3579 13.2989 12.7299 12.282 12.2779 11.6656
threshold=0.73541565386485186 0.66305583003952584 0.50316455696202544 1.0000000180025095e-35 0.54358379062895745 0.63333333333333341 0.324561403508772 0.22749774977497753 0.39444444444444454 0.82212526036055456 0.18321678321678322 0.94908607510800946 0.324561403508772 1.0000000180025095e-35 0.23611111111111113 0.23132664437012265 0.58571428571428574 0.11215932914046124 0.81977395377252837 0.63333333333333341 0.99572649572649585 0.87609649122807032 0.089719939627704207 0.89009661835748799 0.2678571428571429 1.0000000180025095e-35 0.59417229729729748 0.48714568226763355 0.67769272826681248 0.3727473463137328 0.551981471950592 0.18333333333333338 0.20550527903469087 0.407785336356765 0.13392857142857145 0.91331186258722508 0.059714795008912663 0.46943566158857913 0.93405797101449284 0.76388888888888895 0.93750000000000011 0.076197387518142215 0.62020410165832607 1.0000000180025095e-35
decision_type=2 2 2 2 2 2 2 2 2 2 2 2 2 2 2 2 2 2 2 2 2 2 2 2 2 2 2 2 2 2 2 2 2 2 2 2 2 2 2 2 2 2 2 2
left_child=1 4 5 -3 12 11 7 20 38 10 16 15 13 -1 42 21 -10 28 33 23 -5 22 -2 25 26 -14 -17 -12 29 -7 -20 -32 -25 -19 -35 37 -16 -15 -6 -22 -21 -23 -9 -8
right_child=2 3 -4 6 8 17 43 14 9 -11 27 -13 19 35 36 24 -18 18 30 40 39 41 -24 32 -26 -27 -28 -29 -30 -31 31 -33 -34 34 -36 -37 -38 -39 -40 -41 -42 -43 -44 -45
leaf_value=0.049964857684785181 -0.083802912713957872 0.082783042462797385 0.08182903876887998 -0.13235731537726156 -0.082024309029776726 -0.22727760324814547 0.031104847080579368 -0.086420918374348038 -0.039065228650392192 0.070615235680184713 -0.076911783619844354 0.053481036373105473 -0.060025115450186961 -0.07421223663397418 -0.055551374473354447 -0.015329238064452685 0.048305134804725675 0.051963509218143564 0.0754501213557673 0.14055417024677211 0.013355372395289441 0.046834714625879459 0.001851114636875293 0.066939146545787698 0.071380558736389946 0.011797994760521749 -0.065459089598939355 -0.0072535819755643813 0.077665185666733361 0.066690871037216784 0.0050494687856232233 0.080333331244262243 -0.023260572331271375 -0.047263825257660763 0.079184778377850082 0.13918421406160239 0.089686280420096201 -0.00765006390682946 0.15672712114117882 0.049565602481788429 0.040059239998785627 -0.026177642162198977 0.07603866807906394 0.08155235735575915
leaf_weight=45.538351304829121 38.609483860433102 317.77164686098695 5171.9276880957186 8.027204751968382 2069.9179529026151 3.9660206101834765 38.862774301320314 295.35415826737881 120.40351814031601 42.548572435975075 446.74770918488503 100.84541339799762 81.441386967897415 184.07495208084583 7.9310840368270901 116.15763854980469 47.660672925412655 28.747070524841547 137.25267901644111 8.923680514097212 109.00981134921312 113.07772077620029 151.59047493338585 44.138352051377296 15.538941629230974 56.88555620983243 152.33736430853605 30.666717298328876 357.69377200677991 8.6433086767792684 78.970796298235655 41.927854035049677 23.600154280662537 60.45879128575325 12.437691655009983 2.971116989850997 15.058371461927889 28.493402518332005 1.7257656678557385 160.46990378946066 84.04256846383214 16.95660874247551 3.007542058825492 119.67724238708615
leaf_count=335 197 3611 69305 35 27957 27 399 3815 816 372 5032 691 556 1785 40 590 197 151 1345 36 607 608 673 172 123 408 1173 148 3988 92 381 463 201 286 112 13 69 205 8 1217 450 91 13 1166
internal_value=0.0245793 -0.0433764 0.0697821 0.0197512 -0.0638214 0.0263699 -0.00669419 -0.0267826 -0.073738 -0.0493867 -0.0572969 -0.00475508 -0.0149624 -0.0428598 -0.0758863 -0.014474 -0.0142882 0.0564298 0.0381991 0.00939425 0.0300792 0.00592411 -0.0155362 -0.00879217 -0.0374719 -0.0304886 -0.0437717 -0.0724373 0.074143 -0.0257712 0.054707 0.031158 0.0355135 -0.00372713 -0.025689 -0.0624714 0.039581 -0.06529 -0.0818254 0.0349179 0.0497056 0.0373138 -0.0847833 0.0691862
internal_weight=11002.1 4394.95 6607.14 1075.17 3319.78 1435.21 757.398 598.858 2759.67 688.027 645.479 705.114 560.11 261.078 321.351 604.268 168.064 730.098 359.795 299.032 277.507 320.234 190.2 206.065 284.034 138.327 268.495 477.414 370.303 12.6093 258.151 120.899 67.7385 101.644 72.8965 215.539 22.9895 212.568 2071.64 269.48 92.9662 130.034 298.362 158.54
internal_count=129959 49663 80296 10972 38691 10991 7361 5796 34530 6565 6193 4146 4161 2338 3937 3455 1013 6845 2738 1823 1859 1569 870 1337 1886 964 1763 5180 4107 119 2189 844 373 549 398 2003 109 1990 27965 1824 486 699 3828 1565
is_linear=0
shrinkage=0.08


Tree=28
num_leaves=45
num_cat=0
split_feature=18 23 8 6 23 18 20 19 9 22 17 2 19 20 8 9 5 8 17 18 7 19 9 8 19 18 22 19 7 17 17 9 16 8 7 9 8 14 12 18 12 9 0 14
split_gain=4811.41 892.743 519.636 293.725 209.038 175.478 170.276 158.509 93.9169 69.2577 67.7981 92.1156 58.5424 53.4827 46.0733 47.7957 42.4709 40.2698 39.3118 38.9496 29.4465 28.2742 27.6939 26.7103 26.0568 23.2756 22.4667 22.1864 21.8108 21.4674 21.1366 20.5825 18.9685 18.8544 20.9917 27.64 18.4974 17.0321 17.0083 15.688 15.4517 13.563 13.0245 12.6307
threshold=0.58578431372549034 0.63403011357476335 0.51925925925925942 1.0000000180025095e-35 0.81659207584462357 0.8377192982456142 0.57511061946902664 0.23611111111111113 0.65058139534883741 1.0000000180025095e-35 0.57821912650602425 0.83200611875956076 0.58571428571428574 0.29222126188418329 0.072077922077922088 0.84877072612921689 0.27953488372093033 0.072077922077922088 0.56345809664617552 0.39444444444444454 0.29285714285714287 0.93750000000000011 0.913664596273292 0.5629401408450706 0.63333333333333341 0.62019230769230782 1.0000000180025095e-35 0.19090909090909094 0.15476190476190479 0.45476087893149514 0.64425612052730707 0.58995376208490968 0.78487818157070921 0.11215932914046124 0.18333333333333338 0.70871212121212135 0.40253164556962034 0.059714795008912663 0.048199767711962889 0.324561403508772 0.087595907928388797 0.68042553191489374 0.58571428571428574 0.75595238095238104
decision_type=2 2 2 2 2 2 2 2 2 2 2 2 2 2 2 2 2 2 2 2 2 2 2 2 2 2 2 2 2 2 2 2 2 2 2 2 2 2 2 2 2 2 2 2
left_child=1 6 5 23 7 9 12 8 42 16 -8 14 13 -1 15 -12 25 41 -10 -15 31 -14 -21 28 32 -2 -16 -27 -3 39 -6 -18 -19 38 35 43 -37 -9 -7 -23 -31 -11 -5 -35
right_child=2 3 -4 4 30 33 10 37 18 17 11 -13 21 19 26 -17 20 24 -20 22 -22 29 -24 -25 -26 27 -28 -29 -30 40 -32 -33 -34 34 -36 36 -38 -39 -40 -41 -42 -43 -44 -45
leaf_value=0.021780450261158088 -0.043083757708602642 -0.065382655632932371 0.08156155975330634 -0.058874674533312951 0.032371446531238995 -0.17677628894761277 -0.082775830605536213 -0.021158354484191459 -0.081963981819478948 -0.058755088065984173 -0.06282362842286586 0.093135600279828909 0.1390729306742621 -0.070576918773666272 -0.086555983982407145 0.041483661099653596 -0.017951175800285119 -0.03658984440911487 0.02726496708132814 -0.038502431979521676 0.073143009936626799 -0.069747090050700594 0.044683563199425978 0.08330942471121075 0.04063144280130989 -0.017667727097637573 -0.052750004645507234 0.029972215305570586 0.088293990028159075 -0.10303129003793191 0.082104852834436914 -0.080093756804389585 0.018314254527004629 0.0069752032788602319 0.080701413429819874 -0.057136195335435902 0.064131337480173675 0.085136974211327848 0.076832000578671414 0.037290005704290863 0.053863491381513758 0.077675496264089247 0.034972878303709896 0.064489622441235919
leaf_weight=77.429173871874809 61.88694255053997 14.603473439812662 4756.1322539709508 11.031009674072264 209.54135201126337 1.7019070610404003 1788.5369288697839 11.422169044613836 342.31134081631899 4.8875808194279662 58.298049949109554 26.648563496768475 12.602322556078432 238.57475922256708 243.9943285882473 54.303995959460735 52.215632390230894 75.941268287599087 22.471940871328115 95.71280625090003 11.711987793445585 26.203181967139244 34.971725933253765 333.26083832979202 130.00968863815069 102.39389005303383 259.75910411030054 160.83731944859028 9.9296290501952154 4.3360666856169692 74.00761553645134 98.38230374827981 85.74083050340414 33.631953798234463 74.587562169879675 31.529428239911795 10.810126468539236 62.09903584048152 304.37240414693952 13.16726318001747 54.655959073454142 101.7258180603385 66.645588811486959 89.386270124465227
leaf_count=520 289 140 68601 46 1623 10 25997 58 4584 23 440 205 49 2690 2926 271 284 479 174 692 114 183 176 4108 849 430 2777 1055 72 23 1012 775 430 197 884 164 67 587 3604 64 301 819 362 805
internal_value=0.0241577 -0.0425249 0.0688419 0.017132 -0.00982874 0.0265885 -0.0656222 -0.0401525 -0.0582271 0.00459877 -0.0747661 -0.0524869 -0.025752 -0.0386711 -0.058783 -0.0125199 -0.0156233 0.0293456 -0.0752351 -0.0513471 -0.049045 0.0262539 -0.0162415 0.0773788 0.0139671 0.00106196 -0.069124 0.0114408 -0.00318294 0.0117994 0.0453521 -0.0585476 -0.00747392 0.0622594 0.0454695 0.0295775 -0.0261742 0.0686231 0.0754218 -0.033949 0.0423313 0.071421 0.0216454 0.0487658
internal_weight=10334.4 4146.52 6187.89 1157.32 799.53 1431.75 2989.19 515.981 442.46 885.733 2431.54 643.004 557.653 446.688 616.355 112.602 487.428 398.305 364.783 369.259 162.31 110.965 130.685 357.794 291.692 325.118 503.753 263.231 24.5331 98.3625 283.549 150.598 161.682 546.02 239.945 165.358 42.3396 73.5212 306.074 39.3704 58.992 106.613 77.6766 123.018
internal_count=129959 50080 79879 12766 8446 11278 37314 5811 5166 5547 32616 6619 4698 4078 6414 711 2947 2600 4758 3558 1173 620 868 4320 1758 1774 5703 1485 212 571 2635 1059 909 5731 2117 1233 231 645 3614 247 324 842 408 1002
is_linear=0
shrinkage=0.08


Tree=29
num_leaves=45
num_cat=0
split_feature=18 23 8 6 23 20 18 19 9 18 22 17 11 13 22 3 11 12 8 19 18 9 23 5 7 9 8 8 2 19 17 15 14 3 7 16 19 17 14 20 22 0 3 8
split_gain=4368.45 805.014 513.963 268.095 185.963 166.323 162.164 141.822 85.956 68.283 65.5582 58.7622 79.2875 54.8366 45.1755 51.3489 54.3425 45.0839 39.0943 37.4795 36.2723 35.3342 33.4174 33.2789 25.7653 33.6184 24.9831 23.931 29.2107 23.1954 27.8032 22.861 21.0238 19.4114 19.3343 18.8953 18.5832 28.7259 15.8846 14.3352 14.5332 13.9013 12.7395 12.2737
threshold=0.58578431372549034 0.63403011357476335 0.51925925925925942 1.0000000180025095e-35 0.81659207584462357 0.61338935574229703 0.86038961038961048 0.23611111111111113 0.65933268858800786 0.324561403508772 1.0000000180025095e-35 0.58359213250517616 1.0000000180025095e-35 1.0000000180025095e-35 1.0000000180025095e-35 0.22474747474747478 1.0000000180025095e-35 0.23845060412224597 0.072077922077922088 0.63333333333333341 0.324561403508772 0.78896761133603255 0.33983833179319173 0.24068965517241384 0.29285714285714287 0.59417229729729748 0.5629401408450706 0.38013136288998362 0.52580367163700503 0.23611111111111113 0.8578167115902966 0.51628047857034687 0.21240601503759401 0.50301204819277123 0.15476190476190479 0.75568475452196393 0.58571428571428574 0.46943566158857913 0.059714795008912663 0.76127883310719147 1.0000000180025095e-35 0.78888888888888908 0.66274509803921577 0.11215932914046124
decision_type=2 2 2 2 2 2 2 2 2 2 2 2 2 2 2 2 2 2 2 2 2 2 2 2 2 2 2 2 2 2 2 2 2 2 2 2 2 2 2 2 2 2 2 2
left_child=1 5 6 26 7 9 10 8 -5 13 17 -7 19 -1 21 -16 -17 29 -12 35 -10 -11 -23 -21 25 -19 34 28 -20 31 -31 -2 39 -29 -3 -13 -15 -38 -9 41 -41 -6 -14 -8
right_child=2 3 -4 4 32 11 43 38 20 14 18 12 42 36 15 16 -18 24 27 23 -22 22 -24 -25 -26 -27 -28 33 -30 30 -32 -33 -34 -35 -36 -37 37 -39 -40 40 -42 -43 -44 -45
leaf_value=0.044253365880284536 0.045327119211354273 -0.062420434763914186 0.081214576748119618 0.017091215932541641 -0.0035222455237994168 -0.08251787107749696 0.075492358244237875 -0.019543281400074081 -0.082245986282236228 -0.071261230764670044 0.070389413686384281 -0.073359830286466421 -0.036802951913197192 -0.07315370625055935 0.093966444470862151 -0.041949788666131325 0.083684637496088801 -0.011384265418042692 0.022713918906557051 0.044602708395751915 0.010260158548779994 0.031512005712231735 -0.080241419920528578 -0.053488862368640061 0.072537630216456567 -0.079064737567063378 0.082415847275656193 -0.024711429009647689 -0.038184626888938304 0.00119577610722939 0.065994796394551275 -0.039705010045096197 0.081906568950109018 0.073399391802363267 0.085419741310465952 -0.0030463541370227471 -0.055206038824560384 0.091100784453093733 0.083806436246872881 -0.1780837721901368 0.013989991065201067 0.047345195882715026 0.098677796182256777 0.049418307881674832
leaf_weight=32.706074990332127 25.777236722409725 14.094250008463861 4408.465203654021 82.070501890033484 44.696542665362358 1606.5869684405625 256.66013902053237 11.378696903586386 309.70137314870954 76.746762678027153 110.39121852815151 416.62046957761049 5.424129672348502 255.57198037579656 51.412386626005173 72.465380501002073 31.661818131804466 83.145953610539436 142.83659890294075 37.740537263453007 29.732072576880455 66.457526236772537 23.069725871086121 53.533261582255363 11.728787530213593 107.96033934876323 310.84073630720377 16.333872802555561 77.901477001607418 122.31384268403053 64.843936089426279 94.120794344693422 68.295675445348024 61.504894517362118 9.4621446691453439 25.985642828047276 33.098134726285934 11.598275780677794 58.198159363120794 4.089277081191538 6.5747704207897186 149.02642387151718 24.532254502177238 210.14265418425202
leaf_count=253 93 140 68601 456 322 25107 3291 58 4519 683 966 4960 30 3254 224 635 243 427 768 197 191 296 254 520 124 863 4108 94 516 671 621 410 982 447 72 161 249 58 587 20 63 1248 190 1987
internal_value=0.0237185 -0.0414655 0.0678564 0.0166584 -0.00949651 -0.0640582 0.0253576 -0.038912 -0.056379 -0.0287185 0.00585099 -0.0747197 -0.0524998 -0.0541161 -0.00244013 0.0285505 -0.0037483 -0.0132865 0.0297111 -0.059606 -0.0741431 -0.0314301 0.00271495 -0.0129293 -0.0425549 -0.0496185 0.0763963 0.0146714 0.00122199 0.00604764 0.0236465 -0.0214237 0.0434786 0.0528116 -0.00303592 -0.0692317 -0.0648308 -0.0172409 0.0669045 0.030638 -0.0596634 0.0356089 0.0741466 0.0637545
internal_weight=9717.5 3923.37 5794.13 1098.16 763.763 2825.21 1385.66 491.081 421.504 654.788 918.859 2170.42 563.836 332.974 321.814 155.54 104.127 509.891 408.968 533.88 339.433 166.274 89.5273 91.2738 202.835 191.106 334.397 298.577 220.738 307.056 187.158 119.898 272.683 77.8388 23.5564 442.606 300.268 44.6964 69.5769 204.387 10.664 193.723 29.9564 466.803
internal_count=129959 50080 79879 12766 8446 37314 11278 5811 5166 6149 6000 31165 6058 3814 2335 1102 878 3209 2791 5838 4710 1233 550 717 1414 1290 4320 1825 1284 1795 1292 503 2635 541 212 5121 3561 307 645 1653 83 1570 220 5278
is_linear=0
shrinkage=0.08


Tree=30
num_leaves=45
num_cat=0
split_feature=17 23 8 6 20 19 19 20 17 18 8 1 8 18 17 20 22 8 9 7 13 3 0 18 2 9 12 7 3 9 8 8 7 9 0 12 18 22 3 18 15 9 17 3
split_gain=3967.98 657.742 512.152 245.101 180.308 164.261 159.541 216.857 75.384 74.239 53.6552 69.4506 53.0601 47.2703 45.4603 36.5061 36.0363 34.4138 35.673 43.2542 33.619 31.4222 46.627 30.156 32.762 27.7101 27.4143 26.306 24.9954 24.155 26.0353 22.7206 27.1631 22.216 22.18 21.1735 20.1112 19.5445 17.2103 16.1999 15.2111 14.5191 14.13 13.4616
threshold=0.73541565386485186 0.61614606675890038 0.50316455696202544 1.0000000180025095e-35 0.54358379062895745 0.63333333333333341 0.23611111111111113 0.33596875000000009 0.56795061728395069 0.39444444444444454 0.48714568226763355 0.18321678321678322 0.54110360360360377 0.324561403508772 0.94908607510800946 0.7719943240454078 1.0000000180025095e-35 0.11215932914046124 0.42163742690058487 0.13392857142857145 1.0000000180025095e-35 0.99494949494949514 0.94444444444444453 0.40588235294117653 0.44274030933694802 0.78629976580796257 0.048199767711962889 0.15476190476190479 0.99494949494949514 0.93969696969696981 0.16108108108108113 0.087595907928388797 0.15476190476190479 0.23582887700534763 0.095454545454545472 0.089719939627704207 0.18898809523809526 1.0000000180025095e-35 0.68356867779204122 0.62019230769230782 0.36285052835965803 0.33558558558558566 0.46943566158857913 0.58397435897435901
decision_type=2 2 2 2 2 2 2 2 2 2 2 2 2 2 2 2 2 2 2 2 2 2 2 2 2 2 2 2 2 2 2 2 2 2 2 2 2 2 2 2 2 2 2 2
left_child=1 4 5 12 13 14 7 21 -9 -6 11 15 27 20 16 -11 29 26 -19 34 -1 22 -5 -18 -25 35 -7 -3 -10 33 -31 40 -33 -2 -20 -15 -8 38 -12 -37 -27 -13 -22 -39
right_child=2 3 -4 6 9 17 36 8 28 10 37 41 -14 25 -16 -17 23 18 19 -21 42 -23 -24 24 -26 31 -28 -29 -30 30 -32 32 -34 -35 -36 39 -38 43 -40 -41 -42 -43 -44 -45
leaf_value=0.039288944546207565 0.074259397721684717 -0.084917244227720956 0.080770357180966854 -0.19086866527832619 -0.080222639660952777 -0.26149094512113358 -0.027029821283257888 -0.083092175487421441 -0.1622792848595655 0.024934514316791164 -0.13378379622000047 -0.016534989413210969 0.081754653932312765 -0.10237266207683313 0.048115958945600078 -0.052641170085992971 0.18578819859091783 0.069301393241396281 0.0043837088767192563 0.077673916341091512 -0.068092736978532603 0.032683963138680258 0.039823352669066669 0.043071130712930908 -0.017889630781565847 0.083073829179485109 0.073171132903971897 0.076882368497138101 0.048723857001094821 0.046905839588898893 -0.078614875647785951 -0.053465476138966496 0.082606821606037648 -0.044902095491535086 -0.088592764422505188 -0.022054999316215879 0.084580406923276105 -0.1296245711543158 0.03383323384378497 0.073185032409299466 0.021337339978723606 -0.077364498989012417 -0.0031153916577135649 0.086496114744911146
leaf_weight=25.702983766794205 10.413215801119803 19.506140217185024 4120.7097915764898 10.33708830177784 1606.3968361839652 1.5746187865734089 11.45685515552759 313.53717984259129 3.9537365287542334 87.541066911071539 6.7246935591101673 27.094077993184328 289.32021140679717 18.561060644686222 90.025248434394598 69.762266721576452 6.1081649139523497 118.03401174396276 138.16825170814991 51.764370892196894 148.76426929607987 256.47951189428568 12.25482252240181 92.192805893719196 145.418252363801 46.362590312957764 305.63747441023588 9.5941126197576505 39.384418189525604 43.860310602933168 13.936058081686495 35.467365060001612 12.769376110285519 260.69069685786963 18.635638877749443 84.419828072190285 105.29740412347019 1.9707101285457636 9.4011928625404817 13.220192167907951 56.876720227301121 343.37500552088022 25.021505117416382 28.808109402656555
leaf_count=203 41 246 69305 56 26756 11 58 4955 39 519 38 245 3914 131 691 494 24 1219 778 646 1675 1815 93 514 922 183 4096 66 385 226 131 312 97 1597 95 626 1262 11 89 64 258 4686 192 195
internal_value=0.023288 -0.0403382 0.066973 0.0125602 -0.0617338 0.0231189 -0.0123302 -0.0281114 -0.0694224 -0.0713948 -0.0467182 -0.0540055 0.0713977 -0.0166294 -0.0047306 -0.00946943 -0.013039 0.0522353 0.0341558 0.0142661 -0.0461072 0.0247169 -0.0657314 0.0102749 0.00576307 0.00533915 0.0714558 -0.0315733 0.0294741 -0.0303148 0.0166399 0.0278834 -0.017444 -0.0403251 -0.00666625 -0.0240489 0.0736283 0.0352791 -0.0360651 -0.00915976 0.0490619 -0.0729158 -0.0587374 0.0726583
internal_weight=9136.53 3719.36 5417.17 1071.12 2648.24 1296.46 752.701 635.947 356.875 2181.07 574.677 527.772 318.42 467.166 662.645 157.303 572.62 633.814 326.602 208.568 199.489 279.071 22.5919 243.719 237.611 267.677 307.212 29.1003 43.3382 328.9 57.7964 151.476 48.2367 271.104 156.804 116.201 116.754 46.9047 16.1259 97.64 103.239 370.469 173.786 30.7788
internal_count=129959 49663 80296 12889 36774 10991 8663 7343 5379 33033 6277 5944 4226 3741 4146 1013 3455 6845 2738 1519 2070 1964 149 1460 1436 1671 4107 312 424 1995 357 850 409 1638 873 821 1320 333 127 690 441 4931 1867 206
is_linear=0
shrinkage=0.08


Tree=31
num_leaves=45
num_cat=0
split_feature=18 23 8 6 20 23 18 18 20 4 17 11 8 11 6 9 22 22 8 19 22 3 5 3 0 2 19 8 4 8 17 15 16 17 9 19 1 16 19 18 7 9 23 0
split_gain=3610.77 656.207 497.522 223.208 155.827 149.235 127.657 115.795 78.1876 71.3569 60.3226 67.5729 59.437 79.3617 82.4229 65.015 49.027 37.97 36.7764 35.1174 32.0077 28.0233 27.873 27.4891 60.2146 29.0238 24.8804 24.8691 23.4219 21.9937 21.9787 20.9061 24.0274 20.4294 19.7091 17.9468 17.5921 16.7489 16.4675 15.8372 15.7149 14.8759 14.5943 14.3523
threshold=0.58578431372549034 0.63403011357476335 0.42967032967032975 1.0000000180025095e-35 0.61338935574229703 0.81659207584462357 0.86038961038961048 0.24264705882352944 0.22749774977497753 0.27953488372093033 0.58359213250517616 1.0000000180025095e-35 0.080540540540540509 1.0000000180025095e-35 1.0000000180025095e-35 0.70871212121212135 1.0000000180025095e-35 1.0000000180025095e-35 0.13484848484848486 0.63333333333333341 1.0000000180025095e-35 0.54110360360360377 0.24068965517241384 0.48934240362811798 0.087121212121212141 0.49285418882193083 0.30952380952380959 0.7590571802706243 0.28743545611015497 0.5629401408450706 0.6654088050314465 0.51628047857034687 0.81977395377252837 0.64425612052730707 0.12861869313482219 0.23611111111111113 0.11852502194907817 0.75568475452196393 0.19090909090909094 0.162280701754386 0.15476190476190479 0.50384615384615394 0.62828143782232748 0.58571428571428574
decision_type=2 2 2 2 2 2 2 2 2 2 2 2 2 2 2 2 2 2 2 2 2 2 2 2 2 2 2 2 2 2 2 2 2 2 2 2 2 2 2 2 2 2 2 2
left_child=1 4 6 29 12 7 9 8 43 20 -6 19 15 27 -15 -1 35 26 -11 37 31 42 -21 25 -25 -20 -17 30 -8 40 -14 36 -33 -7 -22 -9 -2 -12 -16 -19 -3 -30 -4 -5
right_child=2 3 21 5 10 33 28 16 -10 18 11 -13 13 14 38 17 -18 39 23 22 34 -23 -24 24 -26 -27 -28 -29 41 -31 -32 32 -34 -35 -36 -37 -38 -39 -40 -41 -42 -43 -44 -45
leaf_value=-0.077899869442996733 0.017821919671829969 -0.059061963488585827 -0.039863879104726052 -0.065687920162762869 -0.081101953694665899 0.027511509222488933 0.068550401391973895 -0.13470831946721298 -0.079170914186851085 0.12560624817534893 -0.070200947902650523 0.072695121143083713 -0.075695713681796284 0.094771729103938274 -0.063548946381710339 -0.042205626136210199 0.066912015786420767 -0.062878292822495449 0.0079036003872489415 0.042889756391547247 -0.19492423131744541 0.08019842262011953 -0.04902132680201423 0.061657999528771733 -0.060312568929809476 -0.084961019823024189 0.037427450582607276 0.12466169510135197 0.07073305776440586 0.080517428511104452 -0.0059552833313026932 -0.025742366559991136 0.02944160524988634 0.081178996364111258 0.043540312360185747 0.066710173236986248 0.10665732414138321 -0.0035953434831724547 0.048649226280668721 0.097969422580313492 0.079780552935431681 -0.0081818191853957733 0.092630533422199651 0.025797235107456212
leaf_weight=42.984502300620079 72.633495640009642 12.965800136327745 18.926558259874586 13.117814749479292 1397.107500039041 192.2870940156281 305.08803608641028 12.080714792013167 267.23367652669549 8.928727447986601 375.74930792674422 27.601226504892111 259.84928485751152 46.895931158214808 52.383898135274649 43.141009960323572 79.266823992133141 4.2369178645312777 27.463517390191555 36.939446471631527 2.2401587143540374 3881.5100982859731 49.299217395484447 44.156651556491852 62.668501757085323 99.854041710495949 60.079645399004221 4.3548145145177832 22.553929194808006 270.86420685425401 32.5429712459445 174.12009209021926 71.122721545398235 59.424527268856764 226.23382860422134 3.697781801223754 17.754044197499752 25.823189899325371 9.9647107012569887 51.995534021407366 8.7302742451429349 47.452989108860493 7.401395756751298 67.182134591042995
leaf_count=428 386 140 112 54 25107 1623 4121 78 4531 30 4960 220 3506 415 539 343 787 34 163 197 12 69633 520 195 572 775 323 30 226 4108 226 1038 506 1012 1663 40 67 161 69 236 72 312 68 321
internal_value=0.022846 -0.039605 0.0658835 0.0156981 -0.061254 -0.00899963 0.0204117 -0.0369708 -0.0583705 0.00249162 -0.0724724 -0.0490805 -0.0259903 -0.0436466 0.0146483 0.00941974 0.0412773 0.0329589 -0.0337441 -0.0559708 0.0181055 0.0796405 -0.00965216 -0.0398207 -0.00989549 -0.0649293 0.00414485 -0.0651073 0.0589743 0.0743095 -0.0679337 0.00238289 -0.0097385 0.0401814 0.0412022 -0.0875047 0.0352711 -0.0659179 -0.0456172 0.0858501 -0.00319318 0.017242 -0.00261664 0.0108522
internal_weight=8597.91 3507.8 5090.11 986.851 2520.95 694.291 1182.27 442.579 347.534 807.176 1912.52 515.412 608.429 405.992 109.245 202.438 95.0453 159.453 243.071 487.811 564.104 3907.84 86.2387 234.143 106.825 127.318 103.221 296.747 375.095 292.56 292.392 335.63 245.243 251.712 228.474 15.7785 90.3875 401.572 62.3486 56.2325 21.6961 70.0069 26.328 80.2999
internal_count=129959 50080 79879 12766 37314 8446 10066 5811 4906 5407 31165 6058 6149 4785 1023 1364 905 936 1735 5838 3672 69813 717 1705 767 938 666 3762 4659 4320 3732 1997 1544 2635 1675 118 453 5121 608 270 212 538 180 375
is_linear=0
shrinkage=0.08


Tree=32
num_leaves=45
num_cat=0
split_feature=18 23 8 6 18 20 20 18 8 5 17 8 6 2 22 19 7 2 12 8 19 7 23 22 19 5 15 10 22 8 2 9 4 15 18 9 17 16 3 18 19 19 8 7
split_gain=3272.16 593.643 493.577 199.213 140.955 198.587 136.129 127.49 70.21 66.5047 59.3694 53.8168 58.4037 51.8472 47.5137 46.1982 42.2739 37.1547 33.9641 32.7104 31.6694 29.9191 29.8566 28.2709 24.3676 24.2587 20.9614 22.6761 20.6619 20.4836 20.3925 19.9588 28.923 19.2687 18.7858 17.0856 16.763 16.4138 15.5873 15.5491 15.0634 14.2189 13.3349 16.0076
threshold=0.58578431372549034 0.61614606675890038 0.51925925925925942 1.0000000180025095e-35 0.324561403508772 0.22749774977497753 0.62544964028776995 0.86038961038961048 0.080540540540540509 0.080540540540540578 0.62345301757066474 0.5300120048019209 1.0000000180025095e-35 0.8057728017872946 1.0000000180025095e-35 0.23611111111111113 0.38750000000000007 0.73745573312751145 0.23845060412224597 0.072077922077922088 0.43650793650793657 0.13392857142857145 0.24193611793611799 1.0000000180025095e-35 0.23611111111111113 0.99572649572649585 0.42672245467224551 0.63333333333333341 1.0000000180025095e-35 0.38013136288998362 0.52580367163700503 0.78153409090909098 0.098563043918235185 0.37527292576419219 0.46862745098039221 0.84409722222222239 0.6654088050314465 0.75568475452196393 0.50301204819277123 0.162280701754386 0.43650793650793657 0.23611111111111113 0.11215932914046124 0.13392857142857145
decision_type=2 2 2 2 2 2 2 2 2 2 2 2 2 2 2 2 2 2 2 2 2 2 2 2 2 2 2 2 2 2 2 2 2 2 2 2 2 2 2 2 2 2 2 2
left_child=1 6 7 13 5 25 8 14 9 35 -8 21 -13 16 18 -7 40 20 31 -16 37 36 33 24 34 -5 -20 -28 -22 30 -21 32 -2 -11 -6 -1 -10 -12 -31 -17 -3 -33 -9 -44
right_child=2 3 -4 4 23 15 10 42 11 22 17 12 -14 -15 19 39 -18 -19 26 29 28 -23 -24 -25 -26 -27 27 -29 -30 38 -32 41 -34 -35 -36 -37 -38 -39 -40 -41 -42 -43 43 -45
leaf_value=-0.089074094423071778 -0.074165901678936746 -0.084175693436549931 0.080228832288183852 -0.11761002120788698 -0.20285469723542304 -0.081154045469508121 -0.079364394186139109 0.073107456099943985 -0.076893462474206586 0.043616140150763004 -0.070509825881573965 0.072258017520761872 -0.053231793763716367 0.083971859192091977 0.066186858224074815 -0.059158130500902184 0.098373173729793692 0.081993910767794637 0.088044504004684151 0.018012044808419388 -0.047466599123158253 0.05462426164303686 0.089051740637879448 0.077274666281302112 0.084237925790369067 0.02817169996322794 -0.050793949661528712 0.072335513646252694 0.02933557049686494 -0.020773178226264188 -0.0339210323862272 -0.0094475097713591482 0.011300830019888524 -0.028852060864931195 -0.00064745991765578087 0.0043289791328155261 -0.01480259511994095 0.0017295751819368195 0.068904586113740646 0.076631425640284676 0.022194971592660498 0.036332694313444443 0.028116945930168783 0.078935645181864494
leaf_weight=41.90007047727704 42.222115118056536 25.620314031839371 3511.1893589049578 7.5273959785699835 5.7352274991571921 278.97046523913741 1395.463061131537 212.47384602762759 251.59609869495034 55.423498459160328 204.87847631797194 43.933608327060938 51.629244789481163 241.58282183669508 96.407308716326952 7.9578382968902615 18.515866860747337 14.841814044862984 8.0470561161637288 137.60227729380131 42.874992683529854 12.885091152042149 50.149376384913921 117.29481103271246 7.6475605368614188 247.66359651088715 171.13398985937238 10.139621507376431 46.986474372446537 15.919580243527887 74.63944686204195 66.496715553104877 63.383600387722254 40.745461001992226 6.0342276729643345 17.883714158087969 31.288203924894333 22.323174737393856 56.17986860498786 16.77128080278635 12.765802368521689 125.11787014082074 128.73814117535949 57.337842367589474
leaf_count=444 220 293 68601 38 37 4993 26484 3291 3760 328 2668 382 547 3979 966 48 209 154 41 768 362 95 239 1683 114 1851 1257 116 311 94 516 271 315 323 66 106 226 138 447 87 115 989 1127 860
internal_value=0.022396 -0.0386219 0.0647887 0.0131194 -0.01034 -0.028151 -0.0607465 0.0219609 -0.0278295 0.00996043 -0.0721313 -0.0477322 0.00446029 0.0677902 0.00475017 -0.0718643 -0.000910451 -0.0417202 -0.0118143 0.0259171 -0.0475113 -0.0645956 0.0390085 0.0624731 -0.0269408 0.0238716 -0.0382981 -0.0439066 -0.00730853 0.0122634 -0.000251358 0.00505513 -0.0228695 0.0129124 -0.0991826 -0.0611335 -0.0700259 -0.0634121 0.0491037 0.0329343 -0.0488007 0.0204454 0.0594133 0.0437763
internal_weight=8095.92 3318.89 4777.03 994.087 695.602 558.891 2324.8 1265.84 597.434 206.102 1727.37 391.332 95.5629 298.485 867.289 303.7 56.902 331.905 486.541 380.748 317.063 295.769 146.318 136.712 19.417 255.191 189.321 181.274 89.8615 284.341 212.242 297.22 105.606 96.169 11.7695 59.7838 282.884 227.202 72.0994 24.7291 38.3861 191.615 398.55 186.076
internal_count=129959 50080 79879 13513 8917 7017 36567 11278 6450 1440 30117 5010 929 4596 6000 5128 617 3633 3209 2791 3479 4081 890 1900 217 1889 1414 1373 673 1825 1284 1795 535 651 103 550 3986 2806 541 135 408 1260 5278 1987
is_linear=0
shrinkage=0.08


Tree=33
num_leaves=45
num_cat=0
split_feature=17 8 8 6 8 19 20 19 9 18 2 17 11 22 18 3 0 7 0 3 17 8 9 7 1 15 18 15 16 4 20 3 9 18 23 3 2 18 3 8 11 9 20 7
split_gain=2970.01 513.374 466.227 279.758 180.577 160.88 200.454 129.004 108.828 76.2822 74.688 68.5044 56.4429 52.2277 38.5572 35.5075 45.0534 35.3928 36.3001 33.0527 32.3208 29.9836 32.6434 43.777 31.9921 29.7668 26.467 26.0133 27.6349 24.5858 23.8719 21.7855 21.3547 23.399 20.4634 19.4182 17.9297 23.9005 18.3161 16.1144 15.3047 14.9435 15.6581 11.9441
threshold=0.7409997409997412 0.48714568226763355 0.50316455696202544 1.0000000180025095e-35 0.080540540540540509 0.19090909090909094 0.22749774977497753 0.63333333333333341 0.74037037037037046 0.324561403508772 0.8057728017872946 0.56345809664617552 1.0000000180025095e-35 1.0000000180025095e-35 0.65476190476190488 0.99494949494949514 0.94444444444444453 0.38750000000000007 0.095454545454545472 0.60922587486744451 0.92089677095532896 0.14907407407407411 0.551981471950592 0.13392857142857145 0.044949494949494913 0.37053001277139214 0.18898809523809526 0.51628047857034687 0.78487818157070921 0.21132376395534294 0.57511061946902664 0.99494949494949514 0.33558558558558566 0.46862745098039221 0.24193611793611799 0.56465997770345611 0.44274030933694802 0.81534090909090928 0.52223320158102771 0.38013136288998362 1.0000000180025095e-35 0.3504385964912281 0.47233158355205601 0.29285714285714287
decision_type=2 2 2 2 2 2 2 2 2 2 2 2 2 2 2 2 2 2 2 2 2 2 2 2 2 2 2 2 2 2 2 2 2 2 2 2 2 2 2 2 2 2 2 2
left_child=1 4 7 10 8 6 15 20 -1 30 17 -8 14 25 32 16 -5 18 19 -3 27 24 -23 39 -9 -11 -7 -2 29 -29 34 -13 33 -6 -10 -30 -22 -38 -39 -24 -20 -16 -43 -34
right_child=2 3 -4 5 12 26 11 21 9 13 -12 31 -14 -15 41 -17 -18 -19 40 -21 36 22 23 -25 -26 -27 -28 28 35 -31 -32 -33 43 -35 -36 -37 37 38 -40 -41 -42 42 -44 -45
leaf_value=-0.077504080927233182 0.027580493498600686 -0.054296556793035182 0.079791493764319543 -0.18634264702526274 -0.064209896019999491 -0.035527318512746466 -0.08083003132385716 -0.33425886386834441 -0.017031978042292884 0.071339795970424447 0.085443986957373139 -0.15106157845146709 0.079153706786857611 0.097209137337161564 0.1230375633867427 0.027702212915709727 0.055325256616765871 0.095990621922922306 -0.091891406059420075 0.10704236040397032 0.054678230499969935 0.058503521227367544 -0.04284782428826555 0.075464502634893571 0.069735962799798074 -0.0096941038077971824 0.082524778111491254 -0.017542802076711307 -0.012099778747797963 -0.071164330661437861 -0.073776315531693434 0.040068365514453953 -0.080495983045358294 0.026407493834343258 0.16426960636088014 0.056304329461128538 0.070194957663093943 -0.066404370123447909 0.038272842738484351 0.025907142282909273 0.037500240609809866 0.073248729800262674 -0.054818458996701146 0.11011737663232413
leaf_weight=136.75104913860559 77.802839647978544 13.826872326433657 3267.1563999056816 11.520632922649384 72.291359137743711 13.874053996056317 377.69620895385742 1.2603459134697903 34.280524961650372 38.506647076457739 266.78679094091058 4.200558762997388 15.192376323044298 61.725970879197121 5.9215295016765586 243.39274246245623 8.6394326314330101 20.79478882625699 35.696380389854312 19.71229986473918 77.901597891002893 138.42009185254574 74.736973755061626 40.041702728718519 270.45245256274939 117.66204092279077 98.067017918452621 121.61164644733071 134.76807582750916 99.499693173915148 72.180841777473688 41.76779418438673 1411.9179411567748 24.389844320714474 4.508299257606267 33.078821823000908 20.947668310254812 32.599340356886387 15.923931811004875 30.810484193265438 6.9973303452134124 8.7299316152930277 20.359702758491039 2.107052654027938
leaf_count=1948 437 137 68999 67 1325 88 7228 9 283 169 4294 45 106 304 16 1816 77 232 367 127 725 1495 358 579 4211 766 1404 573 777 930 1432 455 26936 164 20 191 96 192 116 164 80 35 174 12
internal_value=0.0219465 -0.0369365 0.0642739 0.00543137 -0.0612504 -0.0210426 -0.0355295 0.0209366 -0.0175263 0.0074141 0.0635844 -0.0696074 -0.0742932 0.0349102 -0.0758014 0.0192512 -0.0827778 0.00347958 -0.0217556 0.0405287 -0.00433444 0.0488638 0.030688 0.00424223 0.067862 0.0102865 0.0678933 -0.0146469 -0.0230935 -0.0416724 -0.046576 0.022603 -0.0777249 -0.0413498 0.00404012 0.00138112 0.0283272 -0.00122157 -0.0320523 -0.0227775 -0.0706846 0.00719597 -0.0163849 -0.0802119
internal_weight=7626.51 3189.5 4437.01 1162.97 2026.53 799.158 687.217 1169.86 465.615 328.864 363.814 423.665 1560.91 217.895 1545.72 263.553 20.1601 97.0277 76.2329 33.5392 614.134 555.722 284.009 145.589 271.713 156.169 111.941 466.761 388.958 221.111 110.97 45.9684 1510.71 96.6812 38.7888 167.847 147.373 69.4709 48.5233 105.547 42.6937 35.0112 29.0896 1414.02
internal_count=129959 50107 79852 16417 33690 11180 9688 10853 4922 2974 5237 7728 28768 1239 28662 1960 144 943 711 264 4037 6816 2596 1101 4220 935 1492 2908 2471 1503 1735 500 28437 1489 303 968 1129 404 308 522 447 225 209 26948
is_linear=0
shrinkage=0.08


Tree=34
num_leaves=45
num_cat=0
split_feature=17 8 8 6 8 19 20 19 9 18 2 17 11 22 18 7 0 3 0 15 1 8 3 8 9 15 9 7 15 17 9 12 18 20 4 23 14 8 3 8 17 19 2 9
split_gain=2692.05 464.464 458.558 252.555 172.24 144.565 183.01 116.13 99.5778 75.0022 70.2822 61.8523 51.1948 49.7809 36.9513 31.9251 31.579 31.2644 38.3939 31.0045 29.7135 29.7234 29.6755 29.2587 30.0987 27.4684 26.494 28.4146 26.4066 24.4196 24.0781 32.4504 23.8398 21.7379 19.601 17.2067 17.1298 16.9576 16.9469 14.5155 14.1274 17.9083 14.1019 13.6375
threshold=0.7409997409997412 0.48714568226763355 0.50316455696202544 1.0000000180025095e-35 0.080540540540540509 0.23611111111111113 0.29222126188418329 0.63333333333333341 0.70871212121212135 0.324561403508772 0.8057728017872946 0.56345809664617552 1.0000000180025095e-35 1.0000000180025095e-35 0.58578431372549034 0.38750000000000007 0.095454545454545472 0.99494949494949514 0.94444444444444453 0.41431417188389302 0.22378716744913932 0.38013136288998362 0.56465997770345611 0.072077922077922088 0.60922587486744451 0.52839964805943895 0.42163742690058487 0.18333333333333338 0.37053001277139214 0.82548911037283146 0.87609649122807032 0.089719939627704207 0.18898809523809526 0.57511061946902664 0.17712418300653601 0.24193611793611799 0.71825396825396837 0.46589147286821714 0.99494949494949514 0.87841832963784194 0.65692963752665257 0.43650793650793657 0.42577314326540344 0.3504385964912281
decision_type=2 2 2 2 2 2 2 2 2 2 2 2 2 2 2 2 2 2 2 2 2 2 2 2 2 2 2 2 2 2 2 2 2 2 2 2 2 2 2 2 2 2 2 2
left_child=1 4 7 10 8 6 17 20 -1 33 15 -8 14 28 40 16 22 18 -5 -16 30 25 -3 24 -9 -22 -25 36 -11 37 31 -2 -7 35 -32 -10 -28 -23 -13 -18 -6 -42 -27 -21
right_child=2 3 -4 5 12 32 11 23 9 13 -12 38 -14 -15 19 -17 39 -19 -20 43 21 29 -24 26 -26 42 27 -29 -30 -31 34 -33 -34 -35 -36 -37 -38 -39 -40 -41 41 -43 -44 -45
leaf_value=-0.08206954240668822 -0.073580937889138401 -0.083822273999742195 0.079464373842576985 -0.17641809672794026 -0.080516656199469669 -0.032330065738188161 -0.080532629313400869 -0.1607700354651421 -0.019897966692773179 0.065799229837945866 0.084600669534175582 -0.12676099001396865 0.073969023442212817 0.092123598125978298 0.074611266872765147 0.094488059780121675 -0.076848195689991045 0.024915379896328759 0.038227098214126815 0.032917081455751417 0.041259682267502075 -0.010502877359846398 0.085804905889407201 0.065565403963278493 0.07410202525636625 0.038947224138539287 -0.01626363777228548 0.077015460127356911 -0.0098721566863700962 0.044718244473193718 0.043292960067384166 0.010008252107381335 0.081756889055580304 -0.07367034301541589 -0.15203882526797724 0.14122293227871791 0.035748294754416467 -0.16379019089632743 0.036642982083500385 0.15444973061473138 -0.070422959837104684 -0.0018196123939979939 -0.057054614480506992 -0.063626444950951794
leaf_weight=112.10484262183309 36.607093796133995 9.1708853766322118 3027.8834449276328 11.385466404259205 1237.1519463807344 13.456143785268067 346.32597722485662 3.5512352138757697 35.907917346805334 38.822720818221569 248.63234613090754 4.524944379925727 14.96644578501582 62.92130583524704 16.635629303753376 19.489042989909649 39.818236757069826 245.22426121681929 10.033285908401012 11.254465803503988 23.31757702678442 17.096799030900005 23.552048541605473 101.55042182467878 209.09891512058675 10.422455891966818 113.72145681269467 39.902474829927087 123.09155405312777 58.615865968167782 130.45559630356729 158.07022214308381 90.972350865602493 73.840234272181988 3.3728611767292014 4.8103172108530989 62.962342737242579 6.3285278230905524 39.708644671365619 1.8156583681702603 92.415652222931385 33.065705005079508 162.04395880177617 55.750817216932774
leaf_count=1722 214 101 68999 70 26345 84 7181 34 305 175 4294 46 106 315 71 232 422 1866 87 41 135 130 163 1260 3598 53 675 633 820 375 952 821 1397 1565 18 20 616 44 449 25 1422 269 1295 514
internal_value=0.0215119 -0.0360379 0.0631972 0.00527743 -0.0598867 -0.0203796 -0.034273 0.0198814 -0.0166989 0.0048936 0.0623356 -0.0691548 -0.0732311 0.0317381 -0.0747543 0.00334705 -0.0205412 0.0168195 -0.0758708 -0.0231413 -0.00403879 -0.0232962 0.0382654 0.0472059 0.0701797 -0.0402349 0.0318497 0.0160415 0.00827182 0.0171265 0.0122477 -0.00570985 0.0670562 -0.0477922 0.03837 -0.000863678 0.00227113 -0.0519146 0.0199273 -0.0667613 -0.0779224 -0.0523452 -0.0512531 -0.0474106
internal_weight=7181.85 3016.85 4165 1104.11 1912.74 761.631 657.203 1137.12 451.499 339.394 342.478 390.56 1461.24 224.836 1446.27 93.8459 74.3568 266.643 21.4188 83.6409 606.331 277.825 32.7229 530.787 212.65 195.784 318.137 216.586 161.914 82.0412 328.506 194.677 104.428 114.558 133.828 40.7182 176.684 23.4253 44.2336 41.6339 1362.63 125.481 172.466 67.0053
internal_count=129959 50107 79852 16417 33690 11180 9699 10853 4922 3200 5237 7676 28768 1310 28662 943 711 2023 157 626 4037 2032 264 6816 3632 1483 3184 1924 995 549 2005 1035 1481 1890 970 325 1291 174 495 447 28036 1691 1348 555
is_linear=0
shrinkage=0.08


Tree=35
num_leaves=45
num_cat=0
split_feature=17 8 8 6 18 20 8 9 19 8 5 20 11 9 22 19 8 9 7 0 8 3 15 16 18 15 19 20 17 5 17 2 7 0 3 17 18 2 15 14 16 18 20 14
split_gain=2448.43 480.663 360.528 231.911 164.788 187.562 164.711 94.6545 94.0762 75.4884 62.7715 62.4431 53.923 45.941 40.697 37.4668 36.7143 42.7647 32.7512 34.1108 38.6376 32.1941 30.5896 30.1344 29.3173 28.4641 28.1076 24.8146 33.8721 24.5507 22.4899 21.1272 20.9063 22.3884 26.3938 18.1151 17.6041 17.0091 16.7134 16.4503 14.7645 14.7471 14.3375 14.2849
threshold=0.77183447749809331 0.48714568226763355 0.50316455696202544 1.0000000180025095e-35 0.324561403508772 0.22749774977497753 0.080540540540540509 0.70871212121212135 0.30952380952380959 0.60120481927710856 0.92637759710930456 0.68841813923781148 1.0000000180025095e-35 0.33558558558558566 1.0000000180025095e-35 0.23611111111111113 0.072077922077922088 0.68042553191489374 0.13392857142857145 0.095454545454545472 0.14907407407407411 0.48934240362811798 0.56888642834546033 0.81264269406392708 0.46862745098039221 0.41431417188389302 0.63333333333333341 0.4839989759344599 0.57197382769901872 0.99572649572649585 0.74646766169154244 0.40751474135620486 0.2678571428571429 0.095454545454545472 0.60922587486744451 0.45981206477053455 0.18898809523809526 0.67996467861864118 0.71463077984817136 0.13714733542319751 0.97426435802819567 0.54772727272727284 0.52508992805755406 0.38675213675213682
decision_type=2 2 2 2 2 2 2 2 2 2 2 2 2 2 2 2 2 2 2 2 2 2 2 2 2 2 2 2 2 2 2 2 2 2 2 2 2 2 2 2 2 2 2 2
left_child=1 6 8 9 5 29 7 -1 22 32 -6 14 13 24 31 -7 17 38 19 21 -21 -18 -2 42 30 -26 43 28 -15 -5 -8 -9 33 34 -3 -17 -16 -11 -10 -28 -25 -35 -24 -13
right_child=2 3 -4 4 10 15 12 11 16 37 -12 26 -14 27 36 35 18 -19 -20 20 -22 -23 23 40 25 -27 39 -29 -30 -31 -32 -33 -34 41 -36 -37 -38 -39 -40 -41 -42 -43 -44 -45
leaf_value=-0.081359862284559242 0.042691494270058285 -0.061394313913337384 0.079389507119155961 -0.11977425483368304 -0.3730224079992403 -0.080349380787948774 -0.060484171952879341 -0.0017421899876370415 -0.17806230403807358 -0.016927534328002893 0.06386203377419751 -0.067628302198494236 0.069158745949822506 -0.072034906694657785 -0.046566310757864444 -0.026971321834465434 0.0081118855021860923 0.071023947338225951 0.077146621621221517 0.10896218838008687 -0.1098745024915964 0.067998652319629066 0.034461657093460447 -0.0029834525597366894 0.1942826082610013 0.0045919017442333154 -0.086417572702757878 -0.079458901374201127 0.027222026870529669 0.022084585392160939 0.28904126360912402 0.10220414800219352 0.057611861434212673 -0.075886933237808207 0.10850871064241208 0.11411485055364166 0.094048047671182605 0.082563241015219405 0.027328680745712295 0.059751516446003947 0.096340407441042553 -0.28922640882710104 -0.055989209502691976 0.037422709173271985
leaf_weight=109.41157439351082 58.803660616278648 13.350560814142229 2735.3477494027466 8.0653346031904203 2.1344516817480317 324.28459193557501 63.986399725079536 147.00018706917763 6.1862135045230371 11.437005694955586 151.48145608231425 97.209134347736835 17.470098473131657 62.999301042407751 6.2799318805336943 18.242661036551002 218.54297583922744 252.54571558907628 66.269525669515133 6.5301143154501942 24.674467507749796 77.939333016052842 12.322296086698769 145.36685702949762 5.9738226458430281 33.195178564637899 6.2287781871855286 1209.4198780059814 33.814426518976688 244.56280152872205 1.2002749145030964 13.678685579448937 18.360798720270395 22.751712523400787 10.417940467596052 8.5561525113880617 61.507034029811621 286.22105210088193 4.2967637926340103 23.590404327958822 10.253988914191721 2.2816591970622531 124.89484043046832 9.0560715571045858
leaf_count=1750 310 135 67277 50 17 7214 1325 1096 35 101 2564 1579 121 860 65 112 1843 4127 1078 30 144 633 67 882 21 197 92 26515 211 1904 3 73 239 276 73 50 318 5387 43 141 67 24 874 36
internal_value=0.0210698 -0.0324682 0.0643147 0.00905487 -0.0161871 -0.0350112 -0.0569659 -0.0161015 0.0234325 0.0614544 0.0577916 0.00348429 -0.0705284 -0.0722585 0.0290376 -0.0728366 0.0413071 0.0644519 0.0258543 0.0154813 -0.064079 0.0238549 -0.00996333 -0.0205367 -0.0211795 0.0335224 -0.039416 -0.0763392 -0.0373671 0.0175556 -0.0540484 0.00710682 -0.0151555 -0.0425329 0.0130757 0.0180738 0.0810212 0.0787405 -0.0938766 0.029219 0.00356108 -0.0953317 -0.0478666 -0.0586757
internal_weight=6768.14 3024.17 3743.97 1122.15 757.327 603.712 1902.02 473.962 1008.63 364.821 153.616 364.55 1428.06 1410.59 228.466 351.083 656.985 263.029 393.956 327.687 31.2046 296.482 351.642 292.838 104.356 39.169 136.084 1306.23 96.8137 252.628 65.1867 160.679 67.1627 48.8019 23.7685 26.7988 67.787 297.658 10.483 29.8192 155.621 25.0334 137.217 106.265
internal_count=129959 52549 77410 18146 11911 9330 34403 5150 10133 6235 2581 3400 29253 29132 1552 7376 7933 4205 3728 2650 174 2476 2200 1890 1546 218 1848 27586 1071 1954 1328 1169 747 508 208 162 383 5488 78 233 949 300 941 1615
is_linear=0
shrinkage=0.08


Tree=36
num_leaves=45
num_cat=0
split_feature=17 23 8 19 20 20 18 18 19 16 6 19 20 8 9 15 7 0 8 3 22 15 17 14 3 0 11 9 22 8 5 2 19 9 17 19 16 18 3 14 8 12 15 3
split_gain=2218.76 434.096 356.837 157.17 154.596 133.489 105.801 91.2119 83.8119 52.9289 42.7678 40.9979 36.0073 35.3422 38.2564 32.1051 31.0211 29.2654 33.1854 29.3486 28.7532 27.2356 27.1902 26.463 25.8637 29.4009 25.5633 22.5025 21.6688 21.1354 18.5876 26.3826 17.3538 16.8024 16.385 15.2145 14.7174 14.3684 14.2089 14.0388 34.2234 19.6527 13.987 12.4116
threshold=0.77183447749809331 0.61614606675890038 0.50316455696202544 0.35416666666666669 0.66789215686274517 0.54358379062895745 0.21825396825396828 0.324561403508772 0.30952380952380959 0.61920122887864837 1.0000000180025095e-35 0.41428571428571431 0.38496824276640801 0.072077922077922088 0.68042553191489374 0.41431417188389302 0.13392857142857145 0.095454545454545472 0.14907407407407411 0.48934240362811798 1.0000000180025095e-35 0.51116093672147489 0.97444063367630263 0.267948717948718 0.99494949494949514 0.94444444444444453 1.0000000180025095e-35 0.90661337209302328 1.0000000180025095e-35 0.076197387518142215 0.075710532600907585 0.43420765967205593 0.43650793650793657 0.33558558558558566 0.62973194188663817 0.63333333333333341 0.44557020468886271 0.91287878787878796 0.83438818565400863 0.17752100840336138 0.50316455696202544 0.23845060412224597 0.71463077984817136 0.44281045751633991
decision_type=2 2 2 2 2 2 2 2 2 2 2 2 2 2 2 2 2 2 2 2 2 2 2 2 2 2 2 2 2 2 2 2 2 2 2 2 2 2 2 2 2 2 2 2
left_child=1 4 8 5 7 10 -7 12 21 39 -3 27 33 14 42 43 17 19 -19 -15 23 -2 28 -8 25 -12 32 34 37 -29 -13 -32 -17 -1 -9 -14 -37 -23 -30 -6 41 -41 -10 -11
right_child=2 3 -4 -5 9 6 20 11 13 15 24 30 35 16 -16 26 -18 18 -20 -21 -22 22 -24 -25 -26 -27 -28 29 38 -31 31 -33 -34 -35 -36 36 -38 -39 -40 40 -42 -43 -44 -45
leaf_value=0.15464344702495067 0.057194557192231217 0.078946571779323571 0.079076816617853873 0.077448711641119411 -0.081107466811026013 -0.080557923274059126 -0.10179555796810352 -0.061217446950518221 -0.16297879450920696 0.028712315261988176 -0.16047840644378028 -0.05125620932699642 -0.077498995969996085 0.0074980554670781938 0.069799477806694321 -0.0643615102379793 0.076380437560762071 0.10558793196465847 -0.10132354259639799 0.065722365557724663 0.048631189661257873 -0.047288821726838098 0.060858280597062574 0.021759863919730983 0.022253894917597408 0.0091034231961796639 0.074197725883447252 0.058721073176331691 -0.0030803628659554646 -0.041132167306399951 0.064393638737346506 0.0024350222515630094 -0.012842055725688938 -0.01293689358214873 -0.0056839657161423694 -0.051870608547893743 0.070892843189509433 0.080341902656716993 0.15717305893855593 -0.037679336240599014 0.03877487880570165 -0.080910463497737659 0.025516557386773775 0.21385314576078926
leaf_weight=4.0825456343591204 35.471690777689219 85.46154011785984 2534.6293319445103 202.35468192026019 766.29386726766825 183.13523266091943 19.947483383119106 84.782457366585732 6.2165221869945508 4.9972686208784562 11.043023947626354 16.576534580439329 202.81889046728611 217.56181445717812 237.054622663185 112.25093767046928 61.763599963858724 6.2128088325262096 24.618522200733423 74.337635660544038 71.272427514195442 159.48652511835098 26.439758826047182 24.996355019509792 251.70026507601142 16.056874468922615 12.272292206063865 35.388947807252407 117.74184190481901 22.000282719731331 100.57913807779551 78.167049515992403 66.712439738214016 61.699943728744984 56.771744012832642 22.115171708166603 8.7119508199393731 5.8523409105837336 3.6507996730506411 95.97275198251009 20.436002887785435 225.25517071783543 4.2363526001572609 4.3214018009603024
leaf_count=22 186 2136 67277 3828 19874 4625 201 1168 35 39 103 106 4624 1843 4127 1512 1078 30 144 633 1099 1037 191 490 2176 166 170 166 722 286 524 858 507 557 476 267 68 44 20 1297 139 5043 43 22
internal_value=0.0206196 -0.0315953 0.0632226 0.0157289 -0.0520633 -0.00309121 -0.0426708 -0.0215325 0.0222451 -0.068249 0.0294355 0.00374784 -0.0548199 0.0396158 0.063195 -0.0304315 0.0244374 0.0144966 -0.0596289 0.022326 0.0170322 -0.00924371 -0.0167689 -0.0330779 0.0142587 -0.06 -0.0374971 -0.0218137 -0.023927 0.0204421 0.0297832 0.0372987 -0.0451565 -0.00253664 -0.0389452 -0.0695401 -0.0171768 -0.0427712 0.00173915 -0.0750944 -0.0616082 -0.0679944 -0.0865852 0.114569
internal_weight=6383.45 2868.17 3515.27 865.968 2002.21 663.613 299.351 693.695 980.645 1308.51 364.262 394.266 299.429 632.002 247.507 200.554 384.494 322.731 30.8313 291.899 116.216 348.643 313.171 44.9438 278.8 27.0999 191.236 198.943 286.732 57.3892 195.323 178.746 178.963 65.7825 141.554 233.646 30.8271 165.339 121.393 1107.96 341.664 321.228 10.4529 9.31867
internal_count=129959 52549 77410 14824 37725 10996 6415 9122 10133 28603 4581 3584 5538 7933 4205 2250 3728 2650 174 2476 1790 2200 2014 691 2445 269 2189 2096 1823 452 1488 1382 2019 579 1644 4959 335 1081 742 26353 6479 6340 78 61
is_linear=0
shrinkage=0.08


Tree=37
num_leaves=45
num_cat=0
split_feature=17 8 8 6 8 18 20 9 14 2 5 17 22 8 9 15 18 22 19 7 7 15 0 3 16 18 9 9 0 11 20 3 12 0 17 16 7 19 22 9 9 22 15 19
split_gain=2008.46 396.132 352.619 195.368 151.678 134.856 159.949 84.0786 77.1388 67.1836 55.6611 53.7171 53.5885 33.8781 63.222 33.4117 32.5517 31.6955 31.6857 29.9112 28.3646 27.7181 26.7721 25.786 25.4215 23.3119 22.2654 22.0818 21.6322 19.3995 18.9288 16.1286 25.5487 16.1993 16.0707 15.7727 15.6644 14.7389 20.2045 14.0747 13.8915 13.8017 12.6085 11.4623
threshold=0.77183447749809331 0.48714568226763355 0.51925925925925942 1.0000000180025095e-35 0.080540540540540509 0.324561403508772 0.22749774977497753 0.70871212121212135 0.71825396825396837 0.8057728017872946 0.92637759710930456 0.65020325203252038 1.0000000180025095e-35 0.072077922077922088 0.68042553191489374 0.41682754182754189 0.24264705882352944 1.0000000180025095e-35 0.23611111111111113 0.29285714285714287 0.38750000000000007 0.37053001277139214 0.095454545454545472 0.56465997770345611 0.94923064906662513 0.18898809523809526 0.32173123486682814 0.28232998885172805 0.58571428571428574 1.0000000180025095e-35 0.38496824276640801 0.48934240362811798 0.31287650602409645 0.095454545454545472 0.45981206477053455 0.72024844720496906 0.22500000000000003 0.13392857142857145 1.0000000180025095e-35 0.45972972972972981 0.44862772695285019 1.0000000180025095e-35 0.62020410165832607 0.30952380952380959
decision_type=2 2 2 2 2 2 2 2 2 2 2 2 2 2 2 2 2 2 2 2 2 2 2 2 2 2 2 2 2 2 2 2 2 2 2 2 2 2 2 2 2 2 2 2
left_child=1 4 8 9 7 6 28 -1 13 20 -7 19 16 14 -2 39 -9 24 42 30 22 -18 23 -3 27 -14 35 -15 -5 -28 40 32 -19 -33 -20 -17 -24 38 -12 -13 -6 -16 -8 -27
right_child=2 3 -4 5 11 10 18 12 -10 -11 37 15 25 17 41 26 21 31 34 -21 -22 -23 36 -25 -26 43 29 -29 -30 -31 -32 33 -34 -35 -36 -37 -38 -39 -40 -41 -42 -43 -44 -45
leaf_value=-0.079352799819140146 -0.099708585967973606 -0.085598136534805427 0.078853385300926171 -0.062323709422461356 0.08190907708738325 -0.36013732759704553 -0.08063345483730347 -0.069199928940041719 0.058470209422480893 0.082004139171375792 -0.043945451430101229 0.15253226888600574 -0.058236683774066579 0.045089434648976079 0.031086302103402429 -0.0091485333818847898 0.055189246654337387 0.014508568794109207 -0.02809001843380457 0.12254436027345619 0.089904503814118381 -0.015350470349096222 -0.11806512976994943 0.075471128702579465 0.065731523259582092 0.024293091251722049 -0.058196401596984207 -0.044466842238649419 0.022796233428332684 0.085262158878203334 -0.079337968029805001 0.076292715256882526 -0.066798781563269322 0.0084187205752665577 0.10881957946997861 0.13260236767512129 -0.018742308540047187 0.08293232609130291 0.061324810374569431 0.013039999959048656 -0.044372987733707056 0.07434598044957251 0.079932073443815796 0.091389140745114408
leaf_weight=98.344284556806087 21.107837103307247 8.6251722946763021 2341.3886790946126 20.901437867432833 6.8185314610600463 2.035276746377348 281.08574407733977 54.156756676733494 260.70653636939824 237.32181133888662 16.743381345644593 7.4262681677937534 9.8647715970873815 19.552964009344578 142.17943930998445 24.627130471169952 46.044669434428215 131.46635865047574 18.052017748355869 4.8200961947441092 18.606229012832046 157.94374819472432 18.572771502658725 24.234477993100882 17.218184303492308 22.851945254951715 182.42147248983383 178.30784193240106 222.71300191059709 6.2391270026564589 982.8871230147779 43.827595930546522 30.465438786894083 46.256058501079679 7.8834135197103015 6.3112892881035796 22.441681046038866 81.584289276972413 38.497946087270975 12.291689973324536 30.568684451282024 70.657041991129518 3.1652039550244799 56.79219494573772
leaf_count=1750 124 103 67087 99 37 17 7198 1167 4519 5175 217 24 167 109 1376 161 268 777 112 36 283 1265 235 191 125 172 2567 1358 1855 28 25990 260 231 483 50 21 248 1860 487 84 305 961 16 361
internal_value=0.0201259 -0.0306082 0.0621011 0.00878542 -0.0541573 -0.0153447 -0.0330205 -0.014045 0.0213174 0.0594643 0.0551493 -0.0683063 0.00442928 0.00750082 0.0323507 -0.0341793 -0.0140657 -0.00494525 -0.0711222 -0.0762735 0.00162286 0.000571894 -0.0206121 0.0331928 -0.0275033 0.057769 -0.0431364 -0.0356167 0.0154932 -0.0534521 -0.0772128 0.0143066 -0.00078839 0.0414408 0.0135254 0.019768 -0.0637191 0.0613267 0.0294179 0.0655762 -0.0213422 0.0454476 -0.0788455 0.0721376
internal_weight=6036.01 2732.87 3303.13 1022.46 1710.41 692.662 553.801 445.998 961.745 329.802 138.861 1264.41 347.654 701.039 233.944 239.317 258.145 467.094 310.186 1025.09 92.4803 203.988 73.8741 32.8597 215.079 89.5089 219.599 197.861 243.614 188.661 1020.27 252.015 161.932 90.0837 25.9354 30.9384 41.0145 136.826 55.2413 19.718 37.3872 212.836 284.251 79.6441
internal_count=129959 52549 77410 18146 34403 11911 9330 5150 10323 6235 2581 29253 3400 5804 2461 2885 2700 3343 7376 26368 1060 1533 777 294 1592 700 2777 1467 1954 2595 26332 1751 1008 743 162 182 483 2564 704 108 342 2337 7214 533
is_linear=0
shrinkage=0.08


Tree=38
num_leaves=45
num_cat=0
split_feature=18 8 8 6 3 23 19 14 12 2 20 19 17 20 2 3 0 0 4 5 9 7 7 22 18 19 15 9 17 16 17 18 18 0 3 14 23 14 3 15 20 19 9 22
split_gain=1819.18 433.108 330.622 171.318 136.214 106.075 85.233 81.808 64.3223 58.1473 54.8215 49.0803 43.5711 32.7155 31.1006 44.2227 49.3152 51.1106 31.9108 28.0051 26.9002 25.5305 23.8089 22.1143 23.462 21.8951 24.6212 21.473 21.3801 19.9434 19.2911 19.2648 18.0882 17.0458 20.0372 17.0392 14.9588 14.7313 14.6411 14.1787 14.1746 13.8171 13.6738 13.4894
threshold=0.58578431372549034 0.51925925925925942 0.48714568226763355 1.0000000180025095e-35 0.25227272727272732 0.81659207584462357 0.19090909090909094 0.71825396825396837 0.087595907928388797 0.8057728017872946 0.31601439496176342 0.58571428571428574 0.65692963752665257 0.66789215686274517 0.49285418882193083 0.53452380952380962 0.087121212121212141 0.29285714285714287 0.27953488372093033 0.050641025641025628 0.84877072612921689 0.29285714285714287 0.38750000000000007 1.0000000180025095e-35 0.40588235294117653 0.30952380952380959 0.50581473968897916 0.913664596273292 0.53368237347294956 0.69589238529906328 0.8654408457040037 0.18898809523809526 0.54772727272727284 0.095454545454545472 0.56465997770345611 0.21240601503759401 0.24193611793611799 0.13714733542319751 0.99494949494949514 0.41431417188389302 0.26639784946236561 0.30952380952380959 0.3504385964912281 1.0000000180025095e-35
decision_type=2 2 2 2 2 2 2 2 2 2 2 2 2 2 2 2 2 2 2 2 2 2 2 2 2 2 2 2 2 2 2 2 2 2 2 2 2 2 2 2 2 2 2 2
left_child=2 7 4 9 8 6 10 14 20 22 38 13 21 27 19 18 -17 -18 -16 -2 -1 40 33 39 29 26 -21 -10 -12 -25 -27 -8 -15 34 -4 -7 37 -13 -5 -14 -6 -22 -20 -38
right_child=1 -3 3 5 12 35 31 -9 11 -11 28 36 23 32 15 16 17 -19 42 25 41 -23 -24 24 -26 30 -28 -29 -30 -31 -32 -33 -34 -35 -36 -37 43 -39 -40 -41 -42 -43 -44 -45
leaf_value=-0.086850833986073489 -0.1219053916834525 0.078302188156049016 -0.09442447161315301 -0.093282862454372617 0.036742554854902583 0.019015197289483907 -0.032462128964792364 0.056745565708554331 -0.014530320909659349 0.081038283483714266 -0.079575350559074595 -0.02220193530526748 0.12161173464714546 -0.063243385059915488 0.0061106638375345917 0.083542071193286674 -0.085271192240661389 0.040447576628044345 0.056969534404669175 0.056311124439825749 -0.062714603202134941 0.1194997430218899 0.089262107360027404 -0.0033684024207906401 -0.028976377518982344 0.015893227437409424 -0.013822273320891221 0.055206531714403886 -0.0073957725246967957 0.1616997685318339 0.057872034099936694 0.078115067549074296 0.045318891091656044 -0.057975191032229992 0.061610635625275328 0.079475343803471016 0.048413495972032206 0.099050923658708448 0.0073211376130465937 -0.07883602246274489 -0.080005630705239764 0.044405961226060525 -0.069647516391105391 0.13887549373452932
leaf_weight=93.194500163197517 9.1631417423486692 2228.7239713594317 6.9124905169010189 10.322123564779757 6.7049813047051421 164.00278085097671 13.205007649958132 247.68081281706691 73.295657556504011 194.67607470415533 250.74862968549132 19.826755436137322 2.3473070785403243 83.985473927110434 62.986764449626207 49.305870663374662 38.336400339379907 44.977808304131031 5.7225902304053298 39.541411489248276 13.448869656771423 4.159655410796403 15.498662017285822 10.609477583318951 83.592633251100779 166.5753360632807 168.78129202127457 45.989191517233849 29.336894521489739 8.3878970667719823 120.91916227713227 42.65756587125361 11.123315732926129 35.879570702090859 22.127923797816038 36.465704049915075 22.212249200791121 9.4782409742474538 89.818093691021204 59.672242701053619 904.43149767816067 18.048224184662104 118.34505150467157 20.092857360839844
leaf_count=1856 55 68601 97 79 46 1653 88 4519 708 4420 7058 155 13 1795 365 292 387 545 23 189 176 32 229 143 965 1250 855 341 307 40 1799 662 51 417 148 982 144 44 477 1030 25676 150 999 98
internal_value=0.019659 0.0582021 -0.033305 0.00464504 -0.0565153 -0.0181531 -0.0402949 0.0164263 -0.0173003 0.0573989 -0.0538514 0.00360443 -0.0714291 -0.0155487 0.00431664 -0.0152097 0.0201279 -0.017401 -0.0402639 0.0166777 -0.0652491 -0.0782437 0.000173162 -0.0335369 -0.0107382 0.0192388 -0.000510361 0.0123561 -0.0720151 0.069514 0.0335494 0.0519764 -0.0505466 -0.0210955 0.0244696 0.030013 0.0609469 0.0170154 -0.00304879 -0.0712495 -0.0791465 -0.0013332 -0.0638073 0.0913785
internal_weight=5703.31 3301.06 2402.25 911.652 1490.6 636.557 436.088 1072.34 410.695 275.095 380.226 286.004 1079.91 214.394 824.655 319.674 132.62 83.3142 187.054 504.98 124.692 915.296 80.4186 164.61 102.59 495.817 208.323 119.285 280.086 18.9974 287.494 55.8626 95.1088 64.92 29.0404 200.468 71.6101 29.305 100.14 62.0195 911.136 31.4971 124.068 42.3051
internal_count=129959 79879 50080 16617 33463 11306 8671 11278 5518 5311 7921 3336 27945 2895 6759 2611 1224 932 1387 4148 2182 25754 891 2191 1148 4093 1044 1049 7365 183 3049 750 1846 662 245 2635 441 199 556 1043 25722 326 1022 242
is_linear=0
shrinkage=0.08


Tree=39
num_leaves=45
num_cat=0
split_feature=17 8 8 19 1 20 18 19 20 17 22 12 9 6 15 8 7 9 7 17 9 3 18 9 19 15 16 14 0 14 8 8 19 22 20 20 22 14 9 16 16 9 22 20
split_gain=1647.94 340.956 319.985 164.242 137.535 125.549 128.501 65.6784 61.6353 52.183 42.6105 42.4292 43.8753 38.6327 32.9547 31.7188 30.3304 30.2502 28.8555 24.5619 24.4356 23.5741 23.3414 22.0154 21.7579 21.6704 27.6174 20.6617 20.4923 18.168 17.7543 16.638 16.6283 13.4156 12.7991 12.214 11.9822 13.9789 12.1177 11.5907 11.3984 10.5973 10.5073 9.98019
threshold=0.77183447749809331 0.51925925925925942 0.48714568226763355 0.35416666666666669 0.18321678321678322 0.33596875000000009 0.24264705882352944 0.30952380952380959 0.68841813923781148 0.65020325203252038 1.0000000180025095e-35 0.089719939627704207 0.84877072612921689 1.0000000180025095e-35 0.41682754182754189 0.072077922077922088 0.13392857142857145 0.63911657559198554 0.18333333333333338 0.63661757237176242 0.53597308488612849 0.60922587486744451 0.18898809523809526 0.32173123486682814 0.63333333333333341 0.64755053100376847 0.81264269406392708 0.267948717948718 0.58571428571428574 0.059714795008912663 0.14907407407407411 0.38013136288998362 0.30952380952380959 1.0000000180025095e-35 0.29222126188418329 0.54358379062895745 1.0000000180025095e-35 0.17752100840336138 0.96580946814728241 0.72024844720496906 0.97426435802819567 0.23582887700534763 1.0000000180025095e-35 0.64592551622418892
decision_type=2 2 2 2 2 2 2 2 2 2 2 2 2 2 2 2 2 2 2 2 2 2 2 2 2 2 2 2 2 2 2 2 2 2 2 2 2 2 2 2 2 2 2 2
left_child=2 7 4 5 8 13 19 25 11 18 27 12 -1 -4 -11 17 20 -9 34 -7 -17 -12 -13 39 -10 41 35 -8 -15 -5 -22 -25 -24 -14 -6 -27 38 -38 -26 -16 42 -2 -28 -20
right_child=1 -3 3 29 9 6 10 15 24 14 21 22 33 28 23 16 -18 -19 43 -21 30 -23 32 31 36 26 40 -29 -30 -31 -32 -33 -34 -35 -36 -37 37 -39 -40 -41 -42 -43 -44 -45
leaf_value=-0.086920612755104362 -0.13414006833478653 0.078217057357774303 0.078411478723143122 -0.011706141984988268 0.013956976623888149 -0.079715078633625383 -0.089675270505623225 -0.09717877008893222 -0.063487162828455526 0.075015144907728926 -0.13726028076669061 -0.057255814741282836 0.003584360992483839 -0.059413898729933995 0.0040181410680044374 0.037915718658517977 0.074171217275030565 0.065884131104681193 0.091241513168867791 0.17468311546174162 0.037596991160843793 0.054875953185800463 0.0016863816092618244 -0.064379238691292556 -0.050796247385835151 0.078849934428570093 -0.024374428374610693 0.011308533326728097 0.019259785693343523 0.076958874943358554 -0.022050768037506451 -0.0011326590236509842 0.051753737527764375 0.12588309751715637 -0.079385068404542042 -0.058610823399326606 -0.087142838035458275 0.098222056822067916 0.094374902633285934 0.14643262600180598 0.091351727201062174 0.02908705079987621 0.020702887329528571 -0.07159813125719057
leaf_weight=51.491032708436251 2.6206947155296794 2011.5140774138272 72.019156532362103 16.005340056493878 9.510498393326996 237.10482451505959 27.591607922688127 7.5478400103747836 164.17485855706036 17.189994994550943 4.266179706901311 19.466322058811784 23.670920524746183 23.34340937435627 15.782634552568199 127.24045189097524 58.229395128786564 206.03560752607882 8.7331082932651025 2.4540661424398413 41.760865600779653 97.27098048850894 64.304637342691422 125.57320334389806 25.730520889163021 4.3184899352490893 73.625905472785234 24.464546285569668 229.58987683057785 194.85566477943212 135.76284366846085 33.781163357198238 124.93881689198315 7.5782622359693042 821.63269410468638 98.411846365779638 3.3419932238757601 11.78704174607992 4.2940613478422156 4.7607330232858649 8.51423481851816 88.840658955276012 60.116828624159098 3.3262394350022069
leaf_count=773 13 67087 2185 121 65 7248 247 59 3437 92 44 347 167 125 98 1370 1204 4146 70 21 552 1432 484 2112 265 23 492 500 1989 4234 767 382 776 53 25015 757 59 82 26 15 68 515 357 85
internal_value=0.0191785 0.059814 -0.0289342 0.00815214 -0.0512901 -0.0100758 -0.0404869 0.0192696 -0.016844 -0.0678719 0.0166325 0.00694157 -0.0415374 0.0267179 -0.0308112 0.03566 0.021267 0.0601216 -0.0765344 -0.077109 0.0111589 0.0468032 0.0261604 -0.0409234 -0.0499609 -0.00881894 -0.0212243 -0.0422165 0.0119989 0.0702288 -0.00801917 -0.0509717 0.0347409 0.0332431 -0.078317 -0.0528324 -0.00078057 0.0572751 -0.0300341 0.0370214 0.00160128 0.02441 -0.00411235 0.0463267
internal_weight=5394.57 2924.54 2470.03 928.966 1541.07 718.105 393.152 913.026 500.778 1040.29 153.593 291.45 82.7402 324.952 197.088 576.577 362.994 213.583 843.203 239.559 304.764 101.537 208.71 179.898 209.328 336.449 244.987 52.0562 252.933 210.861 177.524 159.354 189.243 31.2492 831.143 102.73 45.1536 15.129 30.0246 20.5434 142.257 91.4614 133.743 12.0593
internal_count=129959 77410 52549 18146 34403 13791 9492 10323 6469 27934 2223 2600 993 4299 2699 8098 3893 4205 25235 7269 2689 1476 1607 2607 3869 2225 1697 747 2114 4355 1319 2494 1260 220 25080 780 432 141 291 113 917 528 849 155
is_linear=0
shrinkage=0.08


Tree=40
num_leaves=45
num_cat=0
split_feature=17 8 8 6 2 18 20 14 20 7 9 5 12 9 22 1 19 19 23 8 8 22 2 1 17 16 3 0 17 19 8 4 18 19 14 22 23 9 3 9 22 16 8 9
split_gain=1488.23 335.402 288.382 194.7 123.229 98.697 144.32 60.7419 59.8774 52.4385 47.8937 45.5184 36.896 38.944 28.3904 23.4068 22.7267 22.573 28.4175 22.2173 21.9739 20.516 19.9397 19.5761 17.883 17.5722 17.546 34.4788 17.5038 24.9217 16.0929 18.5907 15.4611 15.3041 13.8861 13.2188 12.7166 12.6536 12.6186 12.5337 15.6382 12.5154 12.1248 14.0839
threshold=0.77183447749809331 0.51925925925925942 0.58397435897435901 1.0000000180025095e-35 0.42577314326540344 0.24264705882352944 0.22749774977497753 0.71825396825396837 0.66789215686274517 0.18333333333333338 0.33558558558558566 0.94609125254286564 0.10367218987908645 0.74388789505068587 1.0000000180025095e-35 0.23132664437012265 0.13392857142857145 0.58571428571428574 0.44755117840417297 0.059262510974539058 0.14907407407407411 1.0000000180025095e-35 0.67996467861864118 0.044949494949494913 0.40749517289801657 0.94290004290004292 0.99494949494949514 0.94444444444444453 0.58359213250517616 0.43650793650793657 0.38013136288998362 0.31503759398496245 0.72077922077922085 0.23611111111111113 0.38675213675213682 1.0000000180025095e-35 0.48801021711366549 0.82891986062717782 0.57979626485568769 0.96580946814728241 1.0000000180025095e-35 0.30996833715471128 0.38013136288998362 0.551981471950592
decision_type=2 2 2 2 2 2 2 2 2 2 2 2 2 2 2 2 2 2 2 2 2 2 2 2 2 2 2 2 2 2 2 2 2 2 2 2 2 2 2 2 2 2 2 2
left_child=2 7 4 22 8 6 26 14 12 10 32 -7 13 -1 15 23 21 18 34 -15 37 -13 -4 -2 -14 38 27 -5 -12 -30 31 -22 41 -25 -10 -11 -9 -16 -17 40 -19 -6 43 -38
right_child=1 -3 3 5 9 11 -8 36 17 35 28 16 24 19 20 25 -18 39 -20 -21 30 -23 -24 33 -26 -27 -28 -29 29 -31 -32 -33 -34 -35 -36 -37 42 -39 -40 -41 -42 -43 -44 -45
leaf_value=-0.079529798156349404 -0.16538797744187278 0.077885390544548599 -0.029394052060143505 -0.17005923566228578 0.21180935097530618 -0.23406327707297025 -0.07591355104606691 0.072141997785714299 -0.070621008122928625 -0.032080982793755673 -0.080781281092733193 -0.0509771096730686 -0.044671426783057092 0.024299762807029592 0.017920481287585607 -0.059522420883421176 0.082724427595970762 -0.049243161891983085 0.25765267702142647 -0.059064416190707451 0.014295886832852864 0.047270094088157161 0.078176053195460324 -0.012813047050371671 0.057271181170455543 0.050542401070997917 0.019138654818772142 0.057801535727340488 -0.074019971267792431 -0.022726419615244128 0.044986294796169814 -0.046075426601827979 0.14059933199080715 0.030365475292602438 0.014210818884969983 0.062224062023643167 0.049527429665466645 0.07838700861884719 -0.0025586420650500767 0.11231535672392959 0.052640319611133662 -0.020205093300311696 0.069293035794232974 -0.0229445810158143
leaf_weight=43.98846323043108 4.1266881078481665 1864.4533299962059 11.620463566854594 9.2209252528846282 1.522608010098337 3.6512985974550238 234.77649026736617 118.13663910515606 159.05377148278058 15.694377261213956 634.65798042155802 19.51450421102345 12.474437119439242 102.74439343065023 35.304747924208641 92.40869102999568 72.896789451129735 27.769541809335351 1.7756113149225701 25.54782866127789 107.48902948386967 44.904109738767147 216.48274721484631 97.114153038710356 94.007818067446351 13.913075745105742 215.89084497466683 7.8837625533342353 176.80189098976552 92.254752650856972 59.318457774817944 46.883436571806669 4.3572180271148673 114.44830434024334 13.388821292668579 24.151269948109984 34.844990143552423 59.442827327176929 34.062004487961531 5.7147011794149867 14.770102975890039 65.401931567117572 39.884836630895734 33.817294090986252
leaf_count=702 27 67087 115 67 11 32 7219 2892 3840 215 21021 257 162 721 298 712 1915 302 12 230 617 537 5482 469 665 110 1807 77 4143 1280 553 371 11 1435 62 261 581 895 317 38 154 1211 787 259
internal_value=0.0186897 0.0585892 -0.028039 0.0096583 -0.048847 -0.0139629 -0.0316463 0.01822 -0.0163933 -0.0648761 -0.0685524 0.0447165 0.0083081 -0.0145733 0.00602145 -0.00936858 0.0521294 -0.0473447 -0.0607559 0.00769881 0.0237883 0.0175078 0.072696 0.00717906 0.0453286 -0.0347928 0.0129593 -0.0650354 -0.073532 -0.0564323 0.00956987 -0.00403908 -0.00541973 0.0105451 -0.0640345 0.0250793 0.0539792 0.055856 -0.0441805 0.00107538 -0.0138684 -0.0149265 0.0342119 0.0138338
internal_weight=5108.57 2755.65 2352.92 836.842 1516.08 608.739 467.772 891.195 501.235 1014.84 974.996 140.967 278.763 172.281 664.511 356.073 137.315 222.473 174.218 128.292 308.438 64.4186 228.103 215.689 106.482 140.384 232.996 17.1047 903.715 269.057 213.691 154.372 71.2818 211.562 172.443 39.8456 226.684 94.7476 126.471 48.2543 42.5396 66.9245 108.547 68.6623
internal_count=129959 77410 52549 17508 35041 11911 9170 10323 6888 28153 27677 2741 2480 1653 5804 3070 2709 4408 3914 951 2734 794 5597 1931 827 1139 1951 144 26444 5423 1541 988 1233 1904 3902 476 4519 1193 1029 494 456 1222 1627 840
is_linear=0
shrinkage=0.08


Tree=41
num_leaves=45
num_cat=0
split_feature=18 8 8 6 3 23 19 18 22 2 20 17 12 22 8 18 7 22 18 16 15 8 20 16 3 8 15 17 16 18 23 11 20 9 19 9 8 9 8 19 17 20 2 15
split_gain=1343.96 397.526 243.834 125.293 121.915 77.3395 65.2683 63.5732 52.3999 51.7353 48.5199 44.1029 30.5283 28.2068 28.0504 27.8909 21.1947 20.042 20.5095 19.7256 24.667 20.9872 19.6798 19.8985 18.5423 17.6511 16.0973 15.4137 15.3039 14.6195 14.5864 14.7724 13.9404 13.6465 14.9304 13.4514 12.8225 13.9366 17.1281 12.4054 17.6628 13.3399 12.2148 11.6914
threshold=0.58578431372549034 0.51925925925925942 0.48714568226763355 1.0000000180025095e-35 0.25227272727272732 0.81659207584462357 0.19090909090909094 0.8973684210526317 1.0000000180025095e-35 0.83645766628738782 0.54358379062895745 0.65692963752665257 0.089719939627704207 1.0000000180025095e-35 0.77836257309941537 0.324561403508772 0.29285714285714287 1.0000000180025095e-35 0.40588235294117653 0.9525541125541126 0.51628047857034687 0.068381063705435466 0.75091240875912424 0.48496155585707829 0.99494949494949514 0.072077922077922088 0.59102104791759968 0.64425612052730707 0.68365249377907611 0.18898809523809526 0.62828143782232748 1.0000000180025095e-35 0.33596875000000009 0.84877072612921689 0.43650793650793657 0.551981471950592 0.11215932914046124 0.57259953161592514 0.40253164556962034 0.63333333333333341 0.69705627705627715 0.76953601953601969 0.52580367163700503 0.41431417188389302
decision_type=2 2 2 2 2 2 2 2 2 2 2 2 2 2 2 2 2 2 2 2 2 2 2 2 2 2 2 2 2 2 2 2 2 2 2 2 2 2 2 2 2 2 2 2
left_child=2 7 4 9 8 6 10 13 12 14 24 16 33 19 39 -10 32 43 28 20 35 -22 23 -14 -5 -15 -12 -7 -19 -8 31 -27 -6 -1 -35 -2 -9 -38 42 40 -4 -41 -39 -13
right_child=1 -3 3 5 11 27 29 36 15 -11 26 17 22 25 -16 -17 -18 18 -20 -21 21 -23 -24 -25 -26 30 -28 -29 -30 -31 -32 -33 -34 34 -36 -37 37 38 -40 41 -42 -43 -44 -45
leaf_value=-0.08677034388637507 0.086380670060115461 0.077250860070372504 -0.021291543672589546 -0.087705885804903558 -0.0040395212368277353 0.015771222506650799 -0.025570112813967226 0.07118639407171061 -0.026335811080631381 0.081395703828489305 -0.080323353170442272 0.10284288684830138 -0.016496004617232139 0.055517760350364556 0.091747932406767735 0.062244278050290286 0.1088420898609837 -0.0055306991866418036 -0.024977098516940459 0.058910042570666531 0.001973649533782912 -0.040345427420535172 -0.052368514352757592 0.053791850470697733 3.9526676574533317e-05 -0.0011891638988142845 0.021091196946430593 0.078605458009170598 0.14125640387195451 0.074706609485547026 0.059428479991059886 0.095391570368075149 -0.079192313336380507 -0.069744219729041323 0.044942459166957306 0.0076390095698385735 0.057838912128884389 0.011909626022736191 0.067153462970369254 0.10711771816852833 -0.16357391698026008 -0.045124801200991764 -0.081755074823999976 -0.07617877607387849
leaf_weight=71.046209467574954 17.058986876159906 1777.8268511984497 46.377864874899387 17.874814787879586 16.150313429534435 155.06725868582726 12.50821661017835 108.06617258116603 33.477116148918867 149.68868657201529 188.2323604170233 2.445558685809373 80.898316068574786 73.007082859054208 18.202873263508081 70.992277704179287 3.9253110457211724 8.9120522439479846 78.135918132960796 24.959155282005668 118.81092565506697 203.3941310569644 53.952515108510852 37.832273790612817 111.92674307525158 211.6404645871371 10.579910930246113 29.785155937075615 9.2783143334090692 36.33356826286763 34.382091941311955 10.645456735044716 721.26466614753008 17.598768744617704 12.372083906084297 74.619949132204056 66.354466063901782 20.715539518743753 17.937565764412284 8.842848524451254 6.3482051920145741 6.3133116960525504 15.63701009005308 51.514520844444633
leaf_count=1696 72 68601 562 246 164 1623 88 2728 666 4193 6665 13 934 1179 333 496 32 129 965 293 1072 1650 1130 274 893 1450 117 1012 54 662 388 119 25558 235 87 524 1192 147 329 69 88 66 135 1030
internal_value=0.0181943 0.0545736 -0.0306261 0.0040251 -0.0524048 -0.0165002 -0.0372629 0.0141455 -0.014342 0.0529769 -0.050088 -0.0685485 -0.0327399 0.00312638 0.0035611 0.0338589 -0.0765595 -0.0290318 -0.00716603 -0.0101576 -0.0143227 -0.0247406 -0.0123049 0.00590049 -0.0120438 0.0208092 -0.0749265 0.0258957 0.0693406 0.0490261 0.0109366 0.00343617 -0.0775464 -0.0676726 -0.0224011 0.0222907 0.051172 0.0332443 0.00318436 -0.0200865 -0.0384223 0.043701 -0.0283801 -0.0680652
internal_weight=4842.93 2775.06 2067.88 798.082 1269.8 562.308 377.456 997.229 378.17 235.774 328.614 891.627 273.7 768.518 86.0851 104.469 741.34 150.286 96.3263 438.843 413.884 322.205 172.683 118.731 129.802 329.675 198.812 184.852 18.1904 48.8418 256.668 222.286 737.415 101.017 29.9709 91.6789 228.711 120.645 54.2901 67.8822 52.7261 15.1562 36.3525 53.9601
internal_count=129959 79879 50080 16617 33463 11306 8671 11278 5518 5311 7921 27945 4356 6747 1118 1162 25754 2191 1148 3611 3318 2722 2338 1208 1139 3136 6782 2635 183 750 1957 1569 25722 2018 322 596 4531 1803 611 785 650 135 282 1043
is_linear=0
shrinkage=0.08


Tree=42
num_leaves=45
num_cat=0
split_feature=17 3 8 6 1 18 20 2 9 17 5 19 22 20 15 12 23 9 19 18 11 2 0 8 22 1 19 15 12 22 0 3 8 9 20 19 22 23 18 19 3 12 8 18
split_gain=1215.17 283.371 258.323 164.998 117.458 94.8496 109.316 50.6693 48.8158 47.2516 46.1529 38.261 33.248 32.4806 27.8931 27.196 25.6234 28.3705 24.4632 23.7596 20.9544 19.7538 19.3377 19.0292 17.8925 17.8301 17.3052 17.2469 15.2947 15.1652 14.9389 35.418 14.9063 14.0577 13.9415 13.8955 14.1672 13.4946 13.4424 12.3359 12.3047 28.4729 12.6086 11.7819
threshold=0.7888616100271354 0.62258652094717681 0.58397435897435901 1.0000000180025095e-35 0.18321678321678322 0.324561403508772 0.22749774977497753 0.48498332025117746 0.78629976580796257 0.65020325203252038 0.92637759710930456 0.63333333333333341 1.0000000180025095e-35 0.26639784946236561 0.41682754182754189 0.10762548262548262 0.65210681791326963 0.42163742690058487 0.23611111111111113 0.24264705882352944 1.0000000180025095e-35 0.8057728017872946 0.47222222222222227 0.40253164556962034 1.0000000180025095e-35 0.044949494949494913 0.43650793650793657 0.37053001277139214 0.080540540540540509 1.0000000180025095e-35 0.76388888888888895 0.99494949494949514 0.77836257309941537 0.68801229508196726 0.70036496350364974 0.13392857142857145 1.0000000180025095e-35 0.35275503733516239 0.79285714285714304 0.30952380952380959 0.10933997509339978 0.1021295089091699 0.062019230769230778 0.46862745098039221
decision_type=2 2 2 2 2 2 2 2 2 2 2 2 2 2 2 2 2 2 2 2 2 2 2 2 2 2 2 2 2 2 2 2 2 2 2 2 2 2 2 2 2 2 2 2
left_child=2 7 4 21 8 6 30 11 15 13 -7 28 19 -6 -11 38 17 -9 -8 -10 33 32 43 -3 -16 -13 -26 -21 -2 -20 31 -5 -4 -19 -17 36 -12 -36 -1 -14 42 -42 -30 -15
right_child=1 23 3 5 9 10 18 16 12 14 35 25 39 22 24 34 -18 20 29 27 -22 -23 -24 -25 26 -27 -28 -29 40 -31 -32 -33 -34 -35 37 -37 -38 -39 -40 -41 41 -43 -44 -45
leaf_value=-0.072986715775808064 -0.054980789602840946 0.029619334497474861 -0.014099549688960463 -0.16588754090482952 0.058118482120249677 -0.35294658757585162 -0.075718203051141325 0.025311149692266201 -0.065767461614378547 0.059070797153188102 -0.031147928632934942 -0.24433187025453748 0.002340996034395543 -0.078207148099181625 -0.063605819462136379 0.037606020128037161 0.059106276257630902 -0.024775489253816573 -0.14976899879090244 0.04666877120702502 0.074925025490683375 0.082390992248452935 0.056089290928546261 0.077039529087889219 -0.042616969103605878 0.057977216057089408 0.023389982782675754 -0.010759007876570142 0.056560522027498124 0.036621499579695668 0.032196612047173979 0.0038373365244361596 0.085838162987328062 -0.074081053232540536 -0.072072250602254834 0.081734922432048995 0.056053455134347167 0.037872810599051135 0.064052733544190249 0.071860807110188885 -0.096197053906516283 0.015235252313441153 -0.088766376890784288 -0.038851213079309756
leaf_weight=117.88259536027908 21.281466692686081 56.041147351264954 26.999662643298507 8.5029092282056791 12.133473061025141 1.7789408471435297 203.90768052823842 54.822572514414787 39.310843547806144 20.681811077520251 17.809909062460065 1.2562964633107174 23.221714610233903 646.02415457367897 95.382062251679599 29.13433245383203 26.552654545754194 75.86430219002068 3.2444788031280067 43.668515941128135 9.3069768920540792 177.67489976063371 7.2499793637543908 1613.048075305298 62.518707560375333 204.43854074645787 42.838149219751358 143.29964152351022 56.93360810726881 20.107474718242884 113.30931140109897 105.5291166678071 14.781208874657748 72.258030686527491 23.114389365538955 67.368288208730519 36.078830784186721 10.341331794857977 4.7662742733955374 55.087832255288959 16.123818140476942 163.36205848865211 4.0956595093011847 52.650255570188165
leaf_count=2475 156 690 332 67 140 17 7214 432 1021 128 279 7 230 24424 1617 288 491 539 30 261 159 5674 52 66301 1025 4595 341 1172 506 133 1219 668 296 602 607 2303 604 87 19 452 113 1075 24 1094
internal_value=0.0176733 0.057473 -0.0247897 0.0117007 -0.0451396 -0.0107341 -0.0275989 0.0149966 -0.0133789 -0.0616991 0.051579 0.0303111 0.00631619 -0.0716619 -0.0293899 -0.0457636 -0.0149836 -0.0242522 -0.0668358 -0.00923276 -0.041512 0.0707519 -0.0738926 0.0754474 -0.0385039 0.0561308 -0.0157785 0.0026539 0.0100244 0.0107247 0.0116239 -0.00881836 0.0212563 -0.0488281 -0.00285388 0.0575137 0.0272339 -0.0380877 -0.0676612 0.0512456 0.0157763 0.00522491 0.0468077 -0.0752414
internal_weight=4601.78 2375.39 2226.4 797.093 1429.31 577.637 454.601 706.296 489.827 939.479 123.036 467.491 304.589 718.058 221.421 185.239 238.805 212.252 227.26 226.279 157.429 219.456 705.924 1669.09 200.739 205.695 105.357 186.968 261.797 23.352 227.341 114.032 41.7809 148.122 62.5901 121.257 53.8887 33.4557 122.649 78.3095 240.515 179.486 61.0293 698.674
internal_count=129959 75690 54269 18836 35433 12534 9331 8699 6612 28821 3203 6476 3136 25710 3111 3476 2223 1732 7377 2454 1300 6302 25570 66991 2983 4602 1366 1433 1874 163 1954 735 628 1141 982 3186 883 694 2494 682 1718 1188 530 25518
is_linear=0
shrinkage=0.08


Tree=43
num_leaves=45
num_cat=0
split_feature=17 8 8 6 1 18 20 17 19 9 5 19 20 15 12 8 9 7 19 2 16 7 9 3 19 19 15 16 22 0 4 3 9 19 7 22 0 3 0 17 20 23 18 19
split_gain=1094.92 277.714 229.842 149.491 110.38 85.4708 115.337 47.3684 46.3189 43.2732 37.3627 29.9282 29.7373 24.9127 24.8679 20.7553 21.6596 22.6185 20.6194 19.5456 18.8376 18.2305 16.4395 16.3532 16.2889 16.7759 15.7935 16.9201 15.7602 15.636 15.2043 20.2285 15.1472 13.8779 13.5266 13.3333 13.148 31.8064 13.0234 12.3999 12.0351 12.1285 12.024 11.3347
threshold=0.7888616100271354 0.51925925925925942 0.58397435897435901 1.0000000180025095e-35 0.18321678321678322 0.24264705882352944 0.22749774977497753 0.65020325203252038 0.63333333333333341 0.78629976580796257 0.94609125254286564 0.41428571428571431 0.26639784946236561 0.48900966183574884 0.10762548262548262 0.13484848484848486 0.42163742690058487 0.18333333333333338 0.13392857142857145 0.8057728017872946 0.72024844720496906 0.29285714285714287 0.67769272826681248 0.12599206349206352 0.087121212121212141 0.30952380952380959 0.57583690306203406 0.81264269406392708 1.0000000180025095e-35 0.11805555555555557 0.1438923395445135 0.56465997770345611 0.4841229838709678 0.43650793650793657 0.38750000000000007 1.0000000180025095e-35 0.76388888888888895 0.99494949494949514 0.11805555555555557 0.36117229564366138 0.70036496350364974 0.35275503733516239 0.79285714285714304 0.30952380952380959
decision_type=2 2 2 2 2 2 2 2 2 2 2 2 2 2 2 2 2 2 2 2 2 2 2 2 2 2 2 2 2 2 2 2 2 2 2 2 2 2 2 2 2 2 2 2
left_child=2 8 4 19 9 6 36 12 26 14 -7 24 -6 -9 42 22 -17 29 28 34 33 -14 23 -10 -11 -26 -2 -28 -12 -18 -29 -32 -22 -15 38 39 37 -5 -4 -13 -16 -42 -1 -3
right_child=1 43 3 5 7 10 -8 13 15 11 18 35 21 20 40 16 17 -19 -20 -21 32 -23 -24 -25 25 -27 27 30 -30 -31 31 -33 -34 -35 -36 -37 -38 -39 -40 -41 41 -43 -44 -45
leaf_value=-0.070819310939286492 0.031711893459900338 0.060687091364071279 0.059592039149369641 -0.16133986520191237 0.054381824613598785 -0.22522746337028893 -0.073430770114569874 0.030112555459476453 -0.17864044194261741 0.01002896869358132 -0.03873831367510408 -0.12868443359680154 -0.074512666384127471 -0.071928947531005274 0.034315989078391049 0.062796046742384579 0.0014644256395913355 0.072735764030906161 0.081445881311588725 0.081701934044408717 0.07978843905920821 0.045375878544774227 0.069618902928377691 0.036879981916938046 -0.075538621016078653 -0.0054717231111311845 -0.026924896762249642 0.043496309698184556 0.045587162736252795 -0.089418492718684295 -0.022580914861420009 0.04839198974600379 -0.031763508845015311 -0.020955322209105422 0.086067263901623475 0.070947635650247934 0.030677287506176043 0.0035403849172849482 -0.054105812819938308 0.022450395227485046 -0.070321573535907525 0.034678798205089782 0.059877167158314773 0.079927331733234117
leaf_weight=112.01503670215607 83.315038297325373 233.32213750574738 10.246171815320851 8.0614181682467443 11.938253516331313 3.211682839319109 194.13078952394426 39.073209822177887 3.4151493068784458 74.06919220648706 20.832401004619896 3.6069622673094264 651.00143796019256 90.496351215988398 29.363365136086941 61.152435624971986 102.7943785469979 26.420774267986417 68.791606915183365 165.34283867757767 13.444561500102283 8.2200028561055642 136.97103772684932 6.6227247752249241 44.303068242967129 43.189148385077715 153.83152908086777 56.569307638332248 44.452986892312765 13.734243961051105 107.36186838336289 33.790693011134863 18.523879924789071 54.933240218088031 13.36766026355326 41.58587590418756 109.55934375524521 105.24239599704742 17.39190380088985 94.483198419213295 21.847068911418319 10.388257712125776 4.6938408911228171 1223.7563808597624
leaf_count=2475 605 10513 119 67 140 32 7219 323 29 597 319 29 25514 1917 288 1187 688 706 2359 5674 70 56 3877 119 869 523 1127 617 654 74 651 271 261 540 290 339 1216 668 219 779 607 87 19 55226
internal_value=0.0171739 0.056172 -0.0239366 0.0113138 -0.0435482 -0.0103256 -0.0283511 -0.0602561 0.0178451 -0.012622 0.044424 0.00586704 -0.0707516 -0.0277151 -0.043858 0.0394583 0.0229508 0.00590541 0.0508832 0.0694404 -0.040452 -0.0730177 0.0623767 -0.0364457 -0.0175789 -0.0409512 0.000394614 -0.0070273 0.0186791 -0.00924718 0.00845342 -0.00559062 0.0151505 -0.0526746 0.0199998 0.0329867 0.0109168 -0.00819063 -0.011955 0.0168929 -0.00273439 -0.0364838 -0.0655629 0.0768464
internal_weight=4370.86 2243.06 2127.81 760.631 1367.18 554.283 416.994 887.631 785.979 479.545 137.289 301.237 671.16 216.471 178.308 351.111 204.102 142.949 134.077 206.349 177.398 659.221 147.009 10.0379 161.561 87.4922 434.868 351.553 65.2854 116.529 197.722 141.153 31.9684 145.43 41.0057 139.676 222.863 113.304 27.6381 98.0902 61.5987 32.2353 116.709 1457.08
internal_count=129959 75690 54269 18836 35433 12534 9170 28821 9951 6612 3364 3136 25710 3111 3476 6680 2655 1468 3332 6302 2788 25570 4025 148 1989 1392 3271 2666 973 762 1539 922 331 2457 628 1147 1951 735 338 808 982 694 2494 65739
is_linear=0
shrinkage=0.08


Tree=44
num_leaves=45
num_cat=0
split_feature=17 8 23 20 17 19 19 11 6 19 20 15 20 17 19 8 9 7 14 18 8 9 18 23 17 8 15 16 3 1 23 0 19 12 20 5 8 19 20 4 3 17 17 12
split_gain=985.532 272.22 205.531 122.262 72.9767 66.4994 50.3407 46.9906 44.3357 41.6569 38.9899 45.391 29.1255 28.0491 26.3343 19.8611 19.9507 20.5718 16.9193 16.2831 16.3478 15.1358 14.3557 14.3134 13.9126 13.5542 13.5249 14.9197 14.622 17.4124 13.2338 12.933 11.9501 19.2871 13.8565 26.5877 211.537 11.4937 10.4928 20.5235 11.1724 10.1959 14.9997 10.1591
threshold=0.7888616100271354 0.51925925925925942 0.69342594379059763 0.66789215686274517 0.56345809664617552 0.23611111111111113 0.41428571428571431 1.0000000180025095e-35 1.0000000180025095e-35 0.63333333333333341 0.54358379062895745 0.59473319473319475 0.29222126188418329 0.49897959183673474 0.43650793650793657 0.13484848484848486 0.42163742690058487 0.18333333333333338 0.54772727272727284 0.29705882352941182 0.55245781364636837 0.67769272826681248 0.42261904761904767 0.24193611793611799 0.84756987316197119 0.055946791862284857 0.57583690306203406 0.97426435802819567 0.83438818565400863 0.22378716744913932 0.30171633066857939 0.11805555555555557 0.30952380952380959 0.44562647754137119 0.9794866400168315 0.92637759710930456 0.95040983606557383 0.15476190476190479 0.65481458069953657 0.25176056338028174 0.77581480353335375 0.90489491886139939 0.89668856048166401 0.083771929824561456
decision_type=2 2 2 2 2 2 2 2 2 2 2 2 2 2 2 2 2 2 2 2 2 2 2 2 2 2 2 2 2 2 2 2 2 2 2 2 2 2 2 2 2 2 2 2
left_child=2 9 3 6 -5 8 12 14 37 26 -10 22 -1 -14 18 21 -17 31 -6 20 30 24 -12 -16 -11 -15 41 28 29 -28 -8 -18 33 -3 -35 36 -36 -4 40 -40 -21 42 -2 -26
right_child=1 32 5 4 7 -7 19 -9 10 15 11 -13 13 25 23 16 17 -19 -20 38 -22 -23 -24 -25 43 -27 27 -29 -30 -31 -32 -33 -34 34 35 -37 -38 -39 39 -41 -42 -43 -44 -45
leaf_value=0.016008233952965849 0.024756100106858785 -0.47483987784994269 0.071590687696415328 -0.075966580379171908 -0.057897159519744675 0.073366635667451288 0.00069219824451745456 0.055974240030595736 0.013283052044246081 -0.20482453709235734 -0.084912217459399017 0.056805171808871222 -0.06529609915746204 0.01599802094117304 0.24439924154350531 0.06135145259917945 0.0013484252056137297 0.071954248544851135 0.11911580754407602 0.018899036893172669 0.056947711949615905 0.068615506917532931 0.022672970685300817 -0.014135777980860709 -0.11027144085587258 -0.034087741935019726 0.0058473507599993849 0.087474349909670526 0.10462190926844174 -0.030832120691579635 -0.079600171575305662 -0.080601081376067168 0.0797778272004592 0.06653447074740311 -0.009056963868284083 0.051420136728972297 -1.9380574744365393 -0.29205143521710247 0.23410102127276222 -0.030746315211229124 0.082118950208194652 0.081300235419477757 -0.12944497553172513 0.083246605112556063
leaf_weight=74.304910911247134 59.145881790667772 0.43164520431309839 59.265129935927689 512.39735876955092 235.61848955787718 121.4818752259016 28.169169943779707 36.405634441412985 204.56398204900324 2.3242745809257013 74.495797161012888 21.547429075464606 143.68969304673374 54.536297541111708 1.3842469826340664 57.726462299004197 102.71007953584194 24.643767385743558 3.5072761420160523 155.0003395806998 15.390347449108956 128.21521290298551 8.8844727799296361 138.20411858335137 2.6147245559841394 94.500480452552438 171.89907193183899 10.488741016015409 7.0476797558367243 159.86078620888293 24.619792319834232 14.005676636472343 1131.7017731629312 201.01215832028538 4.446943980641664 13.589745503850281 0.39625350199639786 0.56154688261449237 4.4165233001112929 3.2509840987622738 20.224612984806299 18.803057596087456 4.3330304659903041 5.1672049164772034
leaf_count=749 391 20 2567 22665 5766 4302 348 734 2128 16 2998 476 4589 353 14 1187 688 706 16 1328 93 3877 167 1897 29 1650 1201 124 60 1281 823 74 55226 9603 213 653 24 8 27 78 493 183 31 103
internal_value=0.0166698 0.0548418 -0.0230793 -0.0374011 -0.0557688 0.0220224 -0.00983878 -0.0308379 0.00513352 0.0168416 -0.00705326 -0.0467004 -0.0287216 -0.0400757 -0.0391831 0.0379 0.0217215 0.00553799 -0.0553009 0.0177652 -0.0156029 0.0611858 -0.0734486 -0.011572 -0.0330733 -0.0157601 0.000378077 -0.0064955 -0.00940461 -0.0118269 -0.0367547 -0.00848537 0.0764621 0.0593961 0.0604469 -0.00593781 -0.166881 0.0681775 0.0302043 0.121807 0.0261959 0.0295572 0.0142304 0.0182246
internal_weight=4156.98 2120.56 2036.42 1545.62 927.517 490.8 618.103 415.12 369.318 768.986 309.492 104.928 367.031 292.726 378.714 337.407 199.086 141.36 239.126 251.072 68.1793 138.321 83.3803 139.588 10.1062 149.037 431.578 349.296 338.808 331.76 52.789 116.716 1351.58 219.877 219.445 18.4329 4.8432 59.8267 182.892 7.66751 175.225 82.282 63.4789 7.78193
internal_count=129959 75690 54269 41623 31092 12646 10531 8427 8344 9951 5769 3641 7341 6592 7693 6680 2655 1468 5782 3190 1264 4025 3165 1911 148 2003 3271 2666 2542 2482 1171 762 65739 10513 10493 890 237 2575 1926 105 1821 605 422 132
is_linear=0
shrinkage=0.08


Tree=45
num_leaves=45
num_cat=0
split_feature=23 18 18 19 20 20 3 2 9 12 19 6 11 8 4 9 9 11 0 9 2 8 8 20 19 3 17 23 0 1 6 15 17 2 20 3 17 23 12 22 7 8 6 8
split_gain=891.134 277.864 224.204 83.9596 75.6844 69.6018 35.0387 52.3173 33.3768 34.2985 30.4723 29.9632 29.344 40.2724 28.3423 28.3388 26.6663 31.5404 25.0354 22.4876 21.107 48.0257 78.9992 18.8684 23.5556 18.7843 18.6064 21.5776 27.8245 13.7708 13.3482 11.7006 10.6303 10.4543 10.4479 16.1357 9.93627 11.4664 17.1967 9.9304 9.72612 9.54387 9.50976 9.03216
threshold=0.6727312899208614 0.39444444444444454 0.324561403508772 0.63333333333333341 0.57511061946902664 0.65069803021610262 0.83438818565400863 0.49285418882193083 0.913664596273292 0.10762548262548262 0.41428571428571431 1.0000000180025095e-35 1.0000000180025095e-35 0.072077922077922088 0.87895437895437911 0.48038461538461547 0.58995376208490968 1.0000000180025095e-35 0.087121212121212141 0.60922587486744451 0.82212526036055456 0.90787878787878795 0.97825059101654854 0.31601439496176342 0.43650793650793657 0.10367218987908645 0.5884899414311181 0.53355710761319031 0.095454545454545472 0.65545505935556825 1.0000000180025095e-35 0.62020410165832607 0.44742850276375878 0.81743233715310171 0.9794866400168315 0.95275297619047616 0.45981206477053455 0.93260895996842308 0.89966442953020154 1.0000000180025095e-35 0.18333333333333338 0.41060765718299969 1.0000000180025095e-35 0.41444372153545878
decision_type=2 2 2 2 2 2 2 2 2 2 2 2 2 2 2 2 2 2 2 2 2 2 2 2 2 2 2 2 2 2 2 2 2 2 2 2 2 2 2 2 2 2 2 2
left_child=1 4 5 6 23 11 7 8 9 -3 14 -2 13 19 20 43 18 -18 -9 -5 21 29 -23 42 -25 -17 -6 -28 -29 -4 -7 -32 33 -26 -22 -36 37 38 -13 -10 -30 -12 -1 -15
right_child=2 3 10 12 26 30 -8 16 39 -11 41 36 -14 15 -16 25 17 -19 -20 -21 34 22 -24 24 32 -27 27 28 40 -31 31 -33 -34 -35 35 -37 -38 -39 -40 -41 -42 -43 -44 -45
leaf_value=0.049366234233323092 0.084332915490177213 -0.037906974126595765 0.037953550145638205 -0.087898458359608758 -0.073685495106267762 0.052129373942871045 0.062101995203486492 -0.0003136589166072045 0.022091606117639769 0.011067263741717279 0.019079859009757248 0.0053455094981691266 0.079133655262314986 0.031391869895089075 0.070950381917978339 -0.3528116622773374 -0.069173217467561485 0.034101314758390754 -0.12474616633917451 0.059212540890024548 0.046344217145538345 0.080797837638093728 -1.2265748989997893 -0.057891825592934223 -0.045043634588905264 -0.011854857129223363 -0.052126182422027816 0.32763694977114344 -0.082233877709954536 -0.082089714844199552 -0.082930520952079492 0.076456309706876877 0.047322812579787751 0.063804812348016979 -0.16799707165076833 0.0420266902952788 0.098429321614073334 0.026137115250657334 -0.066946017757707144 0.070543757757289896 0.07375350384196909 0.08006465849071974 -0.0086069824679786498 0.11502445791165633
leaf_weight=35.020147131755948 39.087464479729533 166.29937805607915 13.136970461346214 6.9340213909745207 545.24536076374352 5.6038043405860654 39.921012139879167 117.4080807492137 98.243208359926939 203.53258735127747 16.678754130378366 90.049408257007599 66.263544159010053 88.643372343853116 193.7339703310281 1.0397453866899002 176.18606569059193 21.203841126523912 11.348492217250167 162.45408474467695 99.423022140748799 0.62388823740184196 0.56250269059091806 83.98454974219203 26.09351646527648 191.60488524101675 44.981398651376367 2.1546617299318305 4.2070612236857396 11.443427568301557 68.563821649178863 3.0801264345645896 25.275443572551012 7.2068572994321576 3.8447331450879556 5.9864606242626905 7.54751207306981 92.098355069756508 27.488284820690751 37.369619080796838 6.5274636037647724 1072.4284423319623 37.500725537538528 9.1143368780612928
leaf_count=529 1834 1370 231 49 25706 50 1183 1399 750 1859 195 740 2733 1226 8487 19 3799 468 209 3862 4553 32 10 2283 488 2483 1491 19 170 276 2976 22 247 33 165 232 58 1108 598 356 31 55220 200 210
internal_value=0.0161572 -0.0175522 0.0588048 0.00412421 -0.0545777 -0.000212417 -0.0111099 -0.0146245 0.0014941 -0.0109546 0.0726872 0.0198523 0.0293625 0.0221897 0.0513408 0.0041073 -0.0396042 -0.0580794 -0.011281 0.0531904 0.023204 -0.0419275 -0.539066 -0.0138338 -0.0307338 -0.0136951 -0.0691077 -0.025977 0.0652801 -0.0179327 -0.0667775 -0.0760781 0.00820459 -0.0214867 0.0385648 -0.0401083 0.00824745 0.00500064 -0.0115612 0.0354431 0.0126191 0.0791307 0.0193881 0.0391893
internal_weight=3967.14 2215.76 1751.38 1397.57 818.197 333.519 871.512 831.591 505.445 369.832 1417.86 256.271 526.054 459.79 328.755 290.402 326.146 197.39 128.757 169.388 135.021 25.7668 1.18639 215.081 142.56 192.645 603.116 57.8706 12.8892 24.5804 77.2478 71.6439 58.5758 33.3004 109.254 9.83119 217.184 209.636 117.538 135.613 10.7345 1089.11 72.5209 97.7577
internal_count=129959 53172 76787 21975 31197 7386 11393 10210 4335 3229 69401 4338 10582 7849 13986 3938 5875 4267 1608 3911 5499 549 42 3780 3051 2502 27417 1711 220 507 3048 2998 768 521 4950 397 2504 2446 1338 1106 201 55415 729 1436
is_linear=0
shrinkage=0.08


Tree=46
num_leaves=45
num_cat=0
split_feature=17 8 8 19 18 6 20 2 18 20 9 7 19 5 3 19 2 3 12 20 9 5 19 16 14 22 18 18 17 17 14 18 3 0 19 2 1 20 9 10 0 8 9 16
split_gain=808.857 221.864 186.83 128.294 103.524 70.0977 60.259 59.993 45.7878 39.4536 35.2031 33.8077 33.227 27.928 23.4393 22.6514 19.9765 33.7113 24.7203 19.3991 19.1016 18.9067 18.6174 18.3843 16.4111 15.102 14.8976 13.7776 13.5089 13.2413 17.4553 12.5039 12.0521 22.6235 11.8922 20.3856 12.3055 15.125 12.3946 11.6598 25.3225 11.0932 10.6875 10.4914
threshold=0.8102357049323442 0.51925925925925942 0.58397435897435901 0.23611111111111113 0.324561403508772 1.0000000180025095e-35 0.33596875000000009 0.42577314326540344 0.24264705882352944 0.38496824276640801 0.46589147286821714 0.18333333333333338 0.23611111111111113 0.075710532600907585 0.99494949494949514 0.41428571428571431 0.4811568874068875 0.44281045751633991 0.30860805860805868 0.87453703703703722 0.913664596273292 0.050641025641025628 0.095454545454545472 0.70861642294713179 0.29520697167755999 1.0000000180025095e-35 0.162280701754386 0.65476190476190488 0.97444063367630263 0.38477631155455427 1.0000000180025095e-35 0.77350427350427364 0.99494949494949514 0.94444444444444453 0.35416666666666669 0.58229694688028033 0.87007672634271105 0.9794866400168315 0.71081871345029246 0.53571428571428581 0.095454545454545472 0.48714568226763355 0.84877072612921689 0.81264269406392708
decision_type=2 2 2 2 2 2 2 2 2 2 2 2 2 2 2 2 2 2 2 2 2 2 2 2 2 2 2 2 2 2 2 2 2 2 2 2 2 2 2 2 2 2 2 2
left_child=2 12 4 5 9 22 32 13 -8 29 19 27 24 31 -10 20 21 18 -18 23 -15 -14 -4 -9 -2 -17 -5 -12 43 30 -1 42 33 -7 35 -3 37 -37 -39 40 -19 -13 -6 -26
right_child=1 34 3 26 7 6 8 10 14 -11 11 41 16 15 -16 25 17 39 -20 -21 -22 -23 -24 -25 28 -27 -28 -29 -30 -31 -32 -33 -34 -35 -36 36 -38 38 -40 -41 -42 -43 -44 -45
leaf_value=0.090517296799464103 0.06244779538931327 -0.50417473596322959 0.066699372195169165 -0.016769510719569086 -0.086145824246389155 -0.15014796131910588 -0.078504329245349821 0.0053473009519402091 -0.11720586244881016 -0.073573869579142262 -0.06735192681076993 0.071573369646768775 -0.11415916125077624 -0.028602885667709851 0.026255890398858589 0.017739126078654528 -0.0026425262147662882 0.050629509181925658 -0.11200272530677158 -0.048199221122923075 0.028232468582770606 0.050235982067550644 -0.13416709318005882 0.11181494403697348 -0.039042407641145811 0.072573014445589279 0.073936099038139441 -0.014866068632961221 0.050134634323627296 0.088567931408473022 -0.072422878816359657 0.090755310463921643 0.012244564117482941 0.03185555735858274 0.079924019382948824 0.050831200344641586 0.078066799677343979 0.062071317943552952 -0.11317448220538701 0.082046385545086462 -0.03573334664851481 -0.029912089132483492 -0.0064109346222897823 -0.0025821165433702444
leaf_weight=6.1937606297433438 21.198950719088316 0.41015668865293164 79.9772769222036 12.369044110178946 33.525734677910805 8.5273724216967821 138.70699141919613 54.550584621727467 8.5157731808722001 447.05041823722422 265.60817754641175 16.863843183964494 4.5646952763199797 102.17869663611054 50.585365265607834 96.684406803920865 43.793148705735803 68.581433746963739 18.954111840575933 34.445966135710478 60.108591306954622 233.91765713039786 3.0663606300950041 12.819106061011551 84.319919999688864 48.155983062461019 183.6497086295858 36.394646419212222 20.969033818691969 11.392815753817557 13.122868688777087 3.7614810001105061 210.73360415734351 8.9676626566797495 910.36636777315289 93.481026075780392 117.84984165523201 4.1091174948960525 6.9545584311708808 27.519466206431389 31.805571880191565 11.659159929491578 15.842868767678736 125.96645952761173
leaf_count=104 123 21 3364 108 544 85 7032 926 118 21586 8495 111 34 1060 1010 699 361 692 119 640 372 5295 42 54 581 414 6952 401 191 83 165 20 1914 98 51923 4983 6420 182 294 889 333 190 99 832
internal_value=0.0156174 0.0541757 -0.0198043 0.0132188 -0.0381334 -0.00795623 -0.0210625 -0.0204027 -0.0533802 -0.0675485 -0.040494 -0.0531638 0.0181087 0.00370855 0.00558475 0.0129729 0.0316565 0.012352 -0.035677 0.000636418 -0.00755199 0.0470894 0.0592824 0.025606 -0.00492053 0.0359701 0.0682125 -0.0610268 -0.0110961 0.0201659 -0.0201771 -0.0498455 0.00694761 -0.056856 0.0758696 0.0593035 0.0603427 0.0403629 -0.0480871 0.0359137 0.0232672 0.0300898 -0.0605581 -0.0172018
internal_weight=3790.22 1814.76 1975.46 705.099 1270.36 509.08 426.037 792.599 197.808 477.76 432.341 330.526 681.59 360.258 59.1011 307.128 429.136 190.654 62.7473 101.816 162.287 238.482 83.0436 67.3697 252.454 144.84 196.019 302.003 231.255 30.7094 19.3166 53.1301 228.229 17.495 1133.17 222.805 222.395 104.545 11.0637 127.906 100.387 28.523 49.3686 210.286
internal_count=129959 73273 56686 20723 35963 13663 10257 14025 8160 21938 10817 9197 9450 3208 1128 2545 7723 2394 480 1620 1432 5329 3406 980 1727 1113 7060 8896 1604 352 269 663 2097 183 63823 11900 11879 5459 476 1914 1025 301 643 1413
is_linear=0
shrinkage=0.08


Tree=47
num_leaves=45
num_cat=0
split_feature=23 18 17 19 20 20 11 2 17 9 6 4 8 22 9 12 19 4 2 11 9 3 15 15 18 6 8 19 7 16 22 20 3 5 16 15 9 17 20 19 8 8 20 9
split_gain=736.045 229.323 199.641 90.7112 54.5315 52.5787 44.6396 50.3868 33.9349 31.1263 28.6252 24.2043 30.7961 29.4924 23.0852 23.5412 22.5584 29.3805 21.4937 38.1989 51.1107 21.0991 20.4391 17.9985 16.5539 15.6406 15.3674 15.3671 14.7165 14.4306 13.7579 13.6658 13.5246 13.3407 13.2555 12.8459 12.6694 12.3208 11.2469 10.1357 9.83828 8.76314 8.51112 10.8302
threshold=0.6727312899208614 0.324561403508772 0.65020325203252038 0.41428571428571431 0.38496824276640801 0.6631006864988559 1.0000000180025095e-35 0.48498332025117746 0.79324593901396423 0.58995376208490968 1.0000000180025095e-35 0.24316334072431636 0.42967032967032975 1.0000000180025095e-35 0.78153409090909098 0.087595907928388797 0.41428571428571431 0.88273491214667699 0.7854750512645251 1.0000000180025095e-35 0.93142633228840133 0.5288568257491677 0.54585502603123759 0.60619772384478277 0.18898809523809526 1.0000000180025095e-35 0.42179392142327654 0.63333333333333341 0.29285714285714287 0.97426435802819567 1.0000000180025095e-35 0.22749774977497753 0.62258652094717681 0.078176725235548764 0.30028901734104052 0.43595819662170376 0.33558558558558566 0.86287939833467642 0.98601330203442894 0.93750000000000011 0.41060765718299969 0.038098693759071108 0.9794866400168315 0.71081871345029246
decision_type=2 2 2 2 2 2 2 2 2 2 2 2 2 2 2 2 2 2 2 2 2 2 2 2 2 2 2 2 2 2 2 2 2 2 2 2 2 2 2 2 2 2 2 2
left_child=1 4 5 8 36 10 7 14 11 26 -2 33 28 -14 15 -5 17 18 19 38 -21 -11 25 -10 31 -7 -9 -6 -13 32 -24 -12 -25 -3 -29 -35 -1 -16 -4 -36 -18 -38 -20 -44
right_child=2 3 16 6 27 22 -8 9 23 21 24 12 13 -15 37 -17 40 -19 42 20 -22 -23 30 29 -26 -27 -28 34 -30 -31 -32 -33 -34 35 39 -37 41 -39 -40 -41 -42 -43 43 -45
leaf_value=0.14598612903050248 0.082280815274633143 -0.061916133842772954 -0.032713260365900998 -0.072850170920325419 -0.073297295962132858 0.039848295969807754 0.078161762638051982 0.0052286255463605711 0.034785126531525629 -0.061932401617353666 0.0098915379029407818 -0.072931346462034141 -0.07705985104932786 0.036198371477793694 0.031581638078685005 0.019880896232443278 0.016492792518666241 0.076519155609165473 0.046758143918951757 -0.66537455600567641 0.082574289797456651 -0.00047131522716732324 -0.065908556643633806 -0.01912270870515858 0.069462396701960472 -0.082276067157215207 0.084459788523252408 0.24164564268193719 0.14481057823604365 0.095745572492960701 0.072425313533032762 -0.060689588662379786 0.04371916566356876 0.03012571487275149 0.08221893263828875 -0.018563466983039362 0.16526985732443819 0.067855046995815946 0.17442450521628985 -0.044512784321644634 0.079824075640843581 -0.0079065260352617402 0.072596242291866328 -0.087733462774732665
leaf_weight=3.8301523085683575 42.839121624827385 31.009790943935513 16.376657078973956 20.413082407787442 447.70023707579821 7.5286170840263358 77.289145583286881 95.386485498398542 75.171884655952454 89.160018896684051 181.16284351050854 160.06222497671843 23.007737620733678 40.823325070552528 140.05411083996296 123.66741528082639 15.97736670821905 146.92463850975037 90.555877935141325 1.3911769492551678 1.0086692888289688 59.671917924657464 7.1773334238678226 226.94952514022589 27.289395632222295 61.850044591352344 18.74613175354898 1.1407693922519673 2.011520028114318 8.0522153247147781 12.81971287727356 19.440435608848929 24.261398947797716 48.201421573758125 4.4051045645028344 123.62869766540825 1.921060737222432 104.75412183813751 1.869087504222988 48.583147529512644 899.95235646050423 70.482616916298866 4.3617580113932473 7.0623936960473657
leaf_count=22 2095 503 347 238 23881 117 3366 1316 664 1544 1818 6220 360 534 1357 1664 194 8066 4696 36 34 1118 111 1563 406 2951 424 11 7 101 214 642 576 395 52 1528 11 3548 27 1368 54608 801 175 250
internal_value=0.0151118 -0.0160736 0.056886 0.000497261 -0.0588527 0.00471865 0.0206761 0.0138601 -0.0187816 -0.013188 0.0222825 -0.0336806 -0.0516921 -0.00462526 0.03215 0.00674291 0.0727327 0.05239 0.0234794 -0.0509592 -0.351007 -0.0372905 -0.0484847 0.000318824 0.011004 -0.0690238 0.0182422 -0.0684295 -0.0702289 -0.00967449 0.0227746 0.00305153 -0.0130536 -0.013621 -0.0281684 -0.00490528 0.00418935 0.0471031 -0.0114941 -0.0339771 0.0787193 -0.0033117 0.0385493 -0.0265193
internal_weight=3615.97 2070.39 1545.59 1492.32 578.063 360.108 729.142 651.853 763.18 262.965 270.732 428.745 225.905 63.8311 388.889 144.08 1185.48 269.55 122.626 20.6456 2.39985 148.832 89.3757 334.435 227.893 69.3787 114.133 501.829 162.074 259.263 19.997 200.603 251.211 202.84 54.129 171.83 76.2338 244.808 18.2457 52.9883 915.93 72.4037 101.98 11.4242
internal_count=129959 53172 76787 27026 26146 8354 14575 11209 12451 4402 4961 9547 7121 894 6807 1902 68433 13631 5565 444 70 2662 3393 2904 2866 3068 1740 25312 6227 2240 325 2460 2139 2426 1431 1923 834 4905 374 1420 54802 812 5121 425
is_linear=0
shrinkage=0.08


Tree=48
num_leaves=45
num_cat=0
split_feature=23 18 17 20 11 10 3 17 2 10 8 18 6 20 2 5 22 17 20 16 19 0 3 22 18 19 2 13 18 19 17 19 4 20 14 4 14 4 9 8 7 5 15 8
split_gain=668.467 232.224 126.751 96.44 96.2394 48.0592 58.3755 46.4089 44.834 44.3419 42.1482 35.4949 27.6746 25.6671 25.358 25.2501 21.7738 18.7185 16.7812 14.1056 14.8211 13.92 23.2021 13.3101 13.4704 13.2943 12.9679 12.2541 14.5006 11.9919 11.3682 10.86 16.7337 12.8405 17.9396 19.5366 9.87456 9.86409 9.17838 8.93498 8.25235 24.2686 8.11967 7.78673
threshold=0.74774703539241416 0.46862745098039221 0.62345301757066474 0.62544964028776995 1.0000000180025095e-35 0.22500000000000003 0.60922587486744451 0.5884899414311181 0.49285418882193083 0.53571428571428581 0.13484848484848486 0.81534090909090928 1.0000000180025095e-35 0.64592551622418892 0.49285418882193083 0.48934240362811793 1.0000000180025095e-35 0.4935886897912215 0.78439824205544295 0.30996833715471128 0.43650793650793657 0.76388888888888895 0.90990259740259749 1.0000000180025095e-35 0.40588235294117653 0.35416666666666669 0.41827731092436987 1.0000000180025095e-35 0.162280701754386 0.63333333333333341 0.37709601873536308 0.35416666666666669 0.88273491214667699 0.99717514124293805 0.70710784313725505 0.80673457838143758 0.26491228070175443 0.90353598014888348 0.81762749445676286 0.42967032967032975 0.58571428571428574 0.78611556982343511 1.0000000180025095e-35 0.042781972088766836
decision_type=2 2 2 2 2 2 2 2 2 2 2 2 2 2 2 2 2 2 2 2 2 2 2 2 2 2 2 2 2 2 2 2 2 2 2 2 2 2 2 2 2 2 2 2
left_child=1 3 12 16 5 6 8 43 11 10 -7 -3 -2 21 -12 -10 19 27 29 30 -21 22 -14 -20 -25 40 -22 -18 -29 39 42 32 33 -4 -35 -36 37 -15 -24 -9 -6 -42 -1 -5
right_child=2 4 31 7 25 9 -8 18 15 -11 14 -13 13 36 -16 -17 17 -19 23 20 26 -23 38 24 -26 -27 -28 28 -30 -31 -32 -33 -34 34 35 -37 -38 -39 -40 -41 41 -43 -44 -45
leaf_value=0.0099039560184532322 0.081794385637664044 0.0024309298837397408 0.041039354915608971 -0.027088948049265208 0.054101955300950348 0.082663611378823817 0.08679728256380756 -0.034410575387867896 -0.031225127377983282 0.058227075579596693 0.073879627022470765 0.043360845104869615 -0.27603008426616787 0.11488445671731873 -0.097253354905493986 0.097963594498728476 0.038516275680724521 0.048749738156826955 -0.069822307784363297 -0.065744705070323109 0.023469448082753527 0.028520469342583701 0.003770658740842885 0.020483098362752857 -0.065545063642552887 0.079457361739070684 -0.071415616863691481 -0.056874993531685993 0.0050065427079904017 0.089927649503576873 0.10169323389087899 0.079600956440592827 0.07640803803699861 0.020831415198939156 -0.028587135890533074 -0.45691515437708496 0.093843938619915107 -0.082777482929240712 -0.089975317221960754 0.06663917529163553 -0.56711461434426502 0.0041022207149389502 -0.068385188119634135 -0.073181160649447047
leaf_weight=35.989208029583097 29.35116577334702 470.54504183121026 72.990825465880334 24.705161186866462 38.178926285356283 10.644479306414722 57.110478133894503 18.782775165513161 234.16587563883513 21.79917722241953 5.9388785976916543 190.49968599528074 2.1886089947074643 1.7002603206783522 82.817883598618209 10.100292444229124 30.953522032126784 58.387965305708349 41.447539059445262 73.669464524835348 29.192973529919982 110.06029364839196 44.852314237505198 34.01439040992409 17.715820970013738 126.6584444520995 13.472706791013477 39.534923397935927 62.623780369758606 12.774982270784674 6.859975370578467 761.7567080296576 136.70990137103945 5.2327970378100863 1.4346662107855084 1.2982155764475463 2.4327677860856047 32.532443607226014 7.8545878231525412 7.9792540110647669 0.48892897181213157 18.02586860768497 11.09135189745575 464.4532239055261
leaf_count=384 1728 3770 3857 987 1411 75 1279 655 2867 761 68 4653 14 9 1454 68 405 825 1369 2425 259 1464 385 870 459 7232 423 1110 1114 144 40 50043 8036 203 48 29 53 1188 76 98 16 724 258 26623
internal_value=0.0145841 -0.0111993 0.0625261 -0.0403639 0.0114434 0.00237388 0.0083526 -0.0594698 0.00340401 -0.0451017 -0.0677622 0.0142261 0.00921622 -0.0013494 -0.0858025 -0.0258832 -0.00752189 0.0109848 -0.0175127 -0.0283354 -0.0440142 0.0121078 -0.020798 -0.0360432 -0.00897859 0.0650451 -0.00649278 -0.0055803 -0.0189413 0.0261585 0.00547945 0.0750979 0.0593387 0.0305141 -0.0659305 -0.232058 -0.0618926 -0.0729601 -0.0101997 -0.00428201 0.0328471 -0.0109822 -0.00853959 -0.0708533
internal_weight=3461.02 2250.62 1210.4 983.649 1266.97 1083.62 962.421 621.873 905.311 121.2 99.4012 661.045 230.972 201.621 88.7568 244.266 361.776 191.5 132.715 170.276 116.335 164.956 54.8955 93.1778 51.7302 183.352 42.6657 133.112 102.159 39.537 53.9405 979.423 217.666 80.9565 7.96568 2.73288 36.6655 34.2327 52.7069 26.762 56.6937 18.5148 47.0806 489.158
internal_count=129959 62826 67133 38448 24378 14995 12637 31205 11358 2358 1597 8423 4917 3189 1522 2935 7243 3454 3595 3789 3107 1939 475 2698 1329 9383 682 2629 2224 897 682 62216 12173 4137 280 77 1250 1197 461 753 2151 740 642 27610
is_linear=0
shrinkage=0.08


Tree=49
num_leaves=45
num_cat=0
split_feature=23 18 17 11 20 2 9 18 3 2 8 22 6 20 19 15 17 9 12 12 6 3 19 17 13 2 0 3 19 4 3 8 19 2 0 16 6 0 9 14 4 19 2 22
split_gain=608.296 207.094 122.401 113.703 83.4006 66.6695 45.7154 39.0826 34.4695 32.0201 31.2093 27.3942 25.6396 22.635 21.3038 20.4308 18.5407 17.7411 18.1507 17.6015 14.5678 35.6058 14.0837 13.65 23.6901 12.4044 11.9767 18.0443 11.3864 16.6728 11.8607 159.284 10.1107 20.1935 9.97788 9.97658 9.85725 10.1369 8.96078 8.79503 8.71903 8.1815 7.35112 7.33975
threshold=0.74774703539241416 0.324561403508772 0.62345301757066474 1.0000000180025095e-35 0.57511061946902664 0.48498332025117746 0.58995376208490968 0.81534090909090928 0.83827375762859646 0.63775174776446208 0.13484848484848486 1.0000000180025095e-35 1.0000000180025095e-35 0.64592551622418892 0.30952380952380959 0.37053001277139214 0.57821912650602425 0.75716625716625729 0.080540540540540509 0.14415584415584423 1.0000000180025095e-35 0.99494949494949514 0.13392857142857145 0.46681350954478712 1.0000000180025095e-35 0.36086927263397856 0.76388888888888895 0.88047619047619052 0.35416666666666669 0.88273491214667699 0.96459899749373446 0.98213716108452964 0.23611111111111113 0.77132101769198547 1.0000000180025095e-35 0.63847666726264984 1.0000000180025095e-35 0.58571428571428574 0.78404875463698998 0.26491228070175443 0.90353598014888348 0.43650793650793657 0.77132101769198547 1.0000000180025095e-35
decision_type=2 2 2 2 2 2 2 2 2 2 2 2 2 2 2 2 2 2 2 2 2 2 2 2 2 2 2 2 2 2 2 2 2 2 2 2 2 2 2 2 2 2 2 2
left_child=1 4 12 5 23 7 9 11 10 16 -8 15 -2 26 20 -3 -7 18 -9 -13 22 -22 -5 24 36 -19 27 -14 29 30 31 38 -26 -34 -11 -6 -1 -38 -4 40 -15 -25 -32 -23
right_child=2 3 28 14 35 6 8 17 -10 34 -12 19 13 39 -16 -17 -18 25 -20 -21 21 43 -24 41 32 -27 -28 -29 -30 -31 42 -33 33 -35 -36 -37 37 -39 -40 -41 -42 -43 -44 -45
leaf_value=0.082536126426253506 0.081681470969438147 0.037347152078517569 -0.046167908788961924 0.059181488745460496 -0.071903433060403671 -0.081290305134458674 0.084212636404024349 -0.15669073657995924 0.061949086078443821 0.10266731792996066 -0.053596262297442417 0.044723239105262137 -0.23939153721793938 0.11054635156250521 0.076577897689410993 -0.018577997213721484 -0.00052357455632933726 -0.13841295961283487 0.019551529567228273 -0.00052803871683420765 -0.27000547956339338 -0.078178457698943826 -0.10932616072081847 -0.0033962767967442254 -0.06773083854024449 0.064006385810301047 0.026906128091803993 -0.0094298545058281585 0.079454854708185529 0.075984916644150927 -0.25326893808335132 -0.7780850896630761 -0.046365804886605251 0.057014053890605862 -0.0079082830354236609 0.093737338512529272 -0.045097986810425192 0.030173348451269157 0.051759891005834557 0.093210484182717296 -0.07931490934218538 0.08570856551123493 0.063017294235398411 0.042711153363536133
leaf_weight=13.517715567722915 27.130483799614012 47.830988042056561 7.5337085518985978 43.335741121321917 406.88815499003977 20.220910819247365 10.880327197723089 4.011803872883319 18.962980392388999 24.234990291297439 315.33943325793371 119.37659256160259 2.2773349881172171 1.6285887900739897 144.19973679166287 331.95823102630675 181.14891685917974 1.968664439395069 55.169363927096128 102.03548218961805 3.4106203475967076 4.2690741326659927 3.425274650566279 12.023633825592697 45.865885285660625 122.54983569029719 107.44215605966747 53.161184500902891 704.4315363522619 126.87393730785698 0.47590160183608432 1.6242301557213057 44.009537309408188 16.674212539568543 6.6574741154909125 2.340551600791513 16.894399452954531 35.535940937697887 29.000192885287106 2.2603776417672625 31.289132813923061 14.606642473489046 39.937530105002224 13.009116218425333
leaf_count=548 1728 325 399 1516 25077 941 101 41 653 523 8085 1254 12 9 7998 3346 2338 14 836 1319 35 114 65 233 1401 3823 1464 463 50043 8036 18 20 1207 111 221 48 78 163 1462 53 1188 125 2238 287
internal_value=0.0140519 -0.0106537 0.0615525 0.00466733 -0.0502938 -0.00380766 -0.0244406 0.0113719 -0.0429049 0.00300042 -0.049 0.00150409 0.00874582 -0.00124505 0.0592192 -0.0115347 -0.00863391 0.0436665 0.00760433 0.0238697 0.0221083 -0.0337864 0.0468382 -0.00783061 -0.0160603 0.0608061 0.0113235 -0.0188764 0.0746218 0.0580503 0.0290902 -0.00289736 -0.0393845 -0.0179599 0.0788377 -0.0709561 0.0216236 0.005919 0.0315661 -0.0594395 -0.0699216 0.0454775 0.0592928 0.0128419
internal_weight=3317.42 2182.35 1135.07 1574 608.357 1362.35 577.445 784.901 345.183 232.262 326.22 601.201 225.189 198.059 211.65 379.789 201.37 183.7 59.1812 221.412 67.4498 20.6888 46.761 199.128 172.498 124.519 162.881 55.4385 909.877 205.446 78.5716 38.1581 106.55 60.6837 30.8925 409.229 65.9481 52.4303 36.5339 35.1781 32.9177 26.6303 40.4134 17.2782
internal_count=129959 62826 67133 33835 28991 23820 12862 10958 8839 4023 8186 6244 4917 3189 10015 3671 3279 4714 877 2573 2017 436 1581 3866 3508 3837 1939 475 62216 12173 4137 1881 2719 1318 744 25125 789 241 1861 1250 1197 358 2256 401
is_linear=0
shrinkage=0.08


Tree=50
num_leaves=45
num_cat=0
split_feature=23 18 17 11 20 19 5 8 9 8 1 6 19 20 17 4 8 20 3 7 6 3 22 19 17 13 19 4 3 8 0 3 9 19 9 6 16 0 10 14 9 19 15 4
split_gain=553.211 186.846 118.412 102.59 78.5596 62.5781 38.4277 29.7099 33.1776 29.1578 41.4058 23.7597 20.677 19.8918 18.9445 18.5876 17.2893 13.5351 13.2337 13.0398 12.7451 28.0438 12.2336 12.0854 11.7585 20.9034 11.7044 16.2664 10.6783 89.5962 10.3138 14.181 9.798 9.63791 9.31854 9.29969 8.95874 8.59929 8.35099 8.07321 7.27986 7.22603 7.5704 11.7922
threshold=0.74774703539241416 0.324561403508772 0.62345301757066474 1.0000000180025095e-35 0.57511061946902664 0.41428571428571431 0.27953488372093033 0.072077922077922088 0.63911657559198554 0.38013136288998362 0.31287650602409645 1.0000000180025095e-35 0.30952380952380959 0.64592551622418892 0.82007194244604331 0.078176725235548819 0.062019230769230778 0.56017241379310356 0.53452380952380962 0.38750000000000007 1.0000000180025095e-35 0.99494949494949514 1.0000000180025095e-35 0.13392857142857145 0.46681350954478712 1.0000000180025095e-35 0.35416666666666669 0.88273491214667699 0.96459899749373446 0.98213716108452964 0.76388888888888895 0.88047619047619052 0.86754385964912295 0.23611111111111113 0.69604037267080754 1.0000000180025095e-35 0.63847666726264984 0.58571428571428574 0.73214285714285732 0.17752100840336138 0.81762749445676286 0.63333333333333341 0.34528091812264478 0.74543037554004665
decision_type=2 2 2 2 2 2 2 2 2 2 2 2 2 2 2 2 2 2 2 2 2 2 2 2 2 2 2 2 2 2 2 2 2 2 2 2 2 2 2 2 2 2 2 2
left_child=1 4 11 5 24 6 15 8 -7 10 -9 -2 20 30 19 34 -17 -10 -11 -8 23 -22 -16 -5 25 35 27 28 29 38 31 -13 -27 -34 -3 -1 -6 -37 -4 -15 -33 42 -26 -44
right_child=2 3 26 12 36 7 14 9 17 18 -12 13 -14 39 22 16 -18 -19 -20 -21 21 -23 -24 -25 41 32 -28 -29 -30 -31 -32 40 33 -35 -36 37 -38 -39 -40 -41 -42 -43 43 -45
leaf_value=0.082371347366730782 0.081574484882068851 -0.097562610167614597 0.058083705596279414 0.057163168433261816 -0.070930301894159609 -0.08318811443942066 -0.063595866500607848 0.0087986622687661019 0.017063971227040894 -0.0031735247311253196 -0.054033533714967233 -0.20653523944836349 0.075863689841898216 -0.081574026063604588 -0.042251222439695521 0.019404728232789097 -0.014572789966079989 0.060292978682666212 0.058910165034817677 0.092340632545698895 -0.23294049317628179 0.012083346836422246 0.018209349823541512 -0.096069726039010428 0.10031278537473877 -0.059159414648399508 0.079304826761462929 0.075539150907195096 0.05796507650565226 -0.47548334378919122 0.025347060427339519 0.0042045113102131149 -0.052504188343361541 0.02308954094050451 -0.025338002360905387 -0.04084960454711524 0.084885361228017486 0.028363372301174122 -0.02350410059790136 0.0049447959134302335 -0.07649626865160962 0.097708065263346897 -0.07311541756482319 0.095498500085657134
leaf_weight=12.50237727537751 25.07611267734319 18.299383254721761 23.284368875436485 41.359116078354418 380.55254026688635 13.563364340923725 166.05778789147735 226.05071925837547 69.419756322167814 32.124452454969287 95.473965788260102 2.4214201215654603 134.31642988044769 24.199376887641847 46.34050078317523 167.26078943535686 224.48026072792709 139.5138175599277 69.542029095347971 3.5044917222112408 3.6271829307079342 17.004675150848925 39.826328495517373 3.5791686112061134 4.4460433982312706 58.528302122838795 651.45341608999297 117.78306465316564 38.157706555444747 2.3959406446665517 105.02957408316433 45.065195083618164 18.854808113537729 25.24914437904954 30.469209847040474 17.148091737180948 2.3763380609452716 34.810266654938459 12.254976396448908 9.6569662960246188 8.5039634229615313 9.5584502769634145 8.6340998541563732 3.8329518279060713
leaf_count=548 1728 375 1168 1516 25077 145 6042 3208 891 461 1722 12 7998 1134 530 1234 2769 3775 1944 69 35 401 396 65 40 1817 50043 8036 2256 20 1464 385 490 412 259 78 48 163 693 116 78 65 230 23
internal_value=0.0135381 -0.010111 0.0605642 0.00441742 -0.0489669 -0.00354701 -0.0201838 0.0143922 0.0380588 0.00194931 -0.00985881 0.00827597 0.0578861 -0.00115586 -0.044851 -0.0058637 -6.54859e-05 0.0459298 0.039293 -0.060373 0.0210603 -0.0309931 -0.0143063 0.0449587 -0.00742954 -0.0152776 0.0741694 0.0569138 0.0280839 -0.00197256 0.0105641 -0.0171663 -0.0377022 -0.00922741 -0.0524388 0.0204261 -0.0699634 0.00552065 0.0299499 -0.056896 -0.00860653 0.0421089 0.010687 -0.0212757
internal_weight=3183.59 2118.31 1065.28 1541.81 576.493 1341.93 696.239 645.688 222.497 423.191 321.525 219.953 199.887 194.876 255.729 440.51 391.741 208.934 101.666 169.562 65.5701 20.6319 86.1668 44.9383 193.565 167.093 845.329 193.876 76.093 37.9353 161.02 55.9906 102.632 44.104 48.7686 64.4607 382.929 51.9584 35.5393 33.8563 53.5692 26.4715 16.9131 12.4671
internal_count=129959 62826 67133 33835 28991 23820 11674 12146 4811 7335 4930 4917 10015 3189 7037 4637 4003 4666 2405 6111 2017 436 926 1581 3866 3508 62216 12173 4137 1881 1939 475 2719 902 634 789 25125 241 1861 1250 463 358 293 253
is_linear=0
shrinkage=0.08


Tree=51
num_leaves=45
num_cat=0
split_feature=23 17 17 20 2 17 15 19 6 17 8 16 20 8 20 8 8 4 12 8 3 20 18 15 20 12 22 1 22 19 4 3 5 9 4 3 3 8 17 19 9 19 4 8
split_gain=502.732 169.618 114.428 111.123 69.9362 37.2141 27.4195 23.6725 22.0173 21.3767 34.9245 21.1359 20.7199 18.8946 17.9216 17.8551 17.6809 20.1819 17.222 16.7624 16.8888 16.64 15.8065 15.7484 15.3352 14.7912 14.5587 14.217 12.2406 12.0432 15.9153 11.8502 11.4474 9.7536 13.3359 9.84962 9.68949 62.5961 9.63947 8.38548 8.0856 7.98676 7.8677 7.10343
threshold=0.74774703539241416 0.6654088050314465 0.62345301757066474 0.66789215686274517 0.79961001642036134 0.91143390744967845 0.50581473968897916 0.41428571428571431 1.0000000180025095e-35 0.52559423544825024 0.44610281923714762 0.81977395377252837 0.29222126188418329 0.062019230769230778 0.73931311655096832 0.072077922077922088 0.48714568226763355 0.30860805860805868 0.23845060412224597 0.076197387518142215 0.12276295133437994 0.77820186598812569 0.60769230769230786 0.80760202239075485 0.90636241007194263 0.10762548262548262 1.0000000180025095e-35 0.044949494949494913 1.0000000180025095e-35 0.35416666666666669 0.88273491214667699 0.82637681159420295 0.078176725235548764 0.55137227304714997 0.21132376395534294 0.10596491228070178 0.96459899749373446 0.98213716108452964 0.58359213250517616 0.19090909090909094 0.78404875463698998 0.30952380952380959 0.90353598014888348 0.50316455696202544
decision_type=2 2 2 2 2 2 2 2 2 2 2 2 2 2 2 2 2 2 2 2 2 2 2 2 2 2 2 2 2 2 2 2 2 2 2 2 2 2 2 2 2 2 2 2
left_child=1 3 8 7 5 6 33 12 -2 -5 18 15 -1 32 39 -8 17 25 21 27 23 -11 -13 -21 28 -9 -22 -7 -12 30 36 -15 -14 34 -3 -35 37 40 -19 -10 -4 -6 -16 -18
right_child=2 4 29 9 41 19 11 16 14 10 24 22 13 31 42 -17 43 38 -20 20 26 -23 -24 -25 -26 -27 -28 -29 -30 -31 -32 -33 -34 35 -36 -37 -38 -39 -40 -41 -42 -43 -44 -45
leaf_value=0.012270505052091256 0.081473225483380804 -0.0059656281506574454 -0.044262004330409478 -0.074605299548168788 0.032800271055714966 -0.1725461013000891 0.00045082754230358902 -0.0052921983631894201 0.0050513848222340672 0.038515271587137884 -0.013181269612584506 0.078523032907247728 -0.068916755210044978 -0.066478047651869696 0.10490360506315886 -0.034009177271839677 0.23836240988747898 -0.07761444901234596 -0.076060088516357871 -0.42123197805523549 -0.0027951467247315847 -0.053170784274023351 0.0021793343467116024 0.0083269189918994384 -0.059099302557153774 0.057221187410456356 0.041067412450300662 0.059595698291917854 0.098818142426608815 0.079150017698762676 0.075068814228605785 -0.014555989952646087 0.021628680107102519 0.05213025298306901 0.10341281333955651 -0.00086141386394568116 0.056567812855798136 -0.35899163440863646 0.027588518122869856 0.097784314263351671 0.04892620259031219 0.077331079929457133 -0.073678986447347466 0.058676791704342854
leaf_weight=86.778074447996914 23.175776416435838 11.025688968598844 7.6469891821034244 294.84205073444173 34.875139702111483 1.7193168252706517 145.08773886226118 56.859865104779601 158.90275203343481 19.5811309479177 9.5893082134425658 21.015831308439374 11.112509335391222 95.095580697059631 1.6865901052951837 285.76517829904333 1.4638666659593571 23.573025780729953 103.38089986331761 1.0929645486176007 106.74129729624838 35.885663806460798 99.690237662754953 1.0919323544949291 9.2951979199424368 42.202861315570772 88.652696962468326 93.976030748337507 17.908925944939256 602.49671356240287 109.38160841306672 39.950549537315965 45.630029306747019 31.342718055471778 20.212544788606465 79.105401329696178 36.059022271540016 2.8930870518088332 7.3003982491791239 6.4959147693589321 26.994882175233215 98.806054769083858 24.723463621921837 36.93494229670614
leaf_count=1028 1728 65 399 20956 1763 8 1292 491 2000 420 177 152 300 4312 11 3829 11 947 6213 23 1437 1187 1145 37 190 518 1570 3269 217 50043 8036 1419 547 267 125 852 2256 20 92 148 1462 7412 1030 555
internal_value=0.013019 -0.00959919 0.0595365 -0.0347086 0.0114124 0.00405412 -0.006052 -0.00585243 0.00782109 -0.0610008 -0.040498 -0.0141159 -0.0201654 -0.0348415 -0.00107812 -0.0224049 0.0178331 0.00373864 -0.0567654 0.0279431 0.0146325 -0.0208034 0.0154713 -0.206554 0.0297332 0.0213399 0.0171058 0.0554249 0.0597612 0.073691 0.0557157 -0.051118 0.00389618 0.0253392 0.0648072 0.0141764 0.0269516 -0.00150015 -0.0527379 0.0086934 0.0283555 0.0657138 -0.0622744 0.0655269
internal_weight=3058.04 2057.59 1000.46 937.385 1120.2 986.52 693.245 446.902 214.984 490.483 195.641 551.559 278.567 191.789 191.809 430.853 168.335 129.936 158.848 293.274 197.579 55.4668 120.706 2.1849 36.7934 99.0627 195.394 95.6953 27.4982 785.472 182.976 135.046 56.7425 141.686 31.2382 110.448 73.594 37.535 30.8734 165.399 34.6419 133.681 26.4101 38.3988
internal_count=129959 62826 67133 39580 23246 14071 7727 10220 4917 29360 8404 6418 7606 6578 3189 5121 2614 2048 7820 6344 3067 1607 1297 60 584 1009 3007 3277 394 62216 12173 5731 847 1309 190 1119 4137 1881 1039 2148 1861 9175 1041 566
is_linear=0
shrinkage=0.08


Tree=52
num_leaves=45
num_cat=0
split_feature=23 18 17 3 20 19 5 18 22 6 18 2 15 8 4 20 8 1 3 19 4 19 0 15 17 13 17 23 16 9 6 9 8 0 3 3 6 14 12 1 15 9 0 0
split_gain=456.05 154.182 111.035 85.5346 69.4954 56.5038 30.7661 21.7228 24.1701 20.4092 19.7842 18.1505 17.3381 16.9385 16.1642 15.6348 14.6964 13.6651 12.8321 12.366 15.5431 11.4849 10.8908 10.3343 10.1639 17.504 9.01255 9.3528 9.50365 8.89509 8.87924 8.82603 9.09888 8.80938 11.9169 8.79966 47.6126 8.25461 8.21127 11.9208 8.15035 8.04372 7.88296 7.3457
threshold=0.74774703539241416 0.324561403508772 0.62345301757066474 0.82637681159420295 0.57511061946902664 0.41428571428571431 0.27953488372093033 0.79285714285714304 1.0000000180025095e-35 1.0000000180025095e-35 0.74166666666666681 0.42577314326540344 0.38004524886877833 0.11215932914046124 0.078176725235548819 0.64592551622418892 0.42179392142327654 0.72821969696969713 0.10367218987908645 0.35416666666666669 0.88273491214667699 0.35416666666666669 0.2678571428571429 0.75182637444675526 0.46681350954478712 1.0000000180025095e-35 0.5884899414311181 0.53355710761319031 0.45472370766488418 0.69604037267080754 1.0000000180025095e-35 0.86754385964912295 0.04040816326530617 0.76388888888888895 0.99494949494949514 0.96459899749373446 1.0000000180025095e-35 0.44722222222222224 0.86706827309236967 0.85215543412264738 0.56265703517587951 0.78404875463698998 0.095454545454545472 0.58571428571428574
decision_type=2 2 2 2 2 2 2 2 2 2 2 2 2 2 2 2 2 2 2 2 2 2 2 2 2 2 2 2 2 2 2 2 2 2 2 2 2 2 2 2 2 2 2 2
left_child=1 4 9 5 24 6 14 8 12 -2 17 -10 -7 37 29 33 -15 -8 -16 20 35 22 -5 -12 25 30 -6 28 -28 -3 -1 -27 -33 34 -11 36 41 -9 39 -24 -17 -4 -29 -32
right_child=2 3 19 21 26 7 10 13 11 15 23 -13 -14 16 18 40 -18 -19 -20 -21 -22 -23 38 -25 -26 31 27 42 -30 -31 43 32 -34 -35 -36 -37 -38 -39 -40 -41 -42 -43 -44 -45
leaf_value=0.082193626523494615 0.081377486713670746 -0.096166328392618641 -0.043560693689873087 0.08795074896785525 -0.070721628755376478 0.036520188334966668 -0.049449740659893132 0.0097312052728221899 0.060216819095291634 -0.14883671379656799 0.044111191955862362 0.0065472735407390613 -0.027122003444610861 0.0043164063319656469 0.03306351560274013 -0.072440203538402831 0.063376893680633345 -0.19178142010175589 -0.0063044796566906793 0.078989530691461265 0.074571982046848145 0.079617990413008613 0.0071304935407572609 -0.024591430954989134 0.039963851036789802 -0.056986922353835769 0.33413450045088938 0.2617179283428368 -0.078293454461596537 -0.0234938045455865 -0.038197693938303912 0.12523695097269028 -0.018703864344473537 0.023284620844630306 -0.0059309117279154472 0.055129874426428416 -0.31105220140713841 0.070612713671132504 0.083608062009840348 -0.18481265272256658 0.029024819003673846 0.047260061497922078 0.0267817244411401 0.025875530876725734
leaf_weight=11.427937926724551 21.4180907625705 16.829518680460751 8.2234407756477577 17.048436712473631 324.05771240312606 32.798847388476133 190.58521022368222 17.437500684522092 58.788924189284444 4.0229310784488908 21.46553557086736 128.43065041769296 166.31892277346924 126.16605365462601 63.393734231591225 25.431258182972673 34.294306349009275 4.4171168375760308 322.87069974653423 557.25961725134403 101.61792793311179 89.946171771734953 31.118662680499256 40.356795249506831 25.290520630776882 54.900594290345907 0.37606534082442333 1.1944608744233844 7.2749939877539873 29.983968796208501 17.307436961680651 3.0234577208757392 39.923143781721592 102.05260954704136 52.105685893446207 34.11988286441192 2.9230846352875224 78.04536840133369 8.2250664969906193 2.2184307798743239 6.32726309262216 25.891632993705571 3.8935465253889561 33.84477424621582
leaf_count=548 1728 375 400 760 24654 317 6511 363 760 30 291 2462 2550 1421 447 1180 1836 98 3559 50043 8036 6483 987 513 358 1817 8 10 375 259 78 21 881 1464 445 2256 18 3533 264 46 70 1463 78 163
internal_value=0.0124823 -0.00909993 0.0584087 0.0040841 -0.0464618 -0.00233665 -0.0182337 0.014739 0.00276409 0.00734685 -0.0401717 0.0234001 -0.0166388 0.0328148 -0.00522396 -0.00100103 0.0169391 -0.0526738 0.000156597 0.073192 0.0544929 0.0616622 0.0341065 -0.000736966 -0.00717231 -0.0146031 -0.0681269 -0.00212263 -0.0580218 -0.0496197 0.0184396 -0.0357362 -0.00857037 0.00928342 -0.0161735 0.0258188 -0.00118285 0.0594943 0.01202 -0.00564244 -0.0522253 0.0253677 0.0819354 0.00419625
internal_weight=2944.65 2003.25 941.393 1480.74 522.515 1332.18 689.903 642.281 386.337 211.358 256.825 187.22 199.118 255.943 433.078 189.94 160.46 195.002 386.264 730.036 172.776 148.557 58.6106 61.8223 185.718 160.427 336.797 12.7391 7.65106 46.8135 62.5801 97.8472 42.9466 158.181 56.1286 71.158 37.0382 95.4829 41.5622 33.3371 31.7585 34.1151 5.08801 51.1522
internal_count=129959 62826 67133 33835 28991 25295 12053 13242 6089 4917 7413 3222 2867 7153 4640 3189 3257 6609 4006 62216 12173 8540 2057 804 3866 3508 25125 471 383 634 789 2719 902 1939 475 4137 1881 3896 1297 1033 1250 1863 88 241
is_linear=0
shrinkage=0.08


Tree=53
num_leaves=45
num_cat=0
split_feature=23 18 17 11 20 16 20 16 4 9 6 19 15 10 3 10 8 18 8 20 19 4 6 5 19 16 20 19 2 2 8 16 17 22 23 15 3 8 10 19 17 19 15 2
split_gain=413.545 138.272 107.154 79.6807 65.7154 44.5271 47.0443 25.0166 20.7413 27.5594 18.9108 18.6773 18.5249 17.7496 30.7891 18.0505 15.4602 14.3171 14.2845 13.9409 12.6813 15.1548 11.3845 21.4765 9.75375 9.20523 13.4881 9.72109 12.8625 8.93792 8.72923 27.9191 15.074 14.3333 9.75484 9.65541 7.98883 37.9053 7.89208 7.82099 7.56241 7.32728 7.03246 6.47384
threshold=0.74774703539241416 0.324561403508772 0.62345301757066474 1.0000000180025095e-35 0.57511061946902664 0.81977395377252837 0.72104203935599298 0.63188142770719913 0.1438923395445135 0.70871212121212135 1.0000000180025095e-35 0.30952380952380959 0.47893241803763759 0.22500000000000003 0.60922587486744451 0.63333333333333341 0.039607843137254913 0.62019230769230782 0.41060765718299969 0.73931311655096832 0.35416666666666669 0.88273491214667699 1.0000000180025095e-35 0.91024165707710025 0.13392857142857145 0.45009225092250926 0.33596875000000009 0.30952380952380959 0.77132101769198547 0.93075498575498583 0.42179392142327654 0.50581473968897916 0.30996833715471123 1.0000000180025095e-35 0.59705996978566034 0.59102104791759968 0.96459899749373446 0.98213716108452964 0.73214285714285732 0.19090909090909094 0.83680706325083243 0.43650793650793657 0.56888642834546033 0.77132101769198547
decision_type=2 2 2 2 2 2 2 2 2 2 2 2 2 2 2 2 2 2 2 2 2 2 2 2 2 2 2 2 2 2 2 2 2 2 2 2 2 2 2 2 2 2 2 2
left_child=1 4 10 5 25 6 13 16 40 17 -2 22 -9 14 -3 -15 -8 -10 -11 39 21 36 24 -24 -5 26 -1 -28 -29 -25 32 35 -6 -33 -35 41 37 38 -4 -12 -7 -32 -21 -38
right_child=2 3 20 11 30 8 7 12 9 18 19 -13 -14 15 -16 -17 -18 -19 -20 42 -22 -23 23 29 -26 -27 27 28 -30 -31 31 33 -34 34 -36 -37 43 -39 -40 -41 -42 -43 -44 -45
leaf_value=0.0090067762949184987 0.081287065459579116 0.0065055456162285341 0.054678299960826592 0.055175923314264817 0.5323843675706762 -0.06005989849049935 0.04543743217700083 0.063899162881863106 0.093023610335536425 -0.052182556765884548 0.0041535405881986329 0.074245351451400654 -0.021189195588628359 -0.05452697588577108 0.11837584735749684 0.061722489530895229 -0.060183355155356576 0.018119381127007405 0.032461310938504052 -0.078003681209766043 0.078822461154026247 0.074046710607949956 -0.3250892681703097 -0.048218555331695195 -0.081050586955473292 0.057866923359759737 -0.067802650331237529 -0.039507623503671194 0.056354041605406906 0.06695681567593291 -0.073435610468818566 -0.10490319898142202 -0.076412669991944696 0.24087782848470107 0.060728034647762705 0.31095479283273247 -0.22789471264068462 -0.25312093414563497 -0.026787204421592541 0.096943534726797675 0.055268311632804129 -7.4670252543522974e-05 0.028255447511893537 0.058205456161092239
leaf_weight=91.744065601378679 19.792494254186749 412.18359798192978 21.173913711216301 38.408577812369913 0.26059896685182948 3.7743714265525332 9.3724367916583997 17.502881334163249 18.325694717466831 55.702839352190495 156.33362889382988 111.6258949637413 254.24898972548544 51.307506863493472 16.37050511315465 10.257480758242307 165.27075878251344 150.07118560932577 16.551654732320458 19.890634964220229 515.46243372559547 94.444145628716797 1.4624761794693792 11.982555302791299 3.6866591488942495 13.100931563414631 34.683221368119121 29.894875298254192 12.79094956256449 6.736433543264865 72.045890471898019 2.2957564638927552 221.97458710242063 2.8605978256091475 5.8733638958074152 0.44057317636907001 0.51436449959874053 3.4541376866400233 11.881241674069313 6.0380605086684218 101.37630115356296 9.9123468194156867 4.9852208048105231 31.814014207106084
leaf_count=1095 1728 4894 1168 1516 17 37 138 160 120 446 2000 7998 3275 1242 238 325 6926 1968 492 986 50043 8036 16 301 65 196 1627 871 77 119 6066 110 18531 51 55 8 18 20 693 148 3559 287 55 2238
internal_value=0.0119575 -0.00859633 0.0573005 0.00384687 -0.0449909 -0.00304455 -0.0121032 -0.030891 0.0214883 0.00853721 0.00692079 0.0546626 -0.0157089 0.00500863 0.0107789 -0.0351584 -0.0545151 0.0262708 -0.0327928 -0.000939901 0.072668 0.0532391 0.019562 -0.0298376 0.0432453 -0.00673625 -0.011741 -0.0363436 -0.0107824 -0.0067702 -0.067073 -0.0465551 -0.0756988 0.0729756 0.119732 -0.0625552 0.0246915 -0.0009539 0.0253966 0.00760409 0.0511286 -0.0645631 -0.0567089 0.0536534
internal_weight=2839.88 1954.1 885.784 1456.22 497.878 1282.32 936.514 446.395 345.802 240.651 207.04 173.903 271.752 490.119 428.554 61.565 174.643 168.397 72.2545 187.248 678.744 163.282 62.2767 20.1815 42.0952 182.214 169.113 77.369 42.6858 18.719 315.664 93.4285 222.235 11.0297 8.73396 82.3988 68.8377 36.5093 33.0552 162.372 105.151 81.9582 24.8759 32.3284
internal_count=129959 62826 67133 33835 28991 23820 17198 10499 6622 3026 4917 10015 3435 6699 5132 1567 7064 2088 938 3189 62216 12173 2017 436 1581 3866 3670 2575 948 420 25125 6577 18548 216 106 6361 4137 1881 1861 2148 3596 6353 1041 2256
is_linear=0
shrinkage=0.08


Tree=54
num_leaves=45
num_cat=0
split_feature=23 18 17 3 20 19 10 3 5 8 9 3 8 6 10 1 8 20 19 4 19 20 0 15 8 16 22 16 17 4 17 13 19 8 9 6 0 3 19 14 12 1 2 11
split_gain=374.386 124.167 103.859 72.2088 62.4758 46.9235 26.0873 42.6537 27.2162 18.3838 28.2927 25.8041 22.3027 16.3697 15.6934 27.274 16.9108 13.0781 12.3531 14.3232 11.39 10.8046 9.96957 9.57925 8.6163 25.7348 16.6183 11.5214 8.90534 8.71871 8.07481 14.1754 8.5597 14.6456 9.49767 8.42379 8.02724 10.5125 7.72708 8.13448 7.07931 9.42313 6.71825 18.6014
threshold=0.74774703539241416 0.324561403508772 0.64425612052730707 0.82637681159420295 0.57511061946902664 0.41428571428571431 0.22500000000000003 0.60922587486744451 0.27953488372093033 0.072077922077922088 0.63911657559198554 0.10933997509339978 0.38013136288998362 1.0000000180025095e-35 0.53571428571428581 0.72821969696969713 0.096006144393241191 0.44586453923803326 0.35416666666666669 0.88273491214667699 0.35416666666666669 0.58847248576850109 0.2678571428571429 0.56265703517587951 0.42179392142327654 0.45983158153543552 1.0000000180025095e-35 0.46246387283237 0.30996833715471123 0.83910792512943055 0.46681350954478712 1.0000000180025095e-35 0.23611111111111113 0.72438780609695164 0.23582887700534763 1.0000000180025095e-35 0.76388888888888895 0.99494949494949514 0.23611111111111113 0.10762548262548265 0.86706827309236967 0.85215543412264738 0.7854750512645251 1.0000000180025095e-35
decision_type=2 2 2 2 2 2 2 2 2 2 2 2 2 2 2 2 2 2 2 2 2 2 2 2 2 2 2 2 2 2 2 2 2 2 2 2 2 2 2 2 2 2 2 2
left_child=1 4 13 5 30 6 7 8 -3 10 -7 -11 -13 -2 16 -16 -8 -12 19 42 22 36 -5 38 28 -26 27 -27 -6 -28 31 35 34 -34 -33 -1 37 -15 -23 -40 41 -24 43 -4
right_child=2 3 18 20 24 9 14 -9 -10 11 17 12 -14 21 15 -17 -18 -19 -20 -21 -22 23 40 -25 25 26 29 -29 -30 -31 -32 32 33 -35 -36 -37 -38 -39 39 -41 -42 -43 -44 -45
leaf_value=0.082033198545314087 0.077057642805731158 -0.0052321682325801944 0.026787481884778246 0.086894567423052932 0.28762494635913904 -0.081345904140231642 0.090282203543103567 0.09280401642697432 -0.047115618188868363 -0.21395978178566555 -0.00015282746989190196 -0.0050212295684269959 0.037285799777128807 -0.14223886279771114 0.049835185858953024 -0.25746108786521532 -0.080062706937073555 0.051773276631937704 0.078643106099130319 0.074002782199356687 0.079140586907325852 -0.083906847029512552 0.0071205078283409304 0.038798872983186281 -0.068387499058344986 0.38089335090068976 0.10725676287268239 -0.097213532795425606 -0.075943256846130722 -0.11071262643516859 0.035589422456163242 0.34281336689664671 -0.038361913749633894 0.053909950843400403 -0.065867003642668273 0.0032071856577555401 0.022807824755648517 -0.0057758212348465636 -0.12419088912125414 0.090646217646225977 0.082211323807797096 -0.15771359676058719 0.033435086696452447 -0.26796755461974237
leaf_weight=10.476772882975636 19.325587046332657 425.60103270504624 5.3765991171821943 15.246039046905933 0.43208402767777343 12.883960260078309 3.930796379223465 24.525199563242495 129.50874649081379 3.4447343684732905 39.03201147634536 308.9284403603524 107.49543973291293 3.8815476037561885 15.316087062470617 2.1021903352811924 72.93912390107289 151.64647709811106 475.74262908380479 86.094840530771762 78.489759050309658 21.79138397984207 30.583546202629805 7.5937157915905109 68.947828981094062 0.3409566683694728 12.04013966815546 5.9843747224658728 206.12455262523144 1.3014152143150575 25.250147063285112 0.36747278366237779 39.419736163690686 15.274923736229537 37.852419509552419 50.496040992438793 96.909958798438311 52.204062315635383 1.6349587328732003 3.6373560391366482 7.3024332011118522 2.3933311942964783 59.141445441637188 1.8389174547046421
leaf_count=548 1798 4620 192 760 17 144 20 399 4170 49 540 4926 3457 29 293 49 2502 4126 49957 7984 6483 1190 987 110 5942 12 241 340 18531 42 358 6 1226 92 1395 241 1400 448 14 75 264 46 3896 40
internal_value=0.0114366 -0.00813697 0.0560992 0.00361805 -0.0436113 -0.00215701 -0.0167904 -0.0104422 -0.0150037 0.0136615 0.0333913 0.00409609 0.00589988 0.006951 -0.0558158 0.012748 -0.071352 0.041144 0.0722926 0.052475 0.0595245 -0.000268986 0.0317954 -0.0406018 -0.0662302 -0.0453622 0.0353594 -0.071442 -0.0751827 0.0859947 -0.0063413 -0.0132214 -0.0328904 -0.0125926 -0.0619377 0.0167516 0.00886743 -0.0152201 -0.0628806 0.0240247 0.0109399 -0.0048425 0.0245438 -0.0483326
internal_weight=2740.85 1905.68 835.173 1431.37 474.309 1297.35 673.923 579.635 555.11 623.431 203.562 419.869 416.424 206.979 94.2882 17.4183 76.8699 190.678 628.194 152.452 134.015 187.653 55.5253 34.6574 295.171 88.6147 19.6669 6.32533 206.557 13.3416 179.138 153.887 92.9146 54.6947 38.2199 60.9728 152.996 56.0856 27.0637 5.27231 40.2793 32.9769 66.357 7.21552
internal_count=129959 62826 67133 33835 28991 25295 12053 9189 8790 13242 4810 8432 8383 5064 2864 342 2522 4666 62069 12112 8540 3266 2057 1389 25125 6577 635 352 18548 283 3866 3508 2719 1318 1401 789 1877 477 1279 89 1297 1033 4128 232
is_linear=0
shrinkage=0.08


Tree=55
num_leaves=45
num_cat=0
split_feature=23 18 17 11 20 2 9 9 12 0 8 2 9 14 19 16 6 19 1 22 8 6 5 20 5 7 0 8 17 17 17 15 22 15 19 17 2 12 8 17 20 19 14 5
split_gain=338.924 111.526 99.6343 66.1552 59.0334 39.1818 34.6287 27.6678 27.8971 26.1872 26.7538 24.8984 22.5038 17.6138 17.4694 15.648 15.1059 12.813 14.1947 11.4502 11.8028 9.78233 17.9941 9.50294 9.22814 29.9472 8.7637 8.54313 23.6988 13.3758 12.1921 20.5557 17.1672 8.52371 7.82807 7.44464 7.41986 7.36546 9.46977 7.44874 12.7417 6.84197 7.27329 6.63095
threshold=0.74774703539241416 0.324561403508772 0.64425612052730707 1.0000000180025095e-35 0.57511061946902664 0.48498332025117746 0.59417229729729748 0.91240409207161133 0.089719939627704207 0.35416666666666669 0.13484848484848486 0.62247571057639717 0.84877072612921689 0.75595238095238104 0.30952380952380959 0.67658115877930136 1.0000000180025095e-35 0.35416666666666669 0.87007672634271105 1.0000000180025095e-35 0.076197387518142215 1.0000000180025095e-35 0.91024165707710025 0.58847248576850109 0.94360822556709789 0.78888888888888908 1.0000000180025095e-35 0.42179392142327654 0.45476087893149514 0.2965856481481482 0.46186166774402071 0.37053001277139214 1.0000000180025095e-35 0.56265703517587951 0.13392857142857145 0.42124060150375947 0.93075498575498583 0.087595907928388797 0.038098693759071108 0.46681350954478712 0.22749774977497753 0.23611111111111113 0.10762548262548265 0.92084377610693402
decision_type=2 2 2 2 2 2 2 2 2 2 2 2 2 2 2 2 2 2 2 2 2 2 2 2 2 2 2 2 2 2 2 2 2 2 2 2 2 2 2 2 2 2 2 2
left_child=1 4 16 5 37 7 11 8 12 10 -8 15 -3 -10 21 -7 -2 18 24 20 -9 34 -23 35 25 43 -13 29 -29 -6 31 -30 -32 41 -5 -18 -24 -1 -39 40 -40 -25 -43 -4
right_child=2 3 17 14 27 6 9 19 13 -11 -12 26 -14 -15 -16 -17 23 -19 -20 -21 -22 22 36 33 -26 -27 -28 28 30 -31 32 -33 -34 -35 -36 -37 -38 38 39 -41 -42 42 -44 -45
leaf_value=-0.08463020919076468 0.076658520439260427 -0.063989581596820416 0.028447185315294436 0.052455540143415018 0.46965355659564978 -0.035944716431060293 0.081537240230126054 0.03136728860056761 0.0028420969830245607 0.051339443712475549 -0.048605889543850402 0.086514468033982314 0.026867144182665018 0.059164445767764431 0.07279868173520819 0.0117051837700318 0.0039781128499039213 0.078459752899666113 0.074737616741333807 0.063096703384558736 -0.033000635850106028 -0.300578737542949 -0.042428608116439753 -0.080837436557208486 0.051074492386831184 -0.24895806087034977 -0.014481882927415975 -0.072081072037227328 0.70878684922101531 -0.075458442504856893 -0.092437430883955826 0.088045118865870797 0.052496646946195241 0.036305880912417841 -0.068518797815614041 0.081830731048024949 0.064652851445051313 0.11928307499420626 0.012628613603391806 0.037757067642377302 -0.035310084168085211 -0.11736839218461861 0.089929003067471133 -0.12725675375176487
leaf_weight=7.3042093692347398 17.92895180452615 68.073450611904263 25.84443889185787 35.993267288897187 0.28852307051420112 73.088694544509053 10.505722546018658 122.00707027688622 399.14699067361653 19.881587231997401 267.94854279374704 27.917879093904048 23.459694240242243 39.009206231683493 98.600094280205667 111.23725090268999 142.89340679720044 440.15134833520278 76.32228402979672 61.130369931925088 21.434586509130895 1.4348373040556932 12.357391866855325 20.848987460136417 37.690845990087837 2.9807439465075722 6.8472775155678383 58.703029836528003 0.40370973292738499 191.74972669500858 8.0655810348689556 2.2128384280949831 14.879814201965928 7.4711940540000787 3.783141021616756 8.3186168838292343 6.2289427500218144 3.9850650979205957 68.412770379334688 22.030434522777796 73.721952372230589 1.5933736711740483 3.3833963219076395 1.8776543275453139
leaf_count=222 1798 1014 1500 1516 6 2110 100 2027 4757 533 8125 616 277 1364 7998 1113 1713 49957 7481 1214 305 16 301 1190 3000 24 265 5546 17 18542 520 99 395 110 65 164 119 39 849 309 2447 14 75 107
internal_value=0.0109233 -0.00768419 0.0549269 0.00339828 -0.0422763 -0.0027659 -0.019627 0.00911593 -0.000534887 -0.0373625 -0.0436958 0.00452341 -0.0407033 0.0078565 0.0521088 -0.0071889 0.00655359 0.0716702 0.0510197 0.0341044 0.0217487 0.0179934 -0.0276142 -0.000258589 0.0245522 -0.00800652 0.0666224 -0.0653212 -0.044085 -0.0746395 0.0202079 0.18382 0.00155058 -0.0389488 0.0409497 0.00826101 -0.0065418 -0.00598544 -0.00256922 -0.00552715 -0.0122361 -0.0607194 0.0235602 0.0179011
internal_weight=2649.15 1861.84 787.305 1410.09 451.758 1251.69 517.427 734.261 529.689 298.336 278.454 219.091 91.5331 438.156 158.398 184.326 202.438 584.867 144.716 204.572 143.442 59.7976 20.0212 184.509 68.3937 30.7028 34.7652 276.303 84.265 192.038 25.5619 2.61655 22.9454 33.297 39.7764 151.212 18.5863 175.454 168.15 164.165 142.135 25.8258 4.97677 27.7221
internal_count=129959 62826 67133 33835 28991 23820 12862 10958 7412 8758 8225 4104 1291 6121 10015 3223 5064 62069 12112 3546 2332 2017 436 3266 4631 1631 881 25125 6577 18548 1031 116 915 1389 1581 1877 420 3866 3644 3605 3296 1279 89 1607
is_linear=0
shrinkage=0.08


Tree=56
num_leaves=45
num_cat=0
split_feature=23 18 17 22 2 19 20 16 2 3 15 12 17 5 18 4 8 8 9 6 15 8 19 4 19 17 18 2 2 8 14 18 12 9 15 20 1 9 2 8 15 8 19 4
split_gain=306.329 101.932 96.0229 62.1692 43.4258 38.5118 30.8092 31.7238 30.605 29.8277 26.1371 21.8748 25.3183 21.7271 20.4033 18.5693 17.1523 14.3551 14.3305 13.9368 13.8493 13.6822 13.0716 13.8553 13.0289 12.5723 11.7444 14.2057 11.7398 13.4952 11.4674 10.6919 9.61703 9.32121 8.91756 8.36228 8.28903 8.22573 8.24066 7.55083 7.53764 7.4214 7.48206 7.04913
threshold=0.74774703539241416 0.74166666666666681 0.64425612052730707 1.0000000180025095e-35 0.48891910558577228 0.43650793650793657 0.65481458069953657 0.66821705426356603 0.72790526033279668 0.60922587486744451 0.25068306010928965 0.2184659090909091 0.65692963752665257 0.075710532600907585 0.60769230769230786 0.30860805860805868 0.076197387518142215 0.46589147286821714 0.94804318488529027 1.0000000180025095e-35 0.38004524886877833 0.30877573131094266 0.35416666666666669 0.88273491214667699 0.35416666666666669 0.97444063367630263 0.58578431372549034 0.72790526033279668 0.52580367163700503 0.37123169681309226 0.68990384615384626 0.24264705882352944 0.39780219780219789 0.42980295566502463 0.39755294469804686 0.73931311655096832 0.044949494949494913 0.84877072612921689 0.3730576441102757 0.076197387518142215 0.56888642834546033 0.30877573131094266 0.63333333333333341 0.26138716356107666
decision_type=2 2 2 2 2 2 2 2 2 2 2 2 2 2 2 2 2 2 2 2 2 2 2 2 2 2 2 2 2 2 2 2 2 2 2 2 2 2 2 2 2 2 2 2
left_child=1 3 19 4 13 6 16 17 11 15 21 43 -13 37 -9 24 34 -8 20 -2 -15 -6 23 -4 25 30 -12 -28 41 -30 -3 -20 -31 -18 -5 -21 -26 -1 -39 -38 -37 42 -17 -7
right_child=2 9 22 5 10 8 7 14 -10 -11 26 12 -14 18 -16 28 33 -19 31 35 -22 -23 -24 -25 36 -27 27 -29 29 32 -32 -33 -34 -35 -36 40 39 38 -40 -41 -42 -43 -44 -45
leaf_value=-0.08809452415185598 0.076240196658562201 0.0045780022132413658 0.021879715790025799 0.0078796726384144696 0.26400499502042507 0.037681073453751178 -0.074699800818426434 0.038426073761587791 0.075148395717259064 0.059113143510835887 -0.075263368625401589 -0.052037294764802143 0.022033811492249363 0.022824937566500364 -0.034184918370672855 -0.10202736017881885 0.056012895200504113 -0.020091914768747127 -0.08561973729028792 0.0063796476183996089 -0.02626748452708887 -0.0027785378042210983 0.078266878932980066 0.072948088201101102 -0.14418939374261108 0.067499511351910957 -0.052673116250837523 0.053923299814253499 -0.081816704278493552 -0.067932501642536766 -0.06242861155300166 0.039631181665736856 0.02962640915683469 -0.01026973953233427 0.099295954079712673 -0.070151110775855147 0.054362097033150002 0.065785532210905634 -0.056653220832195927 0.021655613732264236 0.034762501850637707 0.064885613996125691 0.030233779642220324 0.1570440544633136
leaf_weight=34.213976390659809 16.637707016896456 107.68202120438218 62.393962434958667 10.722053320147099 1.277761143632232 66.867349027656019 101.88528203684837 47.321235112845898 56.311996560078114 112.49488499993458 216.73187143192627 56.073759017512202 62.398458257783204 45.032913465984166 51.964578002691269 4.5881625376641768 15.559791517443953 44.163447663187981 4.7907557291910043 158.71898042876273 200.61310731805861 33.137875559739769 407.2724037989974 74.717810772359371 1.6332262605428685 17.087825334630907 45.532981289550662 9.7069728542119247 27.584487590938807 9.7970175882801431 19.271235179156065 48.723394590429962 19.024058753158897 106.63896138314158 18.810674652457237 17.943351295311007 84.351740641985089 5.048242784105244 11.606553183868526 97.270832194015384 5.7993350997567168 13.309043282642959 6.7861306890845299 3.3238760717213145
leaf_count=1350 1798 618 4128 108 6 946 8100 837 2478 7697 16533 2918 562 920 582 31 286 2646 255 2182 4057 436 49957 7984 8 200 731 489 243 66 188 393 292 3075 126 1003 3856 35 154 1424 81 90 50 40
internal_value=0.0104213 -0.0072596 0.0536871 -0.019253 -0.0365654 -0.00155307 -0.0169429 -0.0344679 0.0233915 0.0226377 -0.0585587 0.00794313 -0.0130246 -0.0173142 0.000422663 0.0125902 0.0113932 -0.058187 -0.00909528 0.00614711 -0.0172676 0.00712643 0.0710741 0.049709 0.0210812 0.00307768 -0.0668705 -0.0339416 -0.0216821 -0.0418184 -0.00559346 0.0284183 -0.00353635 -0.00182985 0.0661067 -0.0002443 0.0352322 -0.0656495 -0.0195408 0.0368456 -0.0445251 0.0243329 -0.0231177 0.0433335
internal_weight=2562.82 1819.34 743.484 1298.46 656.416 642.041 397.066 245.335 244.975 520.881 306.387 188.663 118.472 350.029 99.2858 408.386 151.731 146.049 299.16 199.099 245.646 34.4156 544.384 137.112 327.297 144.041 271.972 55.24 81.0889 56.4056 126.953 53.5142 28.8211 122.199 29.5327 182.462 183.256 50.8688 16.6548 181.623 23.7427 24.6833 11.3743 70.1912
internal_count=129959 62826 67133 48063 25359 22704 15760 12165 6944 14763 18195 4466 3480 7164 1419 7066 3595 10746 5625 5064 4977 442 62069 12112 6294 1006 17753 1220 772 601 806 648 358 3361 234 3266 5288 1539 189 5280 1084 171 81 986
is_linear=0
shrinkage=0.08


Tree=57
num_leaves=45
num_cat=0
split_feature=23 17 18 3 20 19 10 3 4 7 9 19 16 8 20 19 1 23 6 19 0 8 14 22 17 5 8 8 2 20 23 20 14 10 0 3 12 3 23 6 9 9 12 1
split_gain=275.935 92.4125 91.6167 57.0282 53.3147 36.1945 26.3004 48.6114 25.1043 22.9326 20.4344 20.1446 17.7154 15.4363 14.2303 13.6108 13.8995 12.8918 12.8542 10.7203 9.00917 8.67057 23.0039 15.0872 8.79502 8.34937 24.8947 8.18166 8.03652 7.76706 7.39708 7.37319 7.57988 7.0677 6.83664 9.26049 6.47066 8.2737 7.22366 10.7412 8.03323 6.46076 6.17324 7.61534
threshold=0.74774703539241416 0.64425612052730707 0.324561403508772 0.82637681159420295 0.57511061946902664 0.63333333333333341 0.22500000000000003 0.60922587486744451 0.27953488372093033 0.18333333333333338 0.78896761133603255 0.81666666666666676 0.81977395377252837 0.096006144393241191 0.88107024988213112 0.35416666666666669 0.87007672634271105 0.49244155802490081 1.0000000180025095e-35 0.35416666666666669 0.2678571428571429 0.42179392142327654 0.059714795008912663 1.0000000180025095e-35 0.2965856481481482 0.94360822556709789 0.97825059101654854 0.16108108108108113 0.73291062801932372 0.69477101845522904 0.48345278682171133 0.58847248576850109 0.12060606060606062 0.73214285714285732 0.76388888888888895 0.99494949494949514 0.087595907928388797 0.10367218987908645 0.60987836607035473 1.0000000180025095e-35 0.33558558558558566 0.91458966565349553 0.86706827309236967 0.85215543412264738
decision_type=2 2 2 2 2 2 2 2 2 2 2 2 2 2 2 2 2 2 2 2 2 2 2 2 2 2 2 2 2 2 2 2 2 2 2 2 2 2 2 2 2 2 2 2
left_child=2 18 4 5 36 6 7 8 -4 13 -11 30 14 -8 -13 16 25 -14 -2 20 -5 24 -23 29 -6 26 33 -21 -25 -24 -7 34 -33 -3 35 -20 -1 41 40 -40 -39 -38 43 -22
right_child=1 15 3 19 21 11 9 -9 -10 10 -12 12 17 -15 -16 -17 -18 -19 31 27 42 22 23 28 -26 -27 -28 -29 -30 -31 -32 32 -34 -35 -36 -37 37 38 39 -41 -42 -43 -44 -45
leaf_value=-0.08337604948028686 0.075800944041577209 0.047355862944274761 -0.002345749226303661 0.086106731254637817 0.29096010427778379 0.099399725037189038 0.069301572733542399 0.090355182582854618 -0.039451790343755289 -0.094530863801466636 0.03244757837278011 0.009673256651427025 0.063015327022028333 -0.086719841582190357 -0.035512305954355609 0.078063455136830356 0.07378355439029563 0.015488908447021976 -0.13638047427729136 -0.38424377297039447 0.0069487470403505613 -0.078009200057398392 0.061401461227749782 -0.022672650046063694 -0.074570876729680463 0.048335099300043163 -0.21362248040001075 0.080063475070948742 0.087554772229562816 -0.092956270861176624 0.002249254739754973 -0.075107956565393513 0.0033425495314473785 -0.039333792565311908 0.020356388946237664 -0.0062544209297111164 0.13873333937226812 0.076770808959218811 0.085816309513912545 -0.00079886132091763653 -0.029608196503170325 -0.0060230682019956306 0.081089855815706241 -0.13816326699175865
leaf_weight=6.5415131160989395 15.443999062292276 17.055258285254247 522.50398239772767 13.401957200840114 0.42233429104089637 24.405730569735173 4.334555988200008 31.954535202123225 150.24630429502577 11.052160923369227 30.481224136659876 181.34457486774772 58.116615146864206 63.703005322720855 59.157552674412727 376.90065212710761 66.379398504272103 98.331735142040998 3.7529130317270747 0.24380684923380513 29.663721938617527 45.343323594890535 2.667279507033526 6.1196617987006929 168.35776643361896 34.571521890815347 3.3875985080376259 64.615336551796645 13.732436190824954 9.5785126849077624 6.313473909161984 15.567836738191547 15.966229539830236 9.3016300750896317 93.864102924242616 51.966821057721972 4.6117544202133995 4.8362154159694901 10.639937198720871 66.019842990674078 74.975741758942604 3.4490626361221075 6.5023670392110935 2.5104027241468421
leaf_count=222 1798 1016 6015 760 6 418 25 585 4956 196 670 3024 2977 2672 1281 49957 7481 2298 29 4 987 5045 130 318 18542 3000 35 6479 321 763 178 1167 222 580 1400 448 46 86 454 736 2294 28 264 46
internal_value=0.00993597 0.0523145 -0.00686481 0.00320369 -0.0396519 -0.00182517 -0.0117227 -0.00605344 -0.0106327 -0.0481848 -0.00134177 0.0170196 0.0121896 -0.07678 -0.00144127 0.0703493 0.0481031 0.0331438 0.00574199 0.0566131 0.0295814 -0.0634873 -0.0413244 0.0104986 -0.0736562 0.0215988 -0.00947635 0.0783181 0.0535758 -0.0593353 0.0794332 -0.000231963 -0.0353871 0.0167621 0.00717917 -0.0150189 -0.00534653 -0.00224422 -0.00631601 0.0112228 -0.0231621 0.076795 0.00999461 -0.00437369
internal_weight=2480.34 704.158 1776.18 1358.88 417.295 1241.95 814.276 704.705 672.75 109.571 41.5334 427.67 396.95 68.0376 240.502 507.596 130.695 156.448 196.562 116.938 52.0784 246.221 77.4412 32.0979 168.78 64.316 29.7445 64.8591 19.8521 12.2458 30.7192 181.118 31.5341 26.3569 149.584 55.7197 171.074 164.533 156.472 76.6598 79.812 8.06082 38.6765 32.1741
internal_count=129959 67133 62826 33835 28991 25295 15119 11556 10971 3563 866 10176 9580 2697 4305 62069 12112 5275 5064 8540 2057 25125 6577 1532 18548 4631 1631 6483 639 893 596 3266 1389 1596 1877 477 3866 3644 3570 1190 2380 74 1297 1033
is_linear=0
shrinkage=0.08


Tree=58
num_leaves=45
num_cat=0
split_feature=23 17 18 3 20 16 20 16 19 20 22 0 2 19 1 4 9 8 18 6 19 17 5 8 5 7 17 20 17 22 19 16 20 19 2 16 23 9 12 1 10 8 6 8
split_gain=248.903 88.5734 81.6413 51.2771 50.5619 32.9249 32.6958 19.5947 15.7313 15.0658 14.8046 16.9339 15.0166 13.8475 13.4536 13.3948 13.4438 18.5601 13.0588 11.8446 10.7506 8.50659 8.49029 7.76382 7.474 21.3032 6.44956 6.43924 7.39259 7.19052 6.77874 6.24422 9.89156 7.36155 9.02599 6.17461 7.43623 5.8765 5.8124 5.87615 5.73957 5.66998 18.9813 13.7286
threshold=0.74774703539241416 0.64425612052730707 0.324561403508772 0.82637681159420295 0.57511061946902664 0.81977395377252837 0.72104203935599298 0.61920122887864837 0.30952380952380959 0.75655034324942794 1.0000000180025095e-35 1.0000000180025095e-35 0.43420765967205593 0.35416666666666669 0.87007672634271105 0.1438923395445135 0.70871212121212135 0.41060765718299969 0.62019230769230782 1.0000000180025095e-35 0.35416666666666669 0.5884899414311181 0.69416099773242645 0.16108108108108113 0.94360822556709789 0.78888888888888908 0.83680706325083243 0.73931311655096832 0.52559423544825024 1.0000000180025095e-35 0.19090909090909094 0.44557020468886271 0.33596875000000009 0.30952380952380959 0.77132101769198547 0.45243482008187891 0.53355710761319031 0.74388789505068587 0.86706827309236967 0.85215543412264738 0.73214285714285732 0.48714568226763355 1.0000000180025095e-35 0.65419580419580436
decision_type=2 2 2 2 2 2 2 2 2 2 2 2 2 2 2 2 2 2 2 2 2 2 2 2 2 2 2 2 2 2 2 2 2 2 2 2 2 2 2 2 2 2 2 2
left_child=2 19 4 5 31 6 10 9 -9 -8 11 -4 -12 14 24 26 18 -18 -17 -2 22 41 -5 -22 25 40 -7 30 -29 -30 -21 32 -1 -34 -35 -23 -37 -28 39 -24 -3 -6 43 -43
right_child=1 13 3 20 21 15 7 8 -10 -11 12 -13 -14 -15 -16 16 17 -19 -20 27 23 35 38 -25 -26 -27 37 28 29 -31 -32 -33 33 34 -36 36 -38 -39 -40 -41 -42 42 -44 -45
leaf_value=0.007960708205915568 0.075338970000887212 0.042763831805436581 -0.00053171416444904723 0.088809736926575816 -0.073777029605984118 -0.056483701757700379 0.014412103805130781 -0.034114548157557247 0.0037462847411532012 -0.060921824394059548 0.050331825347881103 -0.071913006764385806 0.002950261265890812 0.077848389264457196 0.073224546684461475 0.088079845170742369 -0.042295136131518238 0.042047157135744237 0.015274959131892602 0.0024006864965410977 -0.40014674286167462 0.30688078282972109 0.0070291352137670793 0.079733467151091642 0.046726537268849545 -0.20858620704654418 0.010194104904340943 -0.093560278732733745 -0.079667088970129321 0.044125700706293708 0.093964422629237432 0.046254631673015592 -0.063514764555084827 -0.03650855520072957 0.046811770638723604 -0.067831193544930418 0.072814124946944572 0.061276104798411807 0.080249330615478259 -0.11554329088456351 -0.034650152680387486 -0.042959416775163656 -0.06934349617142066 0.11571193544173004
leaf_weight=88.501147439703345 14.340551598463206 16.746082661673434 276.38801597105339 11.400745710358022 159.42160350270569 3.7594674546271554 19.783015030436218 130.25075470469892 152.43732641497627 120.33511226461269 74.971757790073752 23.043369860388339 99.787639322225004 348.84621514193714 61.725110376719385 17.731076619587839 55.512810311280191 23.881777439266443 142.37411737442017 150.85480671748519 0.21654953714460035 0.42697477340698142 30.276180262677372 59.884581666439772 32.967597032897174 3.0587461460381737 18.247119396924973 9.5648345486260968 4.7176956804469201 8.2619522493332624 5.358473051339387 13.970046435482798 28.596923339180648 26.011768980883062 12.234752308577297 5.2981463740579766 4.4073266447521746 68.600198795553297 6.3907308625057331 2.7287601754069319 9.6682040453888458 6.940311636310069 47.266489055007696 7.0196358282119036
leaf_count=1095 1798 1025 3105 675 19010 37 756 2002 2145 5984 865 870 2104 49957 7481 134 511 1233 1992 2011 4 8 1035 6479 3000 24 361 895 66 123 171 224 1607 864 76 376 87 3196 298 49 582 291 5301 52
internal_value=0.0094633 0.0510432 -0.00647182 0.00300933 -0.0381788 -0.00169875 -0.00964831 -0.0258234 -0.0136984 -0.0502856 0.004774 -0.00602501 0.0232769 0.0696821 0.0467389 0.0199026 0.00999061 -0.0169251 0.0233378 0.00538531 0.0551052 -0.0625382 0.0280113 0.0780044 0.0205567 -0.00871611 0.0461027 -0.00022661 -0.0401947 -0.000869103 0.00554153 -0.00497616 -0.00958332 -0.0328117 -0.00985506 0.00913564 -0.00396312 0.0505435 0.0104168 -0.00310483 0.0144286 -0.0658296 -0.0451361 0.0368271
internal_weight=2404.21 666.11 1738.1 1338 400.095 1227.1 896.997 422.806 282.688 140.118 474.191 299.431 174.759 473.012 124.166 330.107 239.5 79.3946 160.105 193.098 110.898 230.78 50.7964 60.1011 62.4406 29.473 90.6068 178.758 22.5445 12.9796 156.213 169.315 155.345 66.8434 38.2465 10.1324 9.70547 86.8473 39.3957 33.0049 26.4143 220.648 61.2264 13.9599
internal_count=129959 67133 62826 33835 28991 25295 17831 10887 4147 6740 6944 3975 2969 62069 12112 7464 3870 1744 2126 5064 8540 25125 2057 6483 4631 1631 3594 3266 1084 189 2182 3866 3642 2547 940 471 463 3557 1382 1084 1607 24654 5644 343
is_linear=0
shrinkage=0.08


Tree=59
num_leaves=45
num_cat=0
split_feature=23 19 19 2 17 20 2 17 8 1 9 12 17 16 15 17 15 20 4 9 14 16 18 20 14 8 23 15 6 20 23 16 9 8 9 18 15 18 23 8 22 17 17 2
split_gain=223.969 85.4857 74.1665 49.3487 43.9255 48.2201 22.0998 32.6956 18.964 21.6882 18.3485 30.0518 18.3298 16.9109 13.4072 13.1515 14.3727 11.4669 11.195 11.1736 10.1595 21.8779 16.0481 10.0653 15.7984 9.92459 8.62979 8.60282 8.42083 8.36757 14.6125 36.4235 7.98422 11.8031 8.30064 7.96176 7.27389 7.20622 7.20177 7.01614 6.90937 9.63856 6.75299 6.29713
threshold=0.74774703539241416 0.15476190476190479 0.41428571428571431 0.79961001642036134 0.6654088050314465 0.65929995929995944 0.48498332025117746 0.57197382769901872 0.38013136288998362 0.30210618692408958 0.85329985652797713 0.089719939627704207 0.64425612052730707 0.73090185676392583 0.65963016597972601 0.97444063367630263 0.50581473968897916 0.58847248576850109 0.91331186258722508 0.51538825757575768 0.68990384615384626 0.81264269406392708 0.87750000000000006 0.29222126188418329 0.05634920634920635 0.29459980713596917 0.63403011357476335 0.62532051282051293 1.0000000180025095e-35 0.97234964322120299 0.91515281237027823 0.96881944444444457 0.50384615384615394 0.3417843388960205 0.6906926406926408 0.74166666666666681 0.56265703517587951 0.65476190476190488 0.85169649398220837 0.50316455696202544 1.0000000180025095e-35 0.36117229564366138 0.38477631155455427 0.7854750512645251
decision_type=2 2 2 2 2 2 2 2 2 2 2 2 2 2 2 2 2 2 2 2 2 2 2 2 2 2 2 2 2 2 2 2 2 2 2 2 2 2 2 2 2 2 2 2
left_child=2 12 4 6 5 14 10 26 9 -9 11 27 17 35 23 16 32 28 29 -10 21 -18 -22 -1 -25 -13 37 -4 -2 43 38 -32 33 -6 -34 39 -19 -8 -31 -7 41 -12 -5 -14
right_child=1 -3 3 42 15 13 7 8 19 -11 40 25 18 -15 -16 -17 20 36 -20 -21 22 -23 -24 24 -26 -27 -28 -29 -30 30 31 -33 34 -35 -36 -37 -38 -39 -40 -41 -42 -43 -44 -45
leaf_value=0.0089217846233104522 0.080293120730532921 0.075915817408120048 -0.090535631762175828 0.0082368917490393753 0.038102969460777472 -0.074147014184634874 -0.07300336910248853 0.018666873547341895 0.086785678704522168 -0.04230006087404773 -0.13898474084825083 0.010702900173242299 -0.047678701299155045 0.63651775346880046 0.31187513398004862 0.054346491079220176 -0.022590391118772465 -0.074119438024666848 0.073347264284053845 0.017358095426765995 -0.091870504432565808 0.019934867424975987 0.043410625524864792 -0.078779947054238894 -0.013361011056119327 0.078167797227491079 0.07865417073544119 -0.0012531870549363441 0.0045226592964394321 0.026779125824092843 -1.4883918609093507 0.080365256618588884 -0.060469317838804867 0.20234922233850519 0.021830744515067165 0.14953310442901713 0.026226173931363422 0.10234652809133231 -0.11078764681209796 -0.042257435322695693 0.065316179377438013 0.031879555544763835 0.077182974547494357 0.046207596082861714
leaf_weight=81.110692316666245 10.039162224624304 351.98969036759809 24.562736852094531 10.289218625519423 13.726136285811664 170.75359146110713 58.264098054263741 70.773285952396691 19.969003773294389 79.05905829090625 2.1565116690471759 150.52102006971836 5.1830395180732003 0.22021139599382777 0.81169637013226648 23.371016485616565 256.95669177733362 18.612227446399633 45.561732386704534 57.713509601540864 22.538127101957802 110.81918371701613 7.4729388672858468 29.279222921002656 122.35722144297324 15.381270643323658 2.6645898642018429 9.6090264311060292 144.54191828425974 6.4453565725125337 0.15296421339735466 0.2487709391862154 9.1001267652027291 3.5178035469725719 56.782641673460603 1.1031544543802727 6.15124189807102 1.5395832918584336 3.9148280168883502 59.55547951743938 46.718278327491134 104.60196226788685 78.135054836980999 38.790210301987827
leaf_count=1028 1561 52386 558 92 71 18528 4779 880 597 1149 22 2961 185 2 6 479 4038 1219 5903 1359 244 1298 171 2223 3920 328 32 183 1751 334 19 30 180 65 721 8 89 11 228 5002 1475 2783 7633 3428
internal_value=0.00900177 0.0496833 -0.0061006 0.013122 -0.0206137 -0.0383434 0.00542209 -0.0109475 0.00312829 -0.0135023 0.0188485 0.00288636 0.0166639 -0.0642069 -0.0126933 -0.00425846 -0.00710649 0.00134705 0.0440524 0.0352051 -0.0134287 -0.00977657 -0.0581847 -0.0138252 -0.0259926 0.0169578 -0.0622128 -0.0654296 0.00944352 0.0196672 -0.0435602 -0.516953 0.0231473 0.0716096 0.010463 -0.0648737 -0.0491936 -0.0684892 -0.0252036 -0.0659007 0.0396568 0.0284281 0.0691603 0.0351414
internal_weight=2333.07 631.631 1701.43 731.958 969.476 465.191 643.534 289.983 227.515 149.832 353.551 200.074 279.641 231.632 233.559 504.285 480.914 179.345 100.297 77.6825 397.787 367.776 30.0111 232.747 151.636 165.902 62.4683 34.1718 154.581 54.7352 10.7619 0.401735 83.1267 17.2439 65.8828 231.412 24.7635 59.8037 10.3602 230.309 153.477 106.758 88.4243 43.9732
internal_count=129959 67133 62826 24842 37984 30717 17117 8807 3985 2029 8310 4030 14747 23540 7177 7267 6788 4620 10127 1956 5751 5336 415 7171 6143 3289 4822 741 3312 4224 611 49 1037 136 901 23538 1308 4790 562 23530 4280 2805 7725 3613
is_linear=0
shrinkage=0.08


Tree=60
num_leaves=45
num_cat=0
split_feature=23 19 18 20 11 10 3 5 10 8 4 14 2 17 19 8 1 20 17 23 6 23 8 16 20 17 6 9 9 6 5 20 14 20 15 2 23 20 8 2 8 9 0 3
split_gain=201.298 82.8816 65.884 45.4243 44.3641 27.33 54.7136 37.9804 33.7121 30.1318 22.0793 19.2069 16.6801 16.6683 14.5887 13.9288 10.9864 9.94436 9.34359 9.29169 14.6142 9.71915 11.1662 11.0544 8.28905 11.8226 7.87931 7.8759 7.8436 7.19651 16.8909 6.98063 6.53715 9.12828 6.38143 6.32317 5.873 7.59216 6.56713 5.76431 5.44081 9.35924 5.27084 8.0991
threshold=0.74774703539241416 0.15476190476190479 0.324561403508772 0.6631006864988559 1.0000000180025095e-35 0.22500000000000003 0.56465997770345611 0.30068493150684933 0.63333333333333341 0.13484848484848486 0.44092721834496518 0.63818181818181829 0.49285418882193083 0.64425612052730707 0.35416666666666669 0.22048611111111113 0.87007672634271105 0.58847248576850109 0.5884899414311181 0.60987836607035473 1.0000000180025095e-35 0.31930420511692098 0.47722567287784684 0.43218209692530452 0.38496824276640801 0.38477631155455427 1.0000000180025095e-35 0.92380261248185791 0.86425061425061445 1.0000000180025095e-35 0.91024165707710025 0.73183303997988436 0.059714795008912663 0.22749774977497753 0.56265703517587951 0.93075498575498583 0.24193611793611799 0.86692708333333346 0.44610281923714762 0.43420765967205593 0.40253164556962034 0.86602564102564117 0.76388888888888895 0.99494949494949514
decision_type=2 2 2 2 2 2 2 2 2 2 2 2 2 2 2 2 2 2 2 2 2 2 2 2 2 2 2 2 2 2 2 2 2 2 2 2 2 2 2 2 2 2 2 2
left_child=2 13 3 19 5 6 7 11 9 27 -9 -4 -11 17 29 31 -15 26 -5 21 -21 24 -23 -24 25 -1 -2 -7 -26 -6 -31 -8 33 -22 -19 -32 -20 38 -38 -17 41 -3 43 -28
right_child=1 40 4 18 14 8 15 10 -10 12 -12 -13 -14 16 -16 39 -18 34 36 20 32 22 23 -25 28 -27 42 -29 -30 30 35 -33 -34 -35 -36 -37 37 -39 -40 -41 -42 -43 -44 -45
leaf_value=-0.019149460108017869 0.080270668898083986 -0.23420561574476384 -0.0009678152428678502 -0.069859184929184248 0.038183695842994768 -0.024975198658248963 -0.29182934604628308 -0.04599507474262908 0.054934491935038604 0.065679290675950311 0.057307998248063922 0.032714286860904662 -0.075851602259866896 0.016657710929183014 0.073161726874900412 0.27662528750791382 0.070744331838196436 -0.070299024858815451 0.32018633840175581 0.089016310811314878 0.0066997468160196506 -0.076782401264467406 -0.020882556842905169 0.20334165177616542 -0.054924543682051186 0.11645562739323642 -0.1309761890419795 0.12417875723129006 0.024455337825118498 -0.29345923434073973 -0.032035054620823684 -0.023389525462790814 0.06359462678178654 -0.063133234930651497 0.02436481372542508 0.065017545396362564 -0.038130996398693127 -0.095199068959088196 0.13482994523758432 0.075625701828466022 0.076374027217401858 0.085091458292933395 0.016239178582368542 -0.0071260235239422251
leaf_weight=8.1455529015511292 9.2698019933886808 0.98353730840608422 665.34440698428079 163.87971456348896 43.750580964609981 3.3572151227854174 0.81012328807264511 155.17216425109655 21.573688978794962 5.6485589621588579 14.476939338725058 129.43060381338 94.315203445963562 50.115229410585016 66.509402057155967 0.92597680445760389 46.187302081845701 18.076756816823039 0.37967179296538134 13.064378493465481 43.639315266162157 33.01472185458988 30.955425020772964 1.4741970538161684 18.296509539242834 8.3150635380297881 3.6163451531901947 6.9691187227144837 14.110664819367228 1.3422971628606344 13.032120985910298 2.6415680041536689 8.218967976048587 16.512809384148568 6.0939482208341351 6.4093648637644938 2.5857877591624838 3.4139008768834174 3.0765300774946809 65.865059035364538 324.29447536589578 1.4592154724523423 88.829056721180677 51.549060098826885
leaf_count=87 1561 30 8765 21630 1921 49 7 4685 829 100 255 4148 3337 3881 7576 12 6246 1219 3 478 218 2929 782 33 1037 40 29 48 357 16 345 82 110 838 89 157 181 249 19 1503 52299 57 1278 444
internal_value=0.00855934 0.0482736 -0.0057492 -0.0355729 0.00273387 -0.00222406 0.00214738 -0.00281744 -0.0365245 -0.0544146 -0.0371797 0.00451738 -0.0678542 0.015802 0.0468685 0.0703139 0.042598 0.00125854 -0.0653976 -0.0091629 0.0114875 -0.0238742 -0.0440315 -0.0106897 0.0031208 0.0493513 0.00877967 0.075687 -0.0203611 0.0197706 -0.0189895 -0.0863932 -0.00332674 -0.0124706 -0.0464323 -3.92736e-05 0.0119265 -0.000968516 0.0558446 0.0784123 0.0754781 -0.0434687 0.00417736 -0.015245
internal_weight=2267.13 600.475 1666.66 369.083 1297.57 1166.53 1034.67 964.424 131.864 110.29 169.649 794.775 99.9638 273.738 131.044 70.2427 96.3025 177.435 173.336 195.748 81.4355 114.312 65.4443 32.4296 48.8678 16.4606 153.264 10.3263 32.4072 64.5344 20.7838 3.45169 68.3711 60.1521 24.1707 19.4415 9.45589 9.07622 5.66232 66.791 326.737 2.44275 143.994 55.1654
internal_count=129959 67133 62826 28991 33835 23820 19457 17853 4363 3534 4940 12913 3437 14747 10015 1604 10127 4620 22082 6909 1644 5265 3744 815 1521 127 3312 97 1394 2439 518 89 1166 1056 1308 502 452 449 200 1515 52386 87 1751 473
is_linear=0
shrinkage=0.08


Tree=61
num_leaves=45
num_cat=0
split_feature=23 14 19 2 17 20 2 17 3 1 5 15 17 19 4 8 4 9 9 16 8 22 15 5 23 3 18 16 3 5 4 9 16 6 19 9 3 23 20 20 14 18 18 15
split_gain=181.057 67.87 67.6242 54.7341 37.2457 46.386 18.5788 30.3797 23.4443 19.3506 16.2711 11.5754 12.1343 11.5213 12.2071 11.4162 18.8892 11.6992 11.201 10.9573 17.5151 11.9679 10.7725 10.1926 15.0954 12.5104 10.1344 9.86009 9.17906 28.6719 31.5861 8.81865 8.54165 8.34822 8.26009 8.20542 9.52221 8.00918 7.82001 7.32865 16.3644 6.87083 6.72295 6.11234
threshold=0.78198099116213271 0.21240601503759401 0.41428571428571431 0.79961001642036134 0.6654088050314465 0.65929995929995944 0.42577314326540344 0.57197382769901872 0.36237373737373746 0.30210618692408958 0.075710532600907585 0.43379868681073502 0.96015873015873021 0.35416666666666669 0.91331186258722508 0.041241496598639467 0.10063291139240506 0.65933268858800786 0.86159003831417635 0.47921466973886334 0.50316455696202544 1.0000000180025095e-35 0.65963016597972601 0.25677655677655675 0.35275503733516239 0.45512082853855013 0.77350427350427364 0.73090185676392583 0.82167318982387483 0.91331186258722508 0.83250825082508273 0.407785336356765 0.81977395377252837 1.0000000180025095e-35 0.15476190476190479 0.33558558558558566 0.47140522875816998 0.63403011357476335 0.59585213840533002 0.29222126188418329 0.05634920634920635 0.62019230769230782 0.18898809523809526 0.40586884775434073
decision_type=2 2 2 2 2 2 2 2 2 2 2 2 2 2 2 2 2 2 2 2 2 2 2 2 2 2 2 2 2 2 2 2 2 2 2 2 2 2 2 2 2 2 2 2
left_child=2 33 4 6 5 22 10 35 26 -10 18 31 15 14 28 17 -17 -13 -4 -7 27 -22 39 25 -25 -12 -9 -21 29 32 -31 -6 -3 -2 -33 36 -8 -37 -35 -1 -41 -36 43 -5
right_child=1 13 3 42 11 19 7 8 9 -11 23 12 -14 -15 -16 16 -18 -19 -20 20 21 -23 -24 24 -26 -27 -28 -29 -30 30 -32 34 -34 38 41 37 -38 -39 -40 40 -42 -43 -44 -45
leaf_value=0.0062187243892577963 0.08033308080667953 -0.25905657606409471 -0.061452584105239023 -0.036795516405582415 0.14208488404325109 -0.077695479702225859 -0.057829049800824046 -0.079350704906642422 0.049952329405434343 -0.00024733787215149483 0.025963244157415338 -0.10590005304653048 0.041290687410060561 0.078085719262516382 0.072960253232544167 -0.05024634023036921 -0.0058673875068620531 0.04334476422966918 0.03207817315861252 -0.062494410674298687 -0.061064602342201665 0.05926182222800358 0.27412861013434925 0.31681047087069508 0.062871050943053328 -0.18748414387588702 -0.0091123664405443981 0.36725046963204216 0.030856259533064145 0.080707608040178055 -0.81888840835004684 0.056489243305079907 0.038423004408960203 0.0054247707195868569 -0.077946046585675777 -0.070276317981694369 0.15893306801692358 0.072711339241134182 -0.065655769716883 -0.078187688145455472 -0.010045576234355679 0.033992139761353568 0.075902292334089447 0.095455518968169811
leaf_weight=91.730276400223374 8.7898081056773645 0.70680112158879538 23.850509768351912 6.7461299207061511 4.6289008152671149 119.41910300543532 2.8665502108633509 25.911408931948245 71.687431108206511 156.27832074626349 230.25016700197011 3.693062816746532 31.41849231114611 257.34883694909513 51.253832861315459 75.822231996804476 322.29239471117035 37.446114037185907 12.483850063756107 74.98373583657667 8.0061826079618186 15.594899425283074 0.84722441248595615 1.7523510917089868 10.329017376061527 1.7709167036227871 26.688562319613993 0.34325997717678447 40.628907172009349 0.41816971916705348 0.62037285324186087 20.870239570736885 4.9026390817016363 128.49438196141273 7.1326773194596154 58.246649053879082 2.3688890980556607 2.6198612991720429 10.733137751463799 27.562630172818899 124.15311219124123 6.9084869618527591 90.189751673489809 3.3459029197692871
leaf_count=1275 1549 63 502 58 22 17035 160 366 926 3641 5906 55 758 46441 6977 493 6156 209 322 7068 198 199 6 32 152 36 294 2 3687 28 36 321 318 1696 93 5190 74 38 318 2313 3991 124 10814 17
internal_value=0.00812668 0.0502442 -0.00435562 0.0140957 -0.0181514 -0.0345897 0.00532007 -0.00706476 0.00443039 0.0155387 0.0206298 -0.00324571 -0.00673827 0.0691791 0.0459162 -0.0101736 -0.0143195 0.0299471 -0.0293171 -0.0613841 -0.0416941 0.0184436 -0.0106411 0.0280644 0.0997039 0.0243341 -0.0437127 -0.0605361 0.0165972 -0.0705468 -0.456666 0.0383283 0.000939959 0.00471886 0.0245712 -0.0558553 0.0402497 -0.0641217 -5.48732e-05 -0.0116322 -0.0224251 -0.0228706 0.0689733 0.00705087
internal_weight=2204.14 503.897 1700.24 727.386 972.853 462.64 627.104 346.668 280.566 227.966 280.437 510.213 470.672 355.88 98.5307 439.254 398.115 41.1392 36.3344 218.347 98.9281 23.6011 244.293 244.102 12.0814 232.021 52.6 75.327 47.2769 6.64798 1.03854 39.5403 5.60944 148.017 34.9114 66.1019 5.23544 60.8665 139.228 243.446 151.716 14.0412 100.282 10.092
internal_count=129959 61113 68846 28528 40318 32087 17639 10689 5227 4567 6950 8231 7671 57550 11109 6913 6649 264 824 24502 7467 397 7585 6126 184 5942 660 7070 4132 445 64 560 381 3563 538 5462 234 5228 2014 7579 6304 217 10889 75
is_linear=0
shrinkage=0.08


Tree=62
num_leaves=45
num_cat=0
split_feature=23 14 18 22 8 2 12 19 2 20 16 15 16 18 3 3 5 2 16 2 8 22 8 9 19 4 9 8 16 8 9 17 6 8 15 20 3 12 2 16 20 2 9 8
split_gain=162.721 65.0634 59.3549 46.4065 32.047 30.1566 24.9842 24.6415 20.9655 18.8002 22.9445 17.9213 16.1955 16.1296 16.4671 14.2468 16.7066 14.1864 19.4312 13.7294 13.6201 12.1823 13.1077 14.0242 11.93 11.6813 9.99602 11.6633 10.4106 9.46336 9.15398 8.62301 7.73625 7.58577 7.30687 7.0051 7.00332 13.4741 39.6827 7.76833 6.62535 6.08348 13.1543 5.87192
threshold=0.78198099116213271 0.21240601503759401 0.74166666666666681 1.0000000180025095e-35 0.062019230769230778 0.77832221734599727 0.083771929824561456 0.43650793650793657 0.72790526033279668 0.65481458069953657 0.87526824034334771 0.25068306010928965 0.47921466973886334 0.58578431372549034 0.11566332218506133 0.10367218987908645 0.091431556948798384 0.42577314326540344 0.57205789804908758 0.47220653742392876 0.076197387518142215 1.0000000180025095e-35 0.042781972088766836 0.28232998885172805 0.35416666666666669 0.91331186258722508 0.23582887700534763 0.18321678321678322 0.86752489409693589 0.050316455696202585 0.73401360544217698 0.60041152263374498 1.0000000180025095e-35 0.38327018361993598 0.39755294469804686 0.95720390720390736 0.82167318982387483 0.82870012870012877 0.91386714686914927 0.82200184889486516 0.59585213840533002 0.3730576441102757 0.84877072612921689 0.86425061425061434
decision_type=2 2 2 2 2 2 2 2 2 2 2 2 2 2 2 2 2 2 2 2 2 2 2 2 2 2 2 2 2 2 2 2 2 2 2 2 2 2 2 2 2 2 2 2
left_child=2 32 3 4 6 21 41 9 17 20 12 43 -11 19 -15 29 -17 -9 -19 -13 34 22 30 -24 25 36 27 28 -23 -8 -4 -25 -2 -22 -5 -12 37 39 -39 -3 -34 42 -1 -6
right_child=1 24 5 7 11 -7 15 8 -10 10 35 13 -14 14 -16 16 -18 18 -20 -21 33 26 23 31 -26 -27 -28 -29 -30 -31 -32 -33 40 -35 -36 -37 -38 38 -40 -41 -42 -43 -44 -45
leaf_value=-0.0805750606506168 0.080308009095772695 -0.19091384707574793 -0.067371561125584664 0.0065033869758860802 0.075781266840173528 0.070932788944040134 0.032665573744805637 0.042223249308019579 0.06777421452780194 -0.075072764251715857 0.083991289540957817 -0.029111294227915474 -0.020876327009373696 -0.11890622744232009 -0.012894698455350892 -0.091976707976878583 0.0034626415692423917 -0.041008573686482828 0.024957281269715425 -0.07235327004622788 -0.033903391646047137 -0.37647631724731634 0.064245186587880129 0.11127304310953053 0.077891089320939855 0.072119477866956702 0.035664474022972452 0.0044621797682891607 -0.044298006181046679 0.18902117297848983 0.062022662428148599 -0.01190684666107592 0.0050154579787374696 0.011158429868593223 0.091600767857683521 -0.090756216027027062 0.02923002697727406 -0.83054643361021718 0.080526321138448889 0.038123374114444844 -0.060439830348767071 -0.089559337913273918 0.09335963699072343 -0.0065913335425774105
leaf_weight=7.9374625757336599 8.116446032188831 1.1762320478446771 3.9396071452647439 10.060732959769668 6.5873136767186216 63.037644231691957 60.831582457758486 56.780253895558417 51.425500802462921 45.683269677683711 14.41518540447578 64.279468445573002 155.08854116033763 10.394155163317917 95.880133580882102 13.557437748182563 87.494329330977052 54.923550552688539 59.58021245803684 174.72194036655128 32.304847095161676 1.1478978712111696 17.57622496644035 3.6969632101245216 238.13299745135009 47.842860236763954 137.59702515788376 6.3806884461082518 1.2739754663780329 2.5825918372720471 31.296194557100534 224.74621528876014 127.88861736189574 91.995592971798033 18.031922177411616 1.6346416305750597 39.505830863956362 0.51905713975429513 0.74529242794960737 4.8791321725584567 10.727030062582342 22.776670832652599 4.2850248087197542 34.787174286786467
leaf_count=425 1549 65 46 108 287 9034 633 846 3272 6912 256 2706 5747 63 1701 379 1201 2939 691 17699 1283 11 184 22 46441 6977 3356 202 50 37 1050 4051 1696 2405 126 33 3687 20 66 294 318 776 28 287
internal_value=0.00770167 0.0487742 -0.00410109 -0.0138386 -0.0297953 0.0192765 -0.00375063 0.00196138 0.0229779 -0.0107157 -0.0258501 -0.0432312 -0.0332081 -0.0491933 -0.0232632 0.00931048 -0.00934182 0.00952845 -0.00668429 -0.0607233 0.0108171 0.0116622 0.00192067 -0.00461532 0.0683409 0.0443181 0.0303772 -0.0522711 -0.201741 0.0390333 0.0475555 -0.00991339 0.00439506 -0.000552834 0.0611251 0.0661936 0.0159127 -0.0559633 -0.293499 -0.00636626 -4.99214e-05 -0.0651266 -0.0195961 0.00652337
internal_weight=2148.27 479.533 1668.73 1178.04 586.115 490.692 199.465 591.924 222.71 369.215 216.822 386.65 200.772 345.276 106.274 164.466 101.052 171.284 114.504 239.001 152.393 427.655 281.255 246.019 332.801 94.6684 146.4 8.80256 2.42187 63.4142 35.2358 228.443 146.732 124.3 28.0927 16.0498 46.8255 7.31971 1.26435 6.05536 138.616 34.9992 12.2225 41.3745
internal_count=129959 61113 68846 50840 26222 18006 3479 24618 7748 16870 12948 22743 12659 22169 1764 2250 1580 4476 3630 20405 3922 8972 5353 4257 57550 11109 3619 263 61 670 1096 4073 3563 3688 234 289 4132 445 86 359 2014 1229 453 574
is_linear=0
shrinkage=0.08


Tree=63
num_leaves=45
num_cat=0
split_feature=23 14 18 11 20 10 3 5 10 9 2 4 9 19 8 19 4 17 23 3 2 6 8 20 2 23 6 23 8 6 20 17 20 22 15 20 9 7 5 9 20 4 3 4
split_gain=145.942 62.2655 53.7006 48.6131 40.6162 23.7549 48.8459 30.7092 30.0904 29.3946 25.4162 19.481 15.9505 15.5705 12.7598 12.2849 11.2077 9.4584 15.2104 7.7838 7.38675 7.1674 6.71237 8.02333 6.50043 6.35123 14.2688 8.12491 10.0954 9.61489 6.84781 9.82164 7.44992 6.22062 9.66734 7.47458 5.92611 9.86705 14.8493 6.34898 5.76319 5.75288 12.7056 5.67173
threshold=0.78198099116213271 0.21240601503759401 0.324561403508772 1.0000000180025095e-35 0.6631006864988559 0.22500000000000003 0.56465997770345611 0.30068493150684933 0.53571428571428581 0.80600358422939078 0.62247571057639717 0.44092721834496518 0.96922348484848497 0.35416666666666669 0.36491677336747763 0.35416666666666669 0.88273491214667699 0.55891487029594467 0.25039995174945912 0.88047619047619052 0.58229694688028033 1.0000000180025095e-35 0.44610281923714762 0.86692708333333346 0.43420765967205593 0.60987836607035473 1.0000000180025095e-35 0.31930420511692098 0.45534290271132383 1.0000000180025095e-35 0.38496824276640801 0.38477631155455427 0.65069803021610262 1.0000000180025095e-35 0.49189094415709655 0.98473193473193488 0.69604037267080754 0.64583333333333337 0.89009661835748799 0.73401360544217698 0.73931311655096832 0.75123762376237635 0.62258652094717681 0.59491634491634493
decision_type=2 2 2 2 2 2 2 2 2 2 2 2 2 2 2 2 2 2 2 2 2 2 2 2 2 2 2 2 2 2 2 2 2 2 2 2 2 2 2 2 2 2 2 2
left_child=2 21 4 5 25 6 7 12 9 19 -11 -9 -4 33 20 16 36 -6 -19 -7 -8 -2 -20 -24 -16 27 -27 30 -29 -30 31 -1 -32 34 -5 -36 -3 39 -39 -38 -23 -10 -43 -35
right_child=1 15 3 13 17 8 14 11 41 10 -12 -13 -14 -15 24 -17 -18 18 22 -21 -22 40 23 -25 -26 26 -28 28 29 -31 32 -33 -34 43 35 -37 37 38 -40 -41 -42 42 -44 -45
leaf_value=-0.017518584435087369 0.080284790308271806 0.064445553269289163 0.00030210927835350946 -0.10626754871027146 -0.069390325684812709 -0.11025329456258776 -0.042037844502458156 -0.042911930318154372 0.067446705482377384 0.054823746190058122 -0.054182648829914991 0.054419945558790983 0.039044910689716369 0.073337755917031788 0.31711248733344721 0.077684091580972781 0.067656877943035112 0.36617283565308512 -0.066603500273431065 0.083460004464228285 0.058401886717836318 0.0039381815601302311 0.10555545866569842 -0.10082066351858698 0.085062837739518629 0.08482583009491608 -0.0052994419150104314 -0.076151266687589675 0.049954371502951588 -0.042120190528631023 -0.026484727553878772 0.1077352413730146 0.17172784048449527 0.078665818166132204 0.030190017008458858 -0.12035469060327576 -0.16257989846622825 -0.24281923346340847 -0.019443206283852314 0.046799052535244086 -0.067111546361416613 -0.59666616762089686 0.0022437650826899998 0.020889069330251839
leaf_weight=7.8970876401290324 7.494502890855073 9.9935358921065909 698.62327736755833 5.2666690690675777 136.60839256783947 41.457019720226526 8.8125707963481563 147.54502489231527 18.392798989079896 20.567687319591641 40.935230650007725 14.449677630793301 75.344758844468743 71.832949349656701 0.78503065137192507 220.386990764644 50.866341188317165 0.68507838342338701 8.1927459836006147 1.371473436243831 10.008242223411797 130.32544561848044 4.1495773382484904 1.6993779214099047 48.829363075550646 13.049154066480694 81.219775650184602 27.789325977209955 11.094830516260116 20.991627980489284 29.699344677850608 8.133007509633897 1.2652849201112975 15.555057287681846 19.929148306138817 2.3607826274819663 0.98510171612724917 2.2995264334604153 11.091069733258337 15.679298015311359 7.7406233325600615 0.23460706882178683 6.7260805410332978 36.134142579045147
leaf_count=87 1549 1028 11458 131 21879 1667 117 4685 905 420 1480 257 1455 10653 6 46441 7842 26 1009 67 213 1769 48 35 1401 640 1394 2886 297 561 1273 40 121 548 1065 99 66 92 919 1162 245 7 379 1537
internal_value=0.00730022 0.0472814 -0.00385362 0.00373313 -0.0315158 -0.0019458 0.00221461 -0.00255587 -0.0341678 -0.0531642 -0.0177289 -0.0342301 0.00407367 0.0463625 0.0674586 0.0674768 0.0427334 -0.0628237 -0.00191015 -0.10405 0.0113724 0.00409077 -0.0198685 0.0455941 0.0887345 -0.00796001 0.00717613 -0.0213114 -0.0408534 -0.0102827 0.00358703 0.04603 -0.0183853 0.0219105 -0.00878722 0.0142454 0.0110776 -0.00666767 -0.0578029 0.0344218 -4.51953e-05 0.0440035 -0.0179422 0.0382761
internal_weight=2094.5 456.862 1637.64 1285.16 352.475 1134.08 1004.4 935.963 129.685 104.331 61.5029 161.995 773.968 151.079 68.4352 311.302 90.9149 151.335 14.7268 42.8285 18.8208 145.561 14.0417 5.84896 49.6144 201.139 94.2689 106.871 59.8758 32.0865 46.9947 16.0301 30.9646 79.2458 27.5566 22.2899 40.0485 30.055 13.3906 16.6644 138.066 25.3535 6.96069 51.6892
internal_count=129959 61113 68846 38550 30296 24517 19592 17855 4925 3634 1900 4942 12913 14033 1737 57550 11109 22997 1118 1734 330 3563 1092 83 1407 7299 2034 5265 3744 858 1521 127 1394 3380 1295 1164 3267 2239 1011 1228 2014 1291 386 2085
is_linear=0
shrinkage=0.08


Tree=64
num_leaves=45
num_cat=0
split_feature=16 3 9 8 12 19 19 12 20 9 20 16 3 8 0 23 8 16 22 20 18 8 9 3 0 9 9 7 15 12 7 20 20 0 3 3 1 16 7 5 8 2 20 8
split_gain=133.471 63.3766 42.7527 30.6169 41.6902 23.9551 23.2037 16.1497 17.8406 17.7517 14.3944 24.388 13.9796 13.6418 13.1323 20.3945 12.3538 12.1806 11.487 13.0308 10.9038 13.1955 13.7026 12.6612 14.8971 35.1596 13.9315 13.9203 12.3439 10.8407 10.642 10.5122 10.2641 10.021 13.4474 11.1713 9.51725 9.18425 8.64575 8.61947 8.59102 8.57295 7.30804 7.06958
threshold=0.81977395377252837 0.81872946330777663 0.90661337209302328 0.39718309859154938 0.31287650602409645 0.41428571428571431 0.41428571428571431 0.089719939627704207 0.72374686716791992 0.84877072612921689 0.71806526806526816 0.64468247063940853 0.54110360360360377 0.57321428571428579 0.095454545454545472 0.60987836607035473 0.13484848484848486 0.61266468780919658 1.0000000180025095e-35 0.75091240875912424 0.60769230769230786 0.076197387518142215 0.74388789505068587 0.48934240362811798 0.087121212121212141 0.80600358422939078 0.82650501672240806 0.13392857142857145 0.80070921985815613 0.10762548262548262 0.29285714285714287 0.44586453923803326 0.98156642881413536 0.087121212121212141 0.88047619047619052 0.4673758865248227 0.3163105784262637 0.91683135704874841 0.18333333333333338 0.1680790960451978 0.062019230769230778 0.38420085139318899 0.26639784946236561 0.41444372153545878
decision_type=2 2 2 2 2 2 2 2 2 2 2 2 2 2 2 2 2 2 2 2 2 2 2 2 2 2 2 2 2 2 2 2 2 2 2 2 2 2 2 2 2 2 2 2
left_child=2 20 3 4 7 18 10 9 29 -1 -4 -12 36 16 -14 -16 31 -10 19 -5 32 22 28 26 -25 -26 37 -28 -22 -9 42 40 -2 35 -35 -20 -7 -23 -18 -3 -8 -13 -6 -40
right_child=1 39 6 5 30 12 13 8 17 -11 11 41 14 -15 15 -17 38 -19 33 -21 21 23 -24 24 25 -27 27 -29 -30 -31 -32 -33 -34 34 -36 -37 -38 -39 43 -41 -42 -43 -44 -45
leaf_value=-0.066911949604607862 0.077927949957493609 -0.6276539425152291 0.013544752399633257 -0.010330964053612723 0.033392354655024256 0.096597215907739592 -0.046608673343475307 -0.015793200317350063 -0.051988545304148114 0.019178934578153877 -0.058134053308187508 -0.17318895194033629 0.10653650301319108 0.071328331300747547 -0.051596499881604994 0.063109455530031625 -0.038601336574185838 -0.010949399838357994 -0.084025215242352264 -0.070293156971874271 -0.18629957023098126 -0.017919288928781477 0.060456484604117636 0.058625967633253943 -0.11905113997426386 0.03678847010243988 -0.080184312733003638 0.085745704440341242 0.025125437810772998 0.019808209058259488 0.12923152422326795 0.060658891331778708 -0.17333175939181547 -0.057123206046096754 0.010720554119733348 0.074351789270733187 -0.070491400461694262 0.025944131569390346 0.15595160233546537 0.07137792632400379 0.066660629600173868 0.027851819618701153 -0.069678017238242004 -0.01263363011742288
leaf_weight=65.030379971954972 24.564327123574916 0.11294618435203929 205.55620417604223 86.592569145956077 4.5513082146644583 2.7662811032496384 12.880979072302582 87.463147232308984 73.42549593327567 20.056359430775046 56.531574800610542 1.4024465437978495 21.809108333196491 55.098413533531129 13.573242216370998 36.859458476537839 26.484975279308856 125.22678487142548 3.2841603537090149 31.681265608174726 2.8436225056648246 66.419760926626623 53.673884946387261 48.711053210310638 12.577721957117317 35.184355650329962 25.547480536624793 3.7050547460094085 4.6694413982331753 146.31020950665697 1.8043033573776472 49.598992298357189 1.0865597072988737 23.167060255538672 96.930992950219661 21.579256223049015 10.324288773350416 56.570983940735459 2.9493180243298402 239.15206103119999 6.422121168114244 42.364516972564161 134.78024576185271 3.4591159047558904
leaf_count=2257 540 9 6192 2326 28 33 256 1018 6879 255 5222 8 958 8350 541 4770 1271 1415 284 2811 36 505 2972 1586 616 4656 371 72 108 3154 15 925 20 940 3832 541 395 732 42 47956 82 2058 12766 156
internal_value=0.00690508 0.03959 -0.00587613 -0.0151237 -0.0252705 0.00404936 0.0142522 -0.0147596 -0.00849076 -0.0466189 0.00142172 -0.0234238 0.0408843 0.0392643 0.054668 0.032238 0.0219091 -0.0261182 -0.00789134 -0.0263927 0.0171591 0.0130101 0.0462924 0.00482234 0.027497 -0.00425052 -0.00954607 -0.059168 -0.0548969 0.00648842 -0.0638113 0.041165 0.0672847 0.00720385 -0.00236659 0.0534321 -0.0351825 0.00225619 -0.0184264 0.0710479 -0.0089241 0.0214098 -0.0663112 0.0649534
internal_weight=2044.78 574.819 1469.96 1007.22 658.648 348.568 462.749 517.512 432.426 85.0867 305.855 100.299 85.3324 156.894 72.2418 50.4327 101.796 198.652 263.235 118.274 335.554 309.903 61.1869 248.716 96.4731 47.7621 152.243 29.2525 7.51306 233.773 141.136 68.9021 25.6509 144.961 120.098 24.8634 13.0906 122.991 32.8934 239.265 19.3031 43.767 139.332 6.40843
internal_count=129959 60179 69780 45218 27787 17431 24562 14978 12466 2512 13480 7288 6697 11082 6269 5311 2732 8294 10734 5137 12214 11654 3116 8538 6858 5272 1680 443 144 4172 12809 1263 560 5597 4772 825 428 1237 1469 47965 338 2066 12794 198
is_linear=0
shrinkage=0.08


Tree=65
num_leaves=45
num_cat=0
split_feature=16 3 22 18 20 8 8 14 17 20 2 14 9 9 9 9 15 14 2 16 8 14 12 19 14 18 8 9 3 0 0 9 7 16 19 20 8 2 3 9 16 17 19 9
split_gain=118.272 60.9741 38.0432 29.7628 38.831 25.2519 42.0891 34.4673 29.8479 23.4538 20.1615 14.6073 17.102 12.9342 12.8185 12.6077 12.5871 11.9754 11.8072 11.4589 11.522 12.1348 10.4659 10.1245 9.51733 9.44887 11.9631 12.2235 10.9741 13.1835 28.9349 11.6262 11.7484 10.1515 8.62958 8.55207 8.41264 11.5142 8.33175 9.42726 7.9639 7.77427 7.57524 7.53702
threshold=0.81977395377252837 0.81872946330777663 1.0000000180025095e-35 0.65476190476190488 0.75091240875912424 0.41444372153545878 0.14907407407407411 0.059714795008912663 0.62345301757066474 0.22749774977497753 0.79961001642036134 0.25462962962962971 0.38529014844804327 0.23582887700534763 0.88516483516483524 0.92052631578947375 0.57979590086613519 0.3257575757575758 0.5405998971788446 0.57205789804908758 0.039607843137254913 0.35388994307400384 0.10762548262548262 0.35416666666666669 0.12701612903225809 0.60769230769230786 0.076197387518142215 0.74388789505068587 0.48934240362811798 0.087121212121212141 0.29285714285714287 0.82650501672240806 0.13392857142857145 0.94923064906662513 0.63333333333333341 0.98156642881413536 0.0439613526570048 0.40131073651871624 0.10367218987908645 0.57735042735042741 0.9630868326520502 0.85258609734400825 0.43650793650793657 0.21244358478401035
decision_type=2 2 2 2 2 2 2 2 2 2 2 2 2 2 2 2 2 2 2 2 2 2 2 2 2 2 2 2 2 2 2 2 2 2 2 2 2 2 2 2 2 2 2 2
left_child=2 25 3 4 13 6 15 9 -8 -7 16 12 -10 17 22 43 38 -1 -13 -6 21 -21 -15 24 -9 35 27 33 31 -30 -31 40 -33 34 -27 -2 41 -38 -5 -40 -28 -18 -16 -4
right_child=1 -3 5 10 19 7 8 23 11 -11 -12 18 -14 14 42 -17 36 -19 -20 20 -22 -23 -24 -25 -26 26 28 -29 29 30 -32 32 -34 -35 -36 -37 37 -39 39 -41 -42 -43 -44 -45
leaf_value=0.017097497402061141 0.07356217590107203 0.070285287210162847 -0.094093447312565165 0.06578587390145485 -0.076877600305914701 0.012914179299059478 -0.065547937679297105 0.070390711134753536 0.14072181685755825 -0.062534229197841767 0.0698420989405098 0.000252402765876355 0.0076280684096647804 -0.052481095220075949 -0.0054924263327881875 0.067788083945936398 -0.02243943933485788 0.29996292044175266 -0.055966866514007133 -0.034300382424873377 -0.046135126920160675 0.16448623695959769 -0.014492580574543794 0.066767246183045512 0.016351439059173089 -0.18134034770677121 -0.0092190861518066866 0.058930667882281559 0.055959275580201605 -0.10326507154661314 0.035534579758663629 -0.072240743564303933 0.084414180968610128 0.087147236854134016 0.043644155946196979 -0.14868469479058546 -0.068937143895267616 -0.010559365142107455 0.065150165256983195 -0.0095615768411582633 0.038913299885391765 0.075888873583457056 0.039290647835608657 0.018297185218994375
leaf_weight=2.3865541331470008 23.965987703530121 223.20700919721276 4.0042427037842563 20.468793239444494 97.492355118272826 101.9359248583205 83.535020657349378 27.835528277792037 8.3671344951726514 35.570406132843345 27.92896379949525 68.823856992181391 23.626122705638409 66.604002729989588 95.357596651185304 39.202024061698467 10.062203652225437 1.6001055911183355 36.635758841875941 4.3679648386314502 75.935790219577029 3.5730034597218037 153.11770177236758 83.511744214687496 83.21185950608924 3.5991094354540101 93.596779770217836 50.778367974795401 47.021026364061981 13.42206615814939 33.864395374897867 26.065453838557008 3.4719812907278529 2.3596518710255623 1.5657783644273875 1.1618204731494177 30.969036377966404 71.651082872413099 13.886825509835033 48.770121319917962 28.760803638957441 10.533164294436572 32.38349099853076 82.428116777911782
leaf_count=49 540 47965 132 223 13035 2059 10135 781 84 3532 4887 746 608 1503 3074 627 87 8 737 60 2731 17 6165 9898 4192 25 755 2972 1586 378 4894 371 72 63 56 20 308 1157 82 645 482 185 563 1470
internal_value=0.00652706 0.0379985 -0.0055071 -0.0177136 -0.0281625 0.00828931 -0.00681447 0.0240552 -0.0278337 -0.00660296 0.00605129 -0.00491337 0.0424358 -0.012648 -0.0142919 0.0301578 -0.002583 0.13063 -0.0192777 -0.058226 -0.0365467 0.0551428 -0.026008 0.0457231 0.0298971 0.016136 0.0122451 0.0448299 0.00452874 0.0259639 -0.00386313 -0.00877976 -0.0538267 -0.0503273 -0.113134 0.0632863 -0.0188121 -0.0281768 0.0214731 0.00699698 0.00209469 0.027849 0.00586048 0.0130903
internal_weight=1998.62 552.84 1445.78 767.089 532.819 678.688 346.622 332.065 220.988 137.506 234.27 137.453 31.9933 351.449 347.463 125.634 206.341 3.98666 105.46 181.369 83.8768 7.94097 219.722 194.559 111.047 329.633 304.505 58.3029 246.203 94.3075 47.2865 151.895 29.5374 7.52454 5.16489 25.1278 123.215 102.62 83.1257 62.6569 122.358 20.5954 127.741 86.4324
internal_count=129959 60179 69780 34779 27205 35001 14539 20462 12310 5591 7574 2175 692 11362 11305 2229 2687 57 1483 15843 2808 77 7668 14871 4973 12214 11654 3116 8538 6858 5272 1680 443 144 81 560 1737 1465 950 727 1237 272 3637 1602
is_linear=0
shrinkage=0.08


Tree=66
num_leaves=45
num_cat=0
split_feature=23 19 19 2 18 20 16 7 2 3 0 0 1 3 14 9 16 20 15 17 9 18 9 22 17 14 4 14 20 7 3 23 18 9 8 8 20 18 12 8 9 17 6 15
split_gain=106.345 58.7937 43.1289 36.0823 23.1378 33.584 15.254 19.1374 12.5632 15.9236 25.0553 34.7468 18.1329 14.9536 12.6503 12.2268 11.4191 11.1027 10.2521 10.2076 10.3535 13.3878 12.0929 10.0553 9.56117 8.50064 10.243 8.61492 7.10829 6.95285 20.6985 12.588 6.7784 6.27445 6.22161 8.5486 6.12196 10.8802 6.83831 6.70396 5.98577 5.90884 5.70078 5.06852
threshold=0.78198099116213271 0.15476190476190479 0.41428571428571431 0.79961001642036134 0.39444444444444454 0.38496824276640801 0.49130369026013315 0.22500000000000003 0.531832981832982 0.44281045751633991 0.087121212121212141 0.29285714285714287 0.23845060412224597 0.54110360360360377 0.63818181818181829 0.96824596774193561 0.72024844720496906 0.94297328687572601 0.37053001277139214 0.96015873015873021 0.33558558558558566 0.40588235294117653 0.913664596273292 1.0000000180025095e-35 0.45476087893149514 0.21240601503759401 0.91331186258722508 0.16397849462365593 0.89371116550555463 0.58571428571428574 0.987177379582443 0.91515281237027823 0.18898809523809526 0.33558558558558566 0.11215932914046124 0.27072835547411828 0.41752907286887875 0.65476190476190488 0.1021295089091699 0.050316455696202585 0.97014260249554385 0.66819571865443428 1.0000000180025095e-35 0.40586884775434073
decision_type=2 2 2 2 2 2 2 2 2 2 2 2 2 2 2 2 2 2 2 2 2 2 2 2 2 2 2 2 2 2 2 2 2 2 2 2 2 2 2 2 2 2 2 2
left_child=2 25 4 8 5 33 -7 16 14 12 13 -12 -10 -11 15 23 -8 -14 36 20 21 -20 -22 -4 -3 27 29 42 -9 -27 31 -31 43 -1 -16 -36 37 38 -6 -38 -17 -29 -2 -5
right_child=1 24 3 32 18 6 7 28 9 10 11 -13 17 -15 34 40 -18 -19 19 -21 22 -23 -24 -25 -26 26 -28 41 -30 30 -32 -33 -34 -35 35 -37 39 -39 -40 -41 -42 -43 -44 -45
leaf_value=0.11844579918426522 0.080254484189716188 -0.70490351623056224 -0.011815476699579219 -0.039080881164728964 -0.12504340789749818 -0.064422269101329838 -0.047534883093236634 0.10438196628974757 0.12107514553488324 -0.0039429680369617824 -0.085725692134258777 0.034054386412790356 -0.085548694132469766 0.068968191622931996 0.064575060524876091 0.14215181106007208 0.23217916908175604 0.0031790351035378916 0.15749769632209706 0.037782028109572451 -0.022696371977272107 0.0095191318815802846 0.0074342960430704621 0.019326020321654935 0.075173155452670171 0.049031263543375822 0.068156318381019251 -0.18785542981606465 -0.047618255898473107 -0.10341053060414272 0.038296167407082478 -0.59054816337056326 0.072352850291620016 0.0010160930921563653 -0.0064185281215597932 0.058364577728422684 0.13311617323651614 0.082994381328108449 0.00097304158250760954 0.02812794819798561 0.039950324699601809 0.080637501407930579 0.0015364863307742178 0.083854053701656731
leaf_weight=2.9985659867525092 6.1667071864940217 0.10061056911945243 168.04739898117259 6.5744956913404149 3.9824683573097017 150.86009696370456 39.36389450263232 9.7055576425045711 3.6910442695952943 33.910921226721257 36.023322014836594 27.205553762614727 35.496926893945783 38.375808766810223 37.544316860847175 4.3160153939388719 0.9567844532430162 12.103392091114072 4.1812103185802689 29.244404457043856 338.0070269734133 60.961529285646975 114.00203259103 109.66193925356492 192.39507596136536 14.616478022187946 33.515941782156006 2.4277621051296587 2.4701989549212149 7.5286801666952679 13.264314146246761 0.35552683426067222 67.863232730655 100.93654972594231 29.718058418482542 23.223490891046822 6.7826181780546895 7.5562759474851182 8.9486781139858049 9.135127838701008 24.41387436632067 0.66918127145618189 130.2697824947536 3.1868049609474838
leaf_count=18 1411 1 3172 58 31 22470 4722 125 67 885 1957 1557 1521 1145 3046 74 8 333 60 765 7522 459 2069 2375 48483 1325 5842 44 73 422 1713 18 10814 1494 552 459 34 128 164 176 496 63 1791 17
internal_value=0.00616585 0.0428732 -0.00332916 0.0121449 -0.0148267 -0.0325898 -0.0514973 -0.0143544 0.00533078 -0.0117769 0.00259265 -0.0341878 -0.0497422 0.0347643 0.0133822 0.00562147 -0.0408974 -0.0629878 -0.00546083 -0.00819966 -0.0107999 0.0190172 -0.0150971 0.000481686 0.0747654 0.0134733 0.0363803 0.00209954 0.0735444 0.00660244 -0.0227216 -0.125377 0.063387 0.00440398 0.0396649 0.0219994 0.0356456 0.00672874 -0.0378369 0.0728639 0.0553038 -0.12984 0.00509441 0.0010541
internal_weight=1952.76 401.31 1551.45 661.357 890.093 307.292 203.357 52.4964 583.732 186.807 135.516 63.2289 51.2914 72.2867 396.925 306.439 40.3207 47.6003 582.801 546.396 517.152 65.1427 452.009 277.709 192.496 208.814 69.2809 139.533 12.1758 35.765 21.1485 7.88421 77.6245 103.935 90.4859 52.9415 36.4052 20.4874 12.9311 15.9177 28.7299 3.09694 136.436 9.7613
internal_count=129959 61113 68846 28528 40318 28910 27398 4928 17639 7465 5544 3514 1921 2030 10174 6117 4730 1854 11408 10875 10110 519 9591 5547 48484 12629 9320 3309 198 3478 2153 440 10889 1512 4057 1011 533 323 195 210 570 107 3202 75
is_linear=0
shrinkage=0.08


Tree=67
num_leaves=45
num_cat=0
split_feature=23 19 19 17 20 2 10 3 5 19 3 17 10 5 22 3 4 15 14 8 3 23 23 9 3 14 6 20 7 5 14 7 4 16 9 5 3 7 3 17 3 16 17 14
split_gain=94.7678 56.8379 37.9492 25.129 39.6135 19.9075 21.0155 33.7253 19.9947 19.5901 20.1358 13.4203 12.8953 12.543 10.5965 10.0599 9.88868 9.92426 9.86073 9.7281 14.2242 8.3239 8.07582 7.93112 14.5372 10.2234 9.75982 9.60316 7.89945 14.5954 9.60016 7.568 8.0199 7.50594 6.10128 6.258 16.8222 5.8652 39.7388 5.69683 5.29993 12.8639 20.5279 4.99197
threshold=0.78198099116213271 0.15476190476190479 0.63333333333333341 0.52559423544825024 0.6631006864988559 0.84048199385155919 0.22500000000000003 0.60922587486744451 0.48934240362811793 0.81666666666666676 0.7206557377049182 0.4935886897912215 0.53571428571428581 0.80229885057471273 1.0000000180025095e-35 0.45512082853855013 0.30471628592483424 0.75937646507266765 0.16904761904761909 0.20761494252873566 0.44281045751633991 0.47468430882144147 0.24193611793611799 0.90661337209302328 0.88047619047619052 0.053342816500711245 1.0000000180025095e-35 0.64592551622418892 0.64583333333333337 0.91545844394527276 0.33854166666666669 0.78888888888888908 0.74543037554004665 0.26115373685706172 0.86754385964912295 0.73765182186234834 0.9238026124818578 0.81666666666666676 0.76253132832080206 0.46186166774402071 0.77003205128205143 0.86976018717098869 0.89668856048166401 0.3585714285714286
decision_type=2 2 2 2 2 2 2 2 2 2 2 2 2 2 2 2 2 2 2 2 2 2 2 2 2 2 2 2 2 2 2 2 2 2 2 2 2 2 2 2 2 2 2 2
left_child=2 28 3 4 23 6 7 8 -5 43 14 -12 15 -14 16 -8 17 -11 -9 22 -21 -18 -16 24 33 -25 -26 -27 40 31 -31 32 -30 -1 35 -7 -37 38 -32 -3 41 42 -2 -4
right_child=1 39 9 5 -6 34 12 18 -10 10 11 -13 13 -15 19 -17 21 -19 -20 20 -22 -23 -24 25 26 27 -28 -29 29 30 37 -33 -34 -35 -36 36 -38 -39 -40 -41 -42 -43 -44 -45
leaf_value=0.02468037482747611 -0.01750474145792897 -0.23390445604275001 0.10417002858007011 -0.0077807869078317339 -0.069488782302759941 0.080876765973222783 0.039301117224179137 0.35185362368795509 0.1310964492502642 -0.012101861085011489 -0.016820516616560061 0.069976566246799307 0.081052084500494462 -0.042537805607706293 -0.03257715878121225 -0.070484834485508907 -0.10738297435332352 0.03456591121807151 0.076447981492695341 -0.025899802512971273 0.033350683401016705 -0.023708667605587888 0.054602847589578438 -0.034957656909519928 0.094835228350571746 0.029490923272501121 -0.0042516283208506658 0.2044257693484226 -0.38224533089931539 0.0015492157104412556 -1.1361287273807272 -0.2369872462880532 0.038065521586904051 -0.054721320063646169 0.077516068119090051 -0.1204810439839152 0.031004351467954504 0.068142400027854502 0.017732027204359284 0.074981395769416037 0.067084537454712614 0.081328891188384947 -0.71653532285670041 0.040940025915167898
leaf_weight=8.6590351974591595 0.8165451472159504 0.38295583426952262 18.075849352870136 570.38118072226644 108.38616070325952 9.6035104459151608 5.8496552477590731 0.85930981440469878 6.7129746926948419 101.4627891285345 14.481985211605204 53.583069931948557 9.1716003410983848 12.308619066141544 7.770436840131878 61.517279091989622 9.6845261040143651 40.92782917432487 26.217518214834854 51.884683199692518 51.840572546236217 35.502155415248126 54.472397833131254 17.259944908320904 6.9835142106749108 36.034461138304323 71.478130061179399 2.1269005332142106 0.34553324570879285 143.6824784737546 0.19692366803065198 2.304089686833322 1.825564792146906 63.467428782721981 18.633908419404179 5.5150178762851274 31.423416509060189 24.848073135130107 6.3761231582611799 178.36410214356147 23.051898264326155 2.0270155160687864 0.40085225645452738 14.323139525018631
leaf_count=223 102 2 294 11065 20818 898 158 36 87 1969 303 9127 159 352 156 2887 697 1804 498 964 1506 873 1765 1089 372 805 1056 93 22 3022 10 21 168 4068 1762 293 1935 4509 971 48482 3624 152 28 734
internal_value=0.00582471 0.041315 -0.00311698 -0.0113232 -0.030339 -0.0034381 -0.00741349 -0.00207117 -0.00616532 0.0162701 0.0116635 0.051509 -0.0437419 0.0102325 0.00399236 -0.0609518 -0.00903544 0.00131202 0.0851883 0.0187164 0.00371284 -0.041642 0.0437192 -0.00974137 -0.019264 0.0161331 0.00456764 0.0392408 0.0126595 0.00666285 0.0103089 -0.136 -0.0288275 -0.0451889 0.0388324 0.0233447 0.00838713 0.0503654 -0.0168368 0.0743196 0.0536107 -0.0421227 -0.247674 0.0762169
internal_weight=1911.22 384.622 1526.6 1072.59 314.396 758.194 693.018 604.171 577.094 454.009 421.61 68.0651 88.8472 21.4802 353.545 67.3669 187.577 142.391 27.0768 165.968 103.725 45.1867 62.2428 206.009 150.588 55.4213 78.4616 38.1614 205.875 179.579 175.104 4.47519 2.1711 72.1265 65.1759 46.5419 36.9384 31.4211 6.57305 178.747 26.2963 3.24441 1.2174 32.399
internal_count=129959 61113 68846 48654 28524 20130 15242 11686 11152 20192 19164 9430 3556 511 9734 3045 5343 3773 534 4391 2470 1570 1921 7706 5719 1987 1428 898 12629 8723 8512 211 190 4291 4888 3126 2228 5490 981 48484 3906 282 130 1028
is_linear=0
shrinkage=0.08


Tree=68
num_leaves=45
num_cat=0
split_feature=16 3 20 17 2 22 14 3 5 9 15 18 2 20 19 22 18 15 17 16 18 18 8 9 16 16 9 3 0 9 9 9 19 8 20 16 15 9 19 16 19 3 20 17
split_gain=85.1406 53.172 30.733 45.926 34.8061 14.9404 12.2891 12.2318 16.2878 11.5936 11.4822 10.2275 13.6753 13.1704 9.96873 9.92421 9.59761 9.96841 13.2818 11.6912 8.65845 8.65687 10.3072 11.1151 8.62354 8.29252 8.28299 8.12095 11.4468 24.865 10.0407 10.7999 7.78019 8.72172 7.32484 7.14042 6.69156 9.19774 10.0712 6.57014 6.43872 6.20457 5.74649 7.91353
threshold=0.81977395377252837 0.81872946330777663 0.72104203935599298 0.52559423544825024 0.84723124098124114 1.0000000180025095e-35 0.5590277777777779 0.10367218987908645 0.089719939627704207 0.33558558558558566 0.42672245467224551 0.18898809523809526 0.81743233715310171 0.26639784946236561 0.35416666666666669 1.0000000180025095e-35 0.82843137254901966 0.37053001277139214 0.44290508149568558 0.39089102065508602 0.54772727272727284 0.60769230769230786 0.076197387518142215 0.74388789505068587 0.94923064906662513 0.30996833715471128 0.51887464387464399 0.48934240362811798 0.087121212121212141 0.80600358422939078 0.82650501672240806 0.8389976958525347 0.35416666666666669 0.16108108108108113 0.98156642881413536 0.62580860565084939 0.39541453159900147 0.94365079365079374 0.43650793650793657 0.91683135704874841 0.63333333333333341 0.55848153214774288 0.94466316710411202 0.95256842894638183
decision_type=2 2 2 2 2 2 2 2 2 2 2 2 2 2 2 2 2 2 2 2 2 2 2 2 2 2 2 2 2 2 2 2 2 2 2 2 2 2 2 2 2 2 2 2
left_child=2 21 5 -4 6 9 10 36 -9 20 35 13 -13 -10 -6 -12 17 18 -11 -19 25 34 23 24 40 -1 -18 30 41 -30 39 -32 42 -34 -2 -5 -7 -38 -39 -24 -23 -29 -3 -44
right_child=1 32 3 4 14 7 -8 8 11 16 15 12 -14 -15 -16 -17 26 19 -20 -21 -22 22 27 -25 -26 -27 -28 28 29 -31 31 -33 33 -35 -36 -37 37 38 -40 -41 -42 -43 43 -45
leaf_value=0.12957290643747338 0.069969581949036908 0.063222171416704637 -0.068344760859389175 -0.013026872806536523 0.01853866198829144 0.012435609349446715 0.021879314860798145 -0.10035171054072704 0.011239196255112185 -0.0086550300143819914 -0.041352932487865299 0.013639870445879455 0.057950273054296723 -0.051181262854526718 0.079159102608005474 -0.012759002972308617 -0.078941567377721289 -0.07767219798578133 0.044487837445386369 -0.016266175970643469 0.092606432078959341 -0.16350634569107697 -0.015056935750230607 0.056384340154141753 0.086596105804918042 -0.078443590710781802 0.043827624295736285 0.017955506314683848 -0.10024623531292724 0.032337589060869129 -0.22120810548578379 -0.036591966847868355 -0.62247520268073486 0.078948287228772854 -0.13225033756028742 0.084105339378516178 0.073813332802087392 0.36772474781962894 0.075873227437553481 0.022517319212241014 0.038155569211786589 0.078771462384057397 -0.038234398973472146 0.062813137351750786
leaf_weight=1.6826375927776123 22.978130319854248 30.69472904340364 100.4344094414264 9.5680534166749585 44.94257097854279 7.095973318442705 42.968877294799313 7.9004882520530364 102.50484617333859 134.11594704911113 158.36720866593532 154.21736495336518 62.699673008290119 27.42036167671904 28.289457044447772 152.47800111072138 3.9254753042478105 22.001841473160312 38.80806992854923 202.2828869568184 13.132038212381302 3.6444376558065406 66.269591047428548 45.869814205914736 2.0658595124259591 4.5245454027317464 33.810384083539248 19.496312503702939 12.813496977090834 30.846046315738931 2.1923144124448326 27.050255198962986 0.11355185601860185 132.32371943211183 1.206580533646046 9.8097671065479499 11.05784462019801 1.614792346954345 1.4240636825561521 54.095272407867014 1.4035132601857183 23.895019928924739 10.818575622979553 9.1599212095607054
leaf_count=19 540 5437 19135 678 3124 100 1014 134 2085 3765 5665 4125 6050 2264 7125 5015 66 1335 515 5276 69 25 505 2972 63 240 1677 203 616 4656 22 421 4 39703 20 90 154 16 44 732 56 1383 1375 1446
internal_value=0.00550231 0.0338881 -0.00474107 -0.0194666 -0.00847027 0.00495854 -0.0183655 0.0167558 0.0132288 -0.00480411 -0.0236022 0.0158159 0.0264478 -0.00193447 0.0419563 -0.0273268 -0.00749899 -0.0111619 0.00327143 -0.02229 0.0558044 0.013899 0.0100596 0.0419544 -0.0510896 -0.0220547 0.0310566 0.00291888 0.0223466 -0.00657401 -0.00838539 -0.0504326 0.0681466 0.0783469 0.0598808 0.036145 0.0757954 0.107689 0.230958 0.00182997 -0.107437 0.051446 0.0414876 0.00809479
internal_weight=1874.01 496.937 1377.08 546.858 446.424 830.219 373.192 375.935 354.743 454.284 330.223 346.842 216.917 129.925 73.232 310.845 434.945 397.209 172.924 224.285 19.3392 313.827 289.642 52.9836 7.11381 6.20718 37.7359 236.658 87.0509 43.6595 149.607 29.2426 183.11 132.437 24.1847 19.3778 21.1927 14.0967 3.03886 120.365 5.04795 43.3913 50.6732 19.9785
internal_count=129959 60179 69780 41846 22711 27934 12462 14972 14658 12962 11448 14524 10175 4349 10249 10680 12634 10891 4280 6611 328 12214 11654 3116 144 259 1743 8538 6858 5272 1680 443 47965 39707 560 768 314 214 60 1237 81 1586 8258 2821
is_linear=0
shrinkage=0.08


Tree=69
num_leaves=45
num_cat=0
split_feature=23 19 19 2 18 20 16 1 3 0 0 3 15 3 2 8 5 16 14 9 3 20 14 4 3 20 16 1 9 9 17 9 3 14 22 22 2 20 17 2 20 9 18 20
split_gain=75.7294 53.272 31.6741 29.3505 18.1311 25.3407 19.1331 11.3727 23.9245 14.6981 25.7548 18.5058 11.1027 9.18781 21.5513 15.0324 8.59995 7.57708 9.64629 11.2096 10.1902 9.42376 9.70037 7.49268 20.6314 12.6779 11.9877 10.6547 9.79086 8.67572 7.35287 7.32628 9.80202 6.15709 12.6533 5.98406 8.48584 9.16606 11.5652 7.37183 5.67548 5.48425 5.21451 8.91682
threshold=0.78198099116213271 0.35416666666666669 0.41428571428571431 0.79961001642036134 0.58578431372549034 0.65929995929995944 0.494185260311021 0.3163105784262637 0.44281045751633991 0.087121212121212141 0.29285714285714287 0.54110360360360377 0.37053001277139214 0.28801843317972353 0.46176729951239753 0.42967032967032975 0.050641025641025628 0.49130369026013315 0.16904761904761909 0.91010101010101019 0.095811818703384968 0.29222126188418329 0.05634920634920635 0.10063291139240506 0.10933997509339978 0.9744676227727076 0.896200639241159 0.16807909604519775 0.74388789505068587 0.99264705882352955 0.97525762677277839 0.96824596774193561 0.36237373737373746 0.13423423423423428 1.0000000180025095e-35 1.0000000180025095e-35 0.94482793657022346 0.94297328687572601 0.94140535591668595 0.94402791461412161 0.9513379114373669 0.97014260249554385 0.5590277777777779 0.72104203935599298
decision_type=2 2 2 2 2 2 2 2 2 2 2 2 2 2 2 2 2 2 2 2 2 2 2 2 2 2 2 2 2 2 2 2 2 2 2 2 2 2 2 2 2 2 2 2
left_child=2 30 4 7 5 17 -7 16 40 11 -11 -10 -6 14 -8 -15 -4 21 19 -19 -20 -1 -23 24 28 26 -25 -27 -14 -26 35 32 -18 34 -5 36 37 39 -39 -2 -9 -33 43 -38
right_child=1 -3 3 33 12 6 13 8 9 10 -12 -13 23 15 -16 -17 31 18 20 -21 -22 22 -24 25 29 27 -28 -29 -30 -31 -32 41 -34 -35 -36 -37 42 38 -40 -41 -42 -43 -44 -45
leaf_value=0.0068241300063290582 -0.0037242098260463524 0.075556505927686354 -0.081211321078435997 -0.14580821461838872 0.074875538080044463 -0.073039558735252169 -0.0044693735373904035 -0.094249057334408401 -0.015718472490354855 -0.068072759257129287 0.033904039358741221 0.068665150640124045 -0.096105315831032115 -0.060508853547209772 0.28358838180030022 0.0013448868136544043 0.0020389547103759607 0.01843976005434126 0.13275108102448438 0.16511162040247282 -0.015815597029956857 -0.07650169339183939 -0.016370264820895809 0.003410859732462967 -0.078778812696576661 0.065518266350833659 0.052986248385577035 -0.063823062481196971 0.018152461733374554 0.047594424133286392 0.073788149399445294 0.12530992659683682 0.03164252263393736 0.077183707379322397 0.047471464189619741 0.022371174322766779 0.0092097682488845017 -0.22720002422549976 -0.015751640075990659 -0.16657179990270227 -0.016688837716165798 0.035522060333987415 0.060505690605710268 -0.11939068896787179
leaf_weight=92.843070765957236 21.572831111494459 145.43773495813366 6.2149473202880463 2.4526169833261546 12.39247132046148 82.981496918248013 36.996111646993086 24.060185401700437 31.671834316337481 37.418252904200926 27.498409198131412 35.029175086179748 5.2527399081736794 66.194882312323898 1.7404398038052011 40.551160999340937 258.68105372553691 7.9226280148141068 3.300244269892576 5.7589901578612626 28.224379876628518 21.086968596093357 92.428521160851233 192.40199379366823 35.077678134664893 4.8422737512737539 37.261936757480726 25.762459069723263 55.672437842004001 3.8592797443270674 11.861227810150011 5.1036852428223929 98.969576872885227 46.106346856802702 18.664772582473233 102.69620837620459 51.001660472946241 3.3818018205929539 3.2430364270694554 1.9389711485709984 8.0612094709649664 29.628704557428136 11.163203552365301 3.7010897570289663
leaf_count=1340 1264 46661 187 36 185 18344 973 1298 886 2035 1748 1052 51 6190 101 906 6665 293 26 62 533 2309 3425 3570 239 49 829 463 409 21 2187 172 2246 10459 394 6984 1059 228 299 41 233 1117 2223 167
internal_value=0.00518787 0.0383203 -0.00277041 0.0108391 -0.0128203 -0.0230977 -0.0423854 0.00486681 -0.0128838 0.00222306 -0.0248758 0.028597 0.000423103 -0.0249007 0.00847311 -0.0370116 0.0121586 -0.00558107 0.0240828 0.0801782 -0.000262475 -0.0120794 -0.0275405 -0.00213888 -0.0207679 0.00500884 0.0114542 -0.0433587 0.00830159 -0.0662532 0.0126006 0.0136374 0.0102309 0.0607983 0.0250236 0.00894802 -0.00541103 -0.0405735 -0.12369 -0.0171539 -0.0747845 0.0487158 0.0106774 0.000508892
internal_weight=1838.11 355.998 1482.11 629.561 852.552 480.029 228.464 562.337 163.739 131.618 64.9167 66.701 372.523 145.483 38.7366 106.746 398.598 251.565 45.2062 13.6816 31.5246 206.359 113.515 360.131 99.8621 260.269 229.664 30.6047 60.9252 38.937 210.56 392.383 357.651 67.2237 21.1174 198.699 96.0026 30.1366 6.62484 23.5118 32.1214 34.7324 65.866 54.7028
internal_count=129959 61113 68846 28528 40318 34502 26514 17639 7252 5721 3783 1938 5816 8170 1074 7096 10387 7988 914 355 559 7074 5734 5631 720 4911 4399 512 460 260 14452 10200 8911 10889 430 12265 5281 1832 527 1305 1531 1289 3449 1226
is_linear=0
shrinkage=0.08


Tree=70
num_leaves=45
num_cat=0
split_feature=16 3 9 20 16 2 19 12 9 9 3 12 0 9 8 17 23 8 20 20 16 3 9 4 22 14 14 3 9 16 4 20 5 8 19 16 9 14 2 16 3 3 5 7
split_gain=68.4724 48.2324 25.5533 17.6111 23.4948 17.1732 13.648 13.1016 12.976 11.9557 12.2783 16.1219 11.5342 11.4442 15.5325 11.0823 10.4659 10.265 9.30866 8.50683 17.1846 8.35955 8.25449 8.18487 10.5697 11.5384 14.9413 8.67809 10.7863 8.92154 8.07949 8.04791 8.82739 8.00018 7.83432 7.28313 7.06228 6.86644 6.77817 6.60839 6.40947 6.17605 5.96117 5.80259
threshold=0.81977395377252837 0.81872946330777663 0.90661337209302328 0.72374686716791992 0.494185260311021 0.69452037283845081 0.43650793650793657 0.089719939627704207 0.84877072612921689 0.36700680272108849 0.10596491228070178 0.10596491228070178 0.095454545454545472 0.44151846785225723 0.0439613526570048 0.89195533561730755 0.54982746721877163 0.096006144393241191 0.44586453923803326 0.71806526806526816 0.64468247063940853 0.57979626485568769 0.9294019933554819 0.1438923395445135 1.0000000180025095e-35 0.67424242424242431 0.75595238095238104 0.47140522875816998 0.95180023228803723 0.82449444221240131 0.16271373414230558 0.8861274055778533 0.82807881773399028 0.096006144393241191 0.35416666666666669 0.97624689686301069 0.57947368421052647 0.09232954545454547 0.37799710424710425 0.93944785937668507 0.095811818703384968 0.87570224719101131 0.76506899055918676 0.18333333333333338
decision_type=2 2 2 2 2 2 2 2 2 2 2 2 2 2 2 2 2 2 2 2 2 2 2 2 2 2 2 2 2 2 2 2 2 2 2 2 2 2 2 2 2 2 2 2
left_child=2 23 3 7 -5 13 19 8 40 33 37 -12 21 15 -15 -6 17 18 22 -4 -21 -7 -8 -2 25 38 35 28 30 -29 -26 32 -22 -9 -3 -27 -28 -11 -25 -40 -1 -14 43 -19
right_child=1 34 6 4 5 12 16 9 -10 10 11 -13 41 14 -16 -17 -18 42 -20 20 31 -23 -24 24 27 26 36 29 -30 -31 -32 -33 -34 -35 -36 -37 -38 -39 39 -41 -42 -43 -44 -45
leaf_value=-0.023800071804162416 0.036781552551648479 0.039364054097609277 0.011407676169420821 -0.067353822435933172 0.0060423060735180865 0.27676139641610659 0.084560563075619821 -0.14651172434740939 0.028308595797893934 0.12991056759705927 -0.053969464506928591 -0.0012042552733358186 -0.032164382201543974 0.031670195141474074 -0.044022751052436825 -0.16674517145666559 0.062529141790734252 -0.051034997965287349 0.052423507623567484 -0.051510428207623214 -0.046708717746019993 0.073545957488360264 -0.044833125082588084 0.148281220850495 -0.12715160811257054 -0.086306226807231351 0.051997450737736144 -0.16729659425626256 -0.11967864087713823 0.057492298365538902 0.018682850916190447 0.054972150475334866 0.073346629692681645 0.046732349580377232 0.078033708224566359 0.085109234756382379 -0.021609831626161174 0.028185702360396494 -0.0024998554147127434 0.075812050638748976 -0.091154219067681147 0.031646580835789383 0.22578064688898905 0.076361405333470384
leaf_weight=14.866234100190921 69.112796550849453 47.537113041849807 195.15669874451123 68.797774470644072 78.317535404348746 1.5973550160415451 4.0753038534894612 1.4154897858388711 12.826489151921121 4.89905234100297 41.207682644482702 368.16282484983094 14.783918301691299 19.524649842176586 155.80760879267473 2.4499925989657632 48.979241240769625 19.712975449394442 44.784697540104389 47.087438618065789 15.300979643128814 6.8565489924512804 13.977387505583463 2.4549772422760716 2.5217046607285729 27.105240227421749 11.495318146888165 1.1616642801091064 4.1228603683412066 41.427672750549391 67.840144927613437 20.385568041121587 5.2695829761214545 43.714854818768799 113.80000980058685 1.684959651203825 30.413921888568439 31.895073278807104 37.621909535955638 8.4442459666170162 23.080680366139859 28.269588222494349 0.56986682116985221 2.5886387303471556
leaf_count=332 3594 8258 6195 14595 1526 9 62 22 147 91 533 14036 879 327 6796 25 8628 1140 904 5222 231 575 273 14 53 644 376 80 38 3320 641 922 913 792 39707 116 2260 322 729 349 707 3504 18 54
internal_value=0.00487804 0.0312571 -0.00433525 -0.0117971 -0.0250909 -0.0156386 0.0120652 -0.0025661 -0.0412543 0.00143217 -0.00253694 -0.00651566 0.0265103 -0.0241157 -0.0355937 0.000800991 0.0330292 0.0161712 0.0328742 0.00209479 -0.0185481 0.111943 -0.0156232 0.0125655 0.00548263 -0.0112842 -0.0319021 0.0225568 0.00608702 0.051361 0.0134563 0.0193489 -0.015954 0.0406713 0.0666399 -0.0762741 -0.00142003 0.0417301 0.0187579 0.0118553 -0.0647673 0.00973487 -0.0297189 -0.0362476
internal_weight=1803.11 466.745 1336.36 918.473 376.405 307.607 417.888 542.068 50.7734 491.295 446.165 409.371 51.5074 256.1 175.332 80.7675 134.688 85.7089 62.8374 283.2 88.0436 8.4539 18.0527 305.407 236.295 119.221 70.6994 117.074 74.4847 42.5893 70.3618 40.9561 20.5706 45.1303 161.337 28.7902 41.9092 36.7941 48.5211 46.0662 37.9469 43.0535 22.8715 22.3016
internal_count=129959 60179 69780 45218 28236 13641 24562 16982 1186 15796 14982 14569 4967 8674 7123 1551 11079 2451 1239 13483 7288 584 335 12214 8620 4488 3396 4132 732 3400 694 2066 1144 814 47965 760 2636 413 1092 1078 1039 4383 1212 1194
is_linear=0
shrinkage=0.08


Tree=71
num_leaves=45
num_cat=0
split_feature=23 19 19 2 17 20 16 8 2 17 3 1 2 9 16 9 14 14 9 8 15 17 16 19 4 15 9 2 12 18 17 14 22 8 3 17 22 15 17 5 5 23 10 7
split_gain=60.1959 49.6427 25.7569 24.7877 15.3301 24.8698 10.3646 13.0378 10.0782 17.2569 17.6628 14.277 11.9081 11.1118 9.62668 9.11434 9.04455 9.03486 8.42775 8.32354 7.8233 9.26646 11.3218 7.79327 7.64727 7.59598 7.27043 6.90512 6.83354 6.7891 6.76121 6.48971 10.5303 6.30614 5.95287 5.22628 5.1492 7.35485 11.452 23.1206 5.0201 4.96015 4.86223 9.27986
threshold=0.78198099116213271 0.35416666666666669 0.41428571428571431 0.79961001642036134 0.6654088050314465 0.65929995929995944 0.47921466973886334 0.50316455696202544 0.42577314326540344 0.57197382769901872 0.36237373737373746 0.30210618692408958 0.40131073651871624 0.78153409090909098 0.68365249377907611 0.31072796934865904 0.25462962962962971 0.22902097902097904 0.18301435406698566 0.041241496598639467 0.43842941909017658 0.77183447749809331 0.73592452830188693 0.30952380952380959 0.27475490196078439 0.65963016597972601 0.38529014844804327 0.44274030933694802 0.11852502194907817 0.46862745098039221 0.97525762677277839 0.13423423423423428 1.0000000180025095e-35 0.068381063705435466 0.12276295133437994 0.46186166774402071 1.0000000180025095e-35 0.90630852059925104 0.94140535591668595 0.8755952380952382 0.96051948051948066 0.63403011357476335 0.73214285714285732 0.38750000000000007
decision_type=2 2 2 2 2 2 2 2 2 2 2 2 2 2 2 2 2 2 2 2 2 2 2 2 2 2 2 2 2 2 2 2 2 2 2 2 2 2 2 2 2 2 2 2
left_child=2 30 4 8 5 25 -7 15 12 29 14 -12 13 24 -11 -8 26 -9 -14 -15 -18 22 -22 -23 -4 -1 27 -6 -20 41 36 32 -5 -28 -35 -3 37 -2 39 -39 -40 -10 -38 -44
right_child=1 35 3 31 16 6 7 17 9 10 11 -13 18 19 -16 -17 20 -19 28 -21 21 23 -24 -25 -26 -27 33 -29 -30 -31 -32 -33 -34 34 -36 -37 42 38 40 -41 -42 -43 43 -45
leaf_value=-0.0081618449305403701 0.00019341922776245157 -0.21939000201189018 -0.032759201669945386 -0.13617396036418875 -0.024845912359227156 -0.073339927410192116 0.062217190793689023 0.056691074434290584 -0.066555579210259119 -0.091222222510653483 0.044392923754915985 -0.0012166189665320903 -0.24984328298647115 0.046608403336298107 -0.015689469822887402 -0.061018429154286256 0.056352056909674327 -0.054033668254491393 0.018838929205564056 0.0022419289913615929 -0.046964660249675272 -0.0086376631479668196 0.040690636046225158 0.026222146488915674 0.11476087930421906 0.23221674289710201 0.037639674288542112 0.12353246814772831 0.065169767526598227 0.035405142630840797 0.07300433397513563 0.07643030973637209 0.042171929038400072 -0.11210181897344658 0.00011681666077762514 0.075701762337431686 0.0817408563408063 -1.0207558692292396 -0.096227422320598124 -0.15117405388068944 0.080363893241896328 0.060294658808880935 -0.22052283439992082 0.01797520028020988
leaf_weight=219.27338869089726 88.420848408713937 0.38528862595558067 50.588194299023598 2.3980896631255773 2.7203310695476812 66.158873551758006 4.1683253385126582 15.054137941915544 40.155047232750803 15.790872002020476 65.077083985088393 135.13438976416364 0.63160446705296536 41.792514957953244 34.161276202648878 48.896713751368225 12.005373158492146 6.8682001270353785 38.26024470385164 76.787724024150521 64.865371646359563 250.55817962554283 11.034939646255223 49.084590721176937 2.3536043560598037 0.8445824570953836 34.339766930788755 7.6580042103305459 43.583659245632589 5.3411207180470219 10.675190784502773 41.079006199142896 18.194138163817115 3.3251074925065032 33.559660219121724 125.86915145115927 7.6184415607713154 0.21792717883363311 2.1529339135158807 1.917368041584268 1.9757726569660006 2.0747751006856552 1.0562807405367483 90.718248700490221
leaf_count=7579 4473 2 1195 36 29 17035 314 289 5288 307 926 3641 16 1361 353 6756 201 108 1158 2206 1741 3974 175 761 50 6 232 62 964 148 2187 10459 394 20 1036 46659 1296 23 158 219 408 26 151 5537
internal_value=0.00457689 0.0353473 -0.00247747 0.00995494 -0.0116609 -0.0240477 -0.0502601 -0.0298975 0.00457829 -0.0054083 0.00299046 0.0136084 0.0162845 0.00427297 -0.0395669 -0.0513381 -0.00212264 0.0220014 0.0412646 0.0178785 -0.00721966 -0.00925192 -0.0342207 -0.00292727 -0.026201 -0.00723952 0.0220842 0.0846401 0.0435111 -0.0495753 0.0110192 0.0580563 0.0214025 0.0129689 -0.00999953 0.0748012 0.00760977 -0.0057411 -0.089511 -0.239923 -0.0117205 -0.0603234 0.0203282 0.0152302
internal_weight=1774.83 331.007 1443.82 613.403 830.416 361.264 141.146 74.9874 551.732 297.735 250.164 200.211 253.998 171.522 49.9521 53.065 469.151 21.9223 82.4755 118.58 387.548 375.543 75.9003 299.643 52.9418 220.118 81.6029 10.3783 81.8439 47.5709 204.753 61.6712 20.5922 71.2245 36.8848 126.254 194.078 94.6849 6.264 2.1353 4.12871 42.2298 99.393 91.7745
internal_count=129959 61113 68846 28528 40318 32087 24502 7467 17639 10689 5227 4567 6950 4812 660 7070 8231 397 2138 3567 6852 6651 1916 4735 1245 7585 1379 91 2122 5462 14452 10889 430 1288 1056 46661 12265 5281 808 242 566 5314 6984 5688
is_linear=0
shrinkage=0.08


Tree=72
num_leaves=45
num_cat=0
split_feature=16 3 22 9 18 20 1 9 18 8 1 0 3 3 16 8 14 19 19 9 8 8 19 9 19 18 8 9 15 9 17 22 1 7 3 16 17 18 9 5 20 17 12 20
split_gain=54.7188 43.5331 22.9001 18.1704 16.6455 29.0996 13.2185 12.3744 15.9168 10.3668 23.4948 12.436 12.4779 10.7178 10.3656 9.99803 10.4149 9.44772 9.81841 16.3026 13.9891 9.44557 8.98359 8.57751 7.86607 7.63465 8.8983 9.31453 7.69715 7.60535 6.94953 6.8071 9.3108 15.1314 8.32041 7.85598 7.80927 6.61067 6.49778 6.34075 6.17883 6.14615 5.84165 6.25125
threshold=0.81977395377252837 0.81872946330777663 1.0000000180025095e-35 0.18301435406698566 0.65476190476190488 0.75091240875912424 0.69732205778717415 0.91240409207161133 0.18898809523809526 0.41444372153545878 0.31287650602409645 0.087121212121212141 0.60922587486744451 0.88047619047619052 0.57205789804908758 0.039607843137254913 0.35388994307400384 0.58571428571428574 1.0000000180025095e-35 0.23582887700534763 0.080540540540540509 0.042781972088766836 0.93750000000000011 0.28232998885172805 0.35416666666666669 0.60769230769230786 0.076197387518142215 0.74388789505068587 0.79373261332024236 0.40149253731343287 0.73541565386485186 1.0000000180025095e-35 0.82870012870012877 0.64583333333333337 0.47140522875816998 0.82449444221240131 0.90632697044334987 0.89181286549707617 0.53378995433789966 0.1680790960451978 0.98156642881413536 0.76720944257775503 0.917156862745098 0.94466316710411202
decision_type=2 2 2 2 2 2 2 2 2 2 2 2 2 2 2 2 2 2 2 2 2 2 2 2 2 2 2 2 2 2 2 2 2 2 2 2 2 2 2 2 2 2 2 2
left_child=2 25 4 -4 5 17 21 9 -9 10 29 12 -11 -13 -7 16 -16 18 19 -1 -20 -6 -19 -23 42 40 27 28 -27 -5 -12 32 38 -34 36 -36 -33 -25 -28 -26 -2 -24 43 -3
right_child=1 24 3 7 6 14 -8 8 -10 11 30 13 -14 -15 15 -17 -18 22 20 -21 -22 23 41 37 39 26 31 -29 -30 -31 -32 34 33 -35 35 -37 -38 -39 -40 -41 -42 -43 -44 -45
leaf_value=0.20483355323811328 0.065297544965870341 0.049910890826837674 -0.12349852021959085 0.028802506133754711 0.037302722318694859 -0.073711244846849253 0.071038554049510746 -0.0085264647416928106 0.042155976257342527 0.00042844480730175349 -0.073094372781552966 -0.035355922282955053 0.10088071064021302 0.017901188751757221 -0.030151299951936567 -0.040893824218738078 0.15765398320958293 0.11601058749578164 -0.0094281809810350895 -0.0059697610032014205 -0.068045450994214524 0.061309150949137879 0.01668747443326531 -0.019664013668917003 -0.43249330343951708 -0.15731896529360431 0.014350222706370055 0.053172766080883387 0.017460865236288193 -0.0061995425015468385 -0.017654313529097767 -0.036295152360585031 0.080513423459483438 -0.42848567989011743 -0.15803408513306452 0.052849736159893128 0.01989089941689404 0.031735553410408242 -0.023900654996251842 0.078484226582771419 -0.11972572627471735 -0.13145611290557482 0.08018126769352607 -0.022194264566973571
leaf_weight=2.3802118957974008 21.81727079721168 17.413695877185095 6.7050450402311972 58.726540414383635 33.744804830290377 71.075618283008225 17.572336094919592 57.873518944950774 125.9899065134814 13.226463104132561 38.197431790176779 31.283893271582201 19.70429254998453 106.56236651376821 4.1327202157117418 68.589814952109009 3.4821256194263697 5.8383472135756156 62.571102051064372 173.04311423341278 44.650655012344941 10.389741002582012 43.377930779475719 139.04671491845511 0.155671251937746 2.5571438865736118 45.756001410074532 41.303116442868486 4.3657777449116111 122.81718768249266 23.296095130033791 25.045226876623929 0.6584122534841288 0.86467333021573722 1.1671138799283642 36.096980494912714 43.03710415866226 18.098695256048813 75.028012903872877 97.684632909949869 1.2197169857099641 1.8695776278618712 14.042643709108232 13.788013954414053
leaf_count=19 540 2666 189 1356 456 13035 4484 3123 10249 451 5381 1574 872 6674 60 2731 17 56 1438 4704 4450 64 660 2030 9 33 656 2972 111 4810 322 190 140 24 66 3023 608 540 3831 39698 20 35 4157 1435
internal_value=0.00430132 0.0286275 -0.00394267 0.00746455 -0.0137936 -0.0221157 0.00449723 0.00893376 0.026203 0.00126081 -0.00935343 0.0163662 0.0605346 0.00581461 -0.0517354 -0.0312387 0.0557285 -0.00904403 -0.0147665 -0.0031095 -0.0338383 -0.00131203 0.022617 -0.00908978 0.0649158 0.0112571 0.00756252 0.0387787 -0.0470982 0.00512307 -0.0520916 0.000949687 -0.0118889 -0.208451 0.0158553 0.0462448 -0.000778082 -0.0137442 -0.00941027 0.0776712 0.0555013 0.0105663 0.0373323 0.0180477
internal_weight=1746.25 442.001 1304.25 604.383 699.864 481.011 218.852 597.678 183.863 413.814 243.037 170.777 32.9308 137.846 147.28 76.2047 7.61485 333.731 282.645 175.423 107.222 201.28 51.0859 167.535 143.085 298.917 275.88 48.226 6.92292 181.544 61.4935 227.654 122.307 1.52309 105.346 37.2641 68.0823 157.145 120.784 97.8403 23.037 45.2475 45.2444 31.2017
internal_count=129959 60179 69780 35001 34779 27205 7574 34812 13372 21440 11869 9571 1323 8248 15843 2808 77 11362 10611 4723 5888 3090 751 2634 47965 12214 11654 3116 144 6166 5703 8538 4651 164 3887 3089 798 2570 4487 39707 560 695 8258 4101
is_linear=0
shrinkage=0.08


Tree=73
num_leaves=45
num_cat=0
split_feature=19 8 9 19 16 8 17 0 4 3 12 8 1 3 9 19 23 18 3 20 12 1 12 3 8 7 14 8 2 1 1 22 12 3 16 6 18 0 12 14 14 8 9 16
split_gain=48.6444 51.4271 20.4525 16.4566 14.6607 12.906 26.5044 19.8667 27.5818 23.218 17.2659 13.9256 13.1541 12.7473 12.7093 12.2785 13.8711 11.7316 16.1271 13.7352 11.4656 40.5585 11.3971 26.161 11.3379 16.4639 11.0563 10.7961 10.3297 10.0138 9.66957 8.50195 8.18095 7.4701 7.21173 7.14384 7.05228 6.93578 10.0345 6.57424 7.33109 8.68397 7.04071 6.47053
threshold=0.63333333333333341 0.57321428571428579 0.913664596273292 0.81666666666666676 0.51225519644359019 0.39718309859154938 0.6654088050314465 0.087121212121212141 0.40838270792187847 0.88047619047619052 0.23845060412224597 0.45534290271132383 0.3246621621621622 0.60922587486744451 0.78896761133603255 0.30952380952380959 0.44441313629465717 0.39444444444444454 0.83438818565400863 0.8006849315068495 0.10596491228070178 0.095811818703384968 0.10762548262548262 0.10933997509339978 0.087595907928388797 0.13392857142857145 0.67424242424242431 0.39718309859154938 0.87957606434386626 0.074537037037037027 0.41728855721393038 1.0000000180025095e-35 0.11852502194907817 0.63859338061465731 0.30996833715471128 1.0000000180025095e-35 0.74166666666666681 0.29285714285714287 0.3163105784262637 0.10620300751879701 0.13714733542319751 0.072077922077922088 0.93142633228840133 0.26115373685706172
decision_type=2 2 2 2 2 2 2 2 2 2 2 2 2 2 2 2 2 2 2 2 2 2 2 2 2 2 2 2 2 2 2 2 2 2 2 2 2 2 2 2 2 2 2 2
left_child=2 3 5 -2 -3 6 10 8 33 14 20 30 22 -13 28 -11 -17 19 24 29 -1 -22 23 -8 32 -26 -24 -27 -9 -4 -10 39 -19 36 -33 -16 -7 38 -36 42 -41 -42 -5 -12
right_child=1 4 17 31 -6 7 12 9 11 15 43 13 -14 -15 35 16 -18 18 -20 -21 21 -23 26 -25 25 27 -28 -29 -30 -31 -32 34 -34 -35 37 -37 -38 -39 -40 40 41 -43 -44 -45
leaf_value=-0.046607193260968904 0.069630180009607023 0.0024129159505430061 0.254239522253635 0.074815094283022077 0.076323860319711084 -0.064203719750257973 0.011249155811908298 -0.061769598750734685 0.063597297792207075 -0.0019905538245171242 0.082516494452021888 -0.0304918388621922 -0.047226893057707928 0.096272134961995826 0.0007219330276452779 0.74248316073046794 0.059416339929648551 0.019058555760716991 0.064282163939078527 -0.067654036293556985 0.55519141639130187 -0.0020753006613825863 0.016014571724857936 -0.070481556252552938 -0.059597176249150174 0.13740107691011877 -0.04398469694476629 0.0038857807682474927 -0.16903296469253465 0.0019566432302514421 0.23208543210223645 -0.12612050264633226 0.090255568463048344 0.074478637576456397 0.028991813918853856 -0.1409939315875515 0.030890838079117012 0.083106135180286395 -0.01599463436604193 -0.10242122604780322 0.015534150133252623 -0.022630739347644837 -0.080512671882250142 -0.076989009627177307
leaf_weight=53.869183739414439 26.664078274741769 20.018921510432847 1.0145812337286759 10.64881624910049 120.93925799487624 16.281016829889275 60.271396948955953 23.660742872394625 3.3721779356710595 182.53481855848804 1.6641183721367259 7.2395307754632112 45.00580803444609 16.996408178354613 24.156420923536647 0.19227446615696209 18.223916511400603 87.612084900494665 48.415452614543028 19.70474716508761 0.85360303823836048 40.223402929492295 187.82359959604219 42.90908284066245 28.749476050026715 4.7444474725052741 21.953642196021974 21.175332683138549 7.5889291628263882 133.65585319697857 6.16599215939641 2.2009608503431073 11.709542286582289 4.7997819005977354 104.3852786263451 2.5134040978737167 7.1976317488588384 10.324133302550761 45.593360698781908 5.5084128230810157 60.355478293728083 103.74255236051977 2.2648925785906604 74.33223946695216
leaf_count=2942 563 1332 39 448 48800 1147 548 1190 142 9323 32 153 1278 1224 1606 1 3027 859 10571 3607 34 2674 1748 360 1064 33 234 1817 417 5870 106 33 104 196 2903 140 46 1104 1203 243 2373 2572 80 15773
internal_value=0.00403679 0.0246816 -0.00473446 0.00907769 0.065827 -0.0114831 -0.0191626 0.00117329 0.0418283 -0.00857191 -0.0450777 0.0906325 -0.00678698 0.0584064 -0.0531985 0.00429067 0.0665479 0.0113403 0.0240094 -0.00527055 -0.0223311 0.00950501 -0.000971398 -0.0227397 0.0113474 -0.0179116 0.00973552 0.0283249 -0.0878183 0.00385729 0.172517 0.00439808 0.0274523 -0.0164606 0.0177072 -0.0126336 -0.0350515 0.0196819 0.015316 -0.00745144 -0.0116409 -0.00859364 0.0475727 -0.0734963
internal_weight=1719.26 512.646 1206.61 371.688 140.958 849.829 528.906 320.923 62.0525 258.871 170.943 33.7741 357.964 24.2359 57.9195 200.951 18.4162 356.782 202.406 154.375 94.9462 41.077 312.958 103.18 153.991 54.6693 209.777 25.9198 31.2497 134.67 9.53817 345.024 99.3216 28.2784 162.504 26.6698 23.4786 160.303 149.979 182.52 169.606 164.098 12.9137 75.9964
internal_count=129959 61654 68305 11522 50132 44341 25623 18718 3014 15704 21455 1625 4168 1377 3353 12351 3028 23964 14448 9516 5650 2708 2890 908 3877 2914 1982 1850 1607 5909 248 10959 963 1389 5243 1746 1193 5210 4106 5716 5188 4945 528 15805
is_linear=0
shrinkage=0.08


Tree=74
num_leaves=45
num_cat=0
split_feature=16 3 22 9 20 14 8 5 8 18 17 20 8 18 12 3 8 17 12 2 5 18 19 5 14 4 3 1 19 15 2 9 15 15 3 4 17 20 9 3 15 12 20 1
split_gain=43.9114 38.1139 18.6977 16.0841 14.1774 20.0489 12.8708 10.6752 23.9765 17.508 17.4734 15.9211 10.4463 10.3209 9.47912 9.06498 8.73656 8.74875 8.68303 16.9338 8.59204 9.79665 8.09863 7.87971 7.07093 7.25171 7.45734 16.709 7.99765 7.48892 7.96502 7.03026 8.82867 6.56529 6.19167 5.91146 8.07821 10.566 5.79219 5.78465 7.60898 5.63832 5.70736 10.324
threshold=0.81977395377252837 0.81872946330777663 1.0000000180025095e-35 0.18301435406698566 0.72374686716791992 0.36602870813397131 0.81530214424951286 0.13840996168582373 0.38013136288998362 0.162280701754386 0.62345301757066474 0.22749774977497753 0.045983086680761072 0.40588235294117653 0.23845060412224597 0.66274509803921577 0.039607843137254913 0.89195533561730755 0.092665474060822942 0.39031362254766516 0.050641025641025628 0.82843137254901966 0.35416666666666669 0.11566332218506127 0.29520697167755999 0.1438923395445135 0.25227272727272732 0.18321678321678322 0.43650793650793657 0.77435167615433287 0.36759156413761679 0.48038461538461547 0.37053001277139214 0.67507961783439507 0.48934240362811798 0.10063291139240506 0.87730616864742517 0.98555937858408937 0.33558558558558566 0.22474747474747478 0.71059310713331569 0.917156862745098 0.94466316710411202 0.90803382663847798
decision_type=2 2 2 2 2 2 2 2 2 2 2 2 2 2 2 2 2 2 2 2 2 2 2 2 2 2 2 2 2 2 2 2 2 2 2 2 2 2 2 2 2 2 2 2
left_child=2 24 4 -4 20 12 16 23 10 11 14 -10 18 -12 -9 -11 -7 -18 -6 -20 -1 31 41 -5 -2 35 27 28 -27 34 -31 -22 -33 -14 -28 36 37 -26 -35 -25 -41 42 -3 -44
right_child=1 22 3 7 5 6 -8 8 9 15 13 -13 33 -15 -16 -17 17 -19 19 -21 21 -23 -24 39 25 26 29 -29 -30 30 -32 32 -34 38 -36 -37 -38 -39 -40 40 -42 -43 43 -45
leaf_value=-0.094063447704157671 0.17286394446392442 0.047798618792579836 -0.11930274884124704 0.021920000347016921 -0.066659235145024892 0.073332790406804446 0.07814905158755904 -0.0028041961944686774 0.008754551330670662 0.0017099064514796793 0.068125271725366449 -0.061151732838023415 -0.070632286346272305 -0.010099786903254488 -0.074108224581284687 0.043013802160286212 -0.011009636696690672 -0.085517277165547745 0.44291979852022856 0.019375513497590608 0.025431492903425897 0.037320868668440178 0.077260705904603974 0.11114871447957764 -0.1298374511634251 -0.15437363079788111 0.011659642804077606 -0.30036148580892752 0.083277472513631157 0.10014457165018317 -0.0050260180959849337 0.0042550871734578239 -0.021092669086174971 0.1001682648832395 0.073798502631057514 0.063077559882400436 0.029704993316246445 0.10740007947246988 -0.034925584577142475 -0.096071306545460228 0.1127794231359466 0.080158106572444154 -0.0082637983665353569 -0.3682662893161408
leaf_weight=6.6829072702676049 1.7042211301159103 16.318310756236318 6.4018267672508946 85.971106203505769 7.8158850888721672 6.9839090108871451 10.80858677451033 16.316920944489539 95.231740195536986 45.378114828607067 12.030961572192608 26.695634805597365 84.800300127244554 105.03574999282137 44.403250929666683 135.70547264942434 92.988416210748255 11.313235369510947 0.6345896297134449 12.590291681233792 40.203127984888852 35.97064393479377 84.18758887052536 12.031003933865579 4.705842330120503 1.3871971145272244 27.799441631883383 1.6702261511236427 2.6141563188284636 4.7344753320794544 173.48109393718187 157.93751875893213 198.43180873652454 2.3907795744016758 16.268539999844506 25.535987449809909 32.036279446911067 1.6134501006454227 13.504791089799253 2.3165596362669012 2.1550232544541359 12.241288321558384 13.274256213335317 0.53018074855208475
leaf_count=253 37 2666 189 1596 524 79 3056 1214 2045 1639 342 3774 14650 1666 8218 14105 1807 357 13 470 954 1783 39707 135 92 8 239 18 53 43 6843 4051 6109 24 1380 1329 2141 31 649 70 8 4157 1362 73
internal_value=0.00377843 0.026205 -0.00362412 0.00681199 -0.0126335 -0.0281024 -0.00519612 0.00819619 0.00319968 0.016884 -0.0201231 -0.00655122 -0.0510759 -0.00206059 -0.0549472 0.0326634 -0.013291 -0.0190912 0.000190808 0.0396991 -0.00404611 -0.00265531 0.0629046 0.0316394 0.0103835 0.00943473 0.00275853 -0.087827 0.000888118 0.00506982 -0.00223206 -0.00628131 -0.00985893 -0.0617882 0.0345994 0.0332544 0.013399 -0.0692657 -0.0146067 0.082273 0.00458168 0.0343756 0.0157704 -0.0220903
internal_weight=1692.83 420.103 1272.73 589.673 683.057 243.831 122.094 583.272 480.798 303.011 177.787 121.927 121.737 117.067 60.7202 181.084 111.286 104.302 21.0408 13.2249 439.226 432.543 126.552 102.474 293.551 291.847 227.955 5.67158 4.00135 222.284 178.216 396.572 356.369 100.696 44.068 63.8916 38.3556 6.31929 15.8956 16.5026 4.47158 42.364 30.1227 13.8044
internal_count=129959 60179 69780 35001 34779 21629 5299 34812 33003 21563 11440 5819 16330 2008 9432 15744 2243 2164 1007 483 13150 12897 47965 1809 12214 12177 8584 79 61 8505 6886 11114 10160 15323 1619 3593 2264 123 673 213 78 8258 4101 1435
is_linear=0
shrinkage=0.08


Tree=75
num_leaves=45
num_cat=0
split_feature=19 23 9 19 18 3 20 3 10 3 17 5 12 19 9 7 0 2 8 7 2 3 1 17 1 8 3 0 12 8 2 7 19 16 16 1 15 11 18 18 12 17 20 9
split_gain=39.7733 45.9902 16.9315 15.2306 9.84149 14.1541 11.8419 9.7593 25.5726 37.5989 22.9822 20.3687 12.1301 10.9371 9.47886 11.3533 12.5919 10.6901 9.45556 13.6844 10.2025 9.43661 24.9203 10.9416 8.71545 12.4516 11.0914 9.69964 8.6611 8.57312 8.55919 13.7507 7.5915 10.3096 11.1592 10.2473 10.891 7.42084 7.39604 22.7225 6.97775 6.93767 5.95078 5.69995
threshold=0.63333333333333341 0.75931533793680706 0.913664596273292 0.81666666666666676 0.39444444444444454 0.83438818565400863 0.8006849315068495 0.88047619047619052 0.22500000000000003 0.60922587486744451 0.62973194188663817 0.48331479421579537 0.23845060412224597 0.30952380952380959 0.78896761133603255 0.18333333333333338 0.58571428571428574 0.77832221734599727 0.087595907928388797 0.13392857142857145 0.65691914143938135 0.44281045751633991 0.30210618692408958 0.89912111633644287 0.35767590618336892 0.24828767123287673 0.5288568257491677 0.095454545454545472 0.21132376395534294 0.37123169681309226 0.87957606434386626 0.47222222222222227 0.23611111111111113 0.32375447288742087 0.31755368814192347 0.064866760168302964 0.48900966183574884 1.0000000180025095e-35 0.29705882352941182 0.2817460317460318 0.11852502194907817 0.98142397055440544 0.38496824276640801 0.92380261248185791
decision_type=2 2 2 2 2 2 2 2 2 2 2 2 2 2 2 2 2 2 2 2 2 2 2 2 2 2 2 2 2 2 2 2 2 2 2 2 2 2 2 2 2 2 2 2
left_child=2 3 7 -2 6 18 32 8 9 10 12 -12 -1 -9 30 17 -17 -16 40 -20 -21 22 23 28 25 -23 29 -28 -5 -26 37 -32 33 34 -4 -34 -37 -10 39 -11 43 -24 -25 -6
right_child=1 -3 4 21 5 -7 -8 13 14 38 11 -13 -14 -15 15 16 -18 -19 19 20 -22 24 41 42 26 -27 27 -29 -30 -31 31 -33 35 -35 -36 36 -38 -39 -40 -41 -42 -43 -44 -45
leaf_value=-0.023326367740896643 0.067949603249019649 0.073963531903030136 0.0032706348761964549 0.0057458259526029596 0.075264010846595522 0.062290174185879406 -0.06554276276643789 -0.0012265042844628083 -0.083060431027660919 0.091921930754973402 -0.0058884711905007672 0.14355256091347907 -0.073074177064347684 0.063595247516232106 -0.086471483461256118 0.057684767469193939 -0.080787347240279181 0.081197730243348656 -0.055452786595813527 0.11004595599094584 -0.004666399653494132 -0.02337068631957983 -0.096293345458035237 -0.11743667285948708 -0.11992014405204249 0.095104811176531051 0.061514387070401931 0.0051671388674894734 -0.037882045829741917 -0.0044848218621775298 -0.49443283083928163 -0.12078467495524224 0.50356198258190565 -0.055439511796431341 0.28814337045226868 0.016332468360367607 0.16744461864968263 -0.010305144121136835 0.071364264309062883 0.81004119993753176 0.085025368635708462 0.02044576766372011 0.038369941326780996 0.010437771717465412
leaf_weight=82.484267703723162 27.93445523281116 91.118530154461041 82.210438038222492 112.79042123234831 9.7879125392064434 43.917648429400288 18.1245369061362 183.75301196868531 32.743159705540165 1.3303661858662987 365.46025958424434 5.931925398297607 50.619237884413451 18.319428246526513 19.312613285146657 14.46026978234295 5.9249628501711404 2.7845139692071816 27.649403241695836 6.7637843224220005 18.628549652639776 7.7990805504377958 21.1736746984534 1.6106161819770921 6.1895802090875831 20.869291220093146 30.35441730346065 54.940052906167693 39.258806625381112 12.300184693420304 0.69316143379546602 6.9557846295647323 0.30213163513690489 21.846313771326095 0.88957851030863722 24.510490350658078 3.4866552280727765 12.358904810622333 26.100461007910781 0.35784965683706094 11.145181909203528 3.8505742326378813 60.504136176314205 76.730098693631589
leaf_count=5369 942 43632 2549 1822 81 10571 3607 9660 4121 104 4544 49 11093 3273 2860 866 389 88 1064 117 1733 222 792 92 195 623 3007 5928 791 229 55 362 6 1862 57 1253 182 550 933 25 104 32 3347 778
internal_value=0.003545 0.0226758 -0.00444029 0.0109803 0.0104262 0.0223252 -0.00487279 -0.0106406 -0.0155645 -0.00873344 -0.0137236 -0.00350158 -0.0422455 0.00465009 -0.053745 -0.0256205 0.0174379 -0.0653431 0.0106788 -0.0165122 0.0258897 0.00669815 -0.00278814 0.00603867 0.0238289 0.0628742 0.0130434 0.0252199 -0.0055188 -0.0431276 -0.0763947 -0.154645 0.00337976 -0.00653613 0.00632017 0.0401523 0.0351514 -0.063124 0.0818608 0.244141 0.0254466 -0.0783303 0.0343299 0.0177717
internal_weight=1666.28 490.694 1175.58 399.575 345.993 194.623 151.37 829.59 627.518 532.284 504.496 371.392 133.104 202.072 95.2334 42.4824 20.3852 22.0971 150.705 53.0417 25.3923 371.641 239.188 214.164 132.453 28.6684 103.784 85.2945 152.049 18.4898 52.751 7.64895 133.246 104.946 83.1 28.2993 27.9971 45.1021 27.7887 1.68822 97.6632 25.0242 62.1148 86.518
internal_count=129959 61654 68305 18022 23964 14448 9516 44341 31408 22117 21055 4593 16462 12933 9291 4203 1255 2948 3877 2914 1850 17080 6876 6052 10204 845 9359 8935 2613 424 5088 417 5909 4468 2606 1441 1435 4671 1062 129 963 824 3439 859
is_linear=0
shrinkage=0.08


Tree=76
num_leaves=45
num_cat=0
split_feature=23 19 19 3 20 16 18 15 16 18 19 23 11 8 3 23 9 22 20 2 3 3 22 4 5 8 17 4 8 0 9 6 2 15 8 20 17 23 14 1 0 12 16 8
split_gain=35.2531 27.9981 21.159 25.6201 11.8068 27.1204 11.9469 11.8305 10.7925 12.1144 9.12929 9.13267 9.06757 8.44716 8.23542 19.5495 14.4599 7.6791 9.27634 8.09092 13.0537 7.92529 7.56158 8.92989 9.53145 8.18344 7.23176 6.76245 9.46784 7.63098 6.33041 6.02942 5.83316 5.90697 5.65033 5.62157 11.553 7.57263 7.65769 12.2323 17.8565 7.66047 5.4298 11.5544
threshold=0.84145395044413285 0.15476190476190479 0.41428571428571431 0.81302966101694929 0.54358379062895745 0.47921466973886334 0.62019230769230782 0.41431417188389302 0.70861642294713179 0.40588235294117653 0.095454545454545472 0.2779877203406616 1.0000000180025095e-35 0.045983086680761072 0.091431556948798356 0.23354508745150979 0.99264705882352955 1.0000000180025095e-35 0.92334401709401726 0.42577314326540344 0.44281045751633991 0.45512082853855013 1.0000000180025095e-35 0.83398950131233607 0.080540540540540578 0.047065337763012201 0.45727098014093537 0.30860805860805868 0.39718309859154938 0.095454545454545472 0.42980295566502463 1.0000000180025095e-35 0.62247571057639717 0.38004524886877833 0.14907407407407411 0.97234964322120299 0.62345301757066474 0.925006047411708 0.54006410256410264 0.90803382663847798 0.64583333333333337 0.8402898550724639 0.63188142770719913 0.039607843137254913
decision_type=2 2 2 2 2 2 2 2 2 2 2 2 2 2 2 2 2 2 2 2 2 2 2 2 2 2 2 2 2 2 2 2 2 2 2 2 2 2 2 2 2 2 2 2
left_child=2 35 4 17 6 14 22 10 12 -10 11 -7 -9 -12 15 16 -6 27 19 21 -21 -19 23 24 -1 -24 31 32 -29 -30 -27 -5 33 -4 -28 36 -2 38 -37 41 -41 -40 43 -20
right_child=1 -3 3 26 5 7 -8 8 9 -11 13 -13 -14 -15 -16 -17 -18 18 42 20 -22 -23 25 -25 -26 30 34 28 29 -31 -32 -33 -34 -35 -36 37 -38 -39 39 40 -42 -43 -44 -45
leaf_value=-0.088480493531886903 0.0042549051128973267 0.073016515085363151 0.031011073455487381 0.084239208917787897 -0.08354580533530831 0.31741849548394885 0.039540888907145688 -0.034296505499968044 0.10305650488424012 -0.0037284194074323446 0.13562186189443978 0.076882579922802313 0.0099827848812343092 -0.066518805262328978 -0.061992667861414087 1.0030087269834116 0.61551230552236946 0.034448292886988724 0.25442301580155496 -0.034695123836438253 0.018805165567789425 -0.20909198899447889 0.0845616400367879 -0.12210422490742963 -0.0057876421088401356 0.071868522593359296 -0.32977441771651822 -0.049711256877127193 0.041774921523256951 -0.038490572144343531 -0.0012277815962320347 -0.022599633148585884 0.12699856077546118 -0.0042105274134166424 0.074344865434165838 0.080474164391065486 0.064941342796720522 0.080242844215422493 -0.20452176758889007 -0.15003104331947273 -1.1028120414504274 0.02566553188270735 0.05476001723126496 -0.056009863878771729
leaf_weight=9.798014290397985 103.31244613742456 75.190516729897354 36.481948413653299 4.8943914764095071 1.1446770150214423 1.1313598600681896 50.211492154747248 154.12226229929365 6.9769889584276816 266.93210291326977 1.7729527128394682 9.4351332511287165 36.633863219292834 5.2141359804663807 80.49271050572861 0.1469487240538 0.22691416065208603 57.979983443627134 0.87040541344322164 53.433403039583936 64.32480193907395 0.86797371366992493 9.0001463117077929 5.0398825425654641 99.638911212328821 8.2745267874561232 0.22242410946637292 42.268121256260201 18.224139516591098 12.979632852133362 90.684313183883205 10.930425453465432 2.3994353108573696 185.03897613822483 49.500828753225505 1.133926901500671 24.919070905772969 1.9278544276021419 2.0826571851503108 0.33206874737516034 0.20275648019742221 1.6650052890181539 46.296031082049012 6.4806630455423146
leaf_count=208 2552 39144 536 105 200 24 836 9145 142 6126 45 314 1119 624 20171 3 5 1521 9 1739 3182 23 66 136 1939 111 7 2422 842 1489 2178 120 57 5335 17565 176 6362 608 126 36 36 107 1820 648
internal_value=0.00331912 0.0338637 -0.00118259 0.0103756 -0.00937527 -0.0159807 0.00429424 -0.00874755 -0.011183 -0.0010084 0.0557222 0.102637 -0.0257929 -0.0152262 -0.0585106 0.126059 0.0321054 0.00451572 0.0154839 0.00663389 -0.00547087 0.0308562 -0.00366215 -0.0179862 -0.0131912 0.0115266 0.0575465 -0.00397632 -0.0250366 0.0083874 0.00488423 0.0104441 0.00293389 0.00159007 0.0725371 0.0121495 0.016048 -0.0559198 -0.104384 -0.153331 -0.511238 -0.102255 0.0446183 -0.019253
internal_weight=1640.84 210.766 1430.07 593.194 836.877 564.23 272.647 482.219 464.665 273.909 17.5536 10.5665 190.756 6.98709 82.0113 1.51854 1.37159 527.646 230.253 176.606 117.758 58.848 222.436 114.477 109.437 107.959 65.5481 297.392 73.4719 31.2038 98.9588 15.8248 223.92 221.521 49.7233 135.576 128.232 7.34427 5.41641 4.28249 0.534825 3.74766 53.6471 7.35107
internal_count=129959 49147 80812 37420 43392 37918 5474 17539 16532 6268 1007 338 10264 669 20379 208 205 19623 8942 6465 4921 1544 4638 2283 2147 2355 17797 10681 4753 2331 2289 225 5928 5871 17572 10003 8914 1089 481 305 72 233 2477 657
is_linear=0
shrinkage=0.08


Tree=77
num_leaves=45
num_cat=0
split_feature=16 3 20 17 2 5 18 16 14 15 19 15 16 19 8 3 23 22 3 9 18 8 9 16 14 8 6 20 23 4 17 15 20 20 3 12 17 14 9 8 9 1 20 1
split_gain=31.3867 31.5637 15.7627 26.9564 15.5086 10.1548 8.76301 8.444 8.35069 9.31716 8.0688 7.95023 7.58453 7.50944 7.01915 22.4597 10.6698 6.74318 9.07609 6.88174 6.67612 7.08393 8.03055 7.04938 6.34006 38.9931 6.46566 5.57596 5.41059 5.20395 5.45985 15.598 11.4045 5.0964 14.6839 21.1643 50.7568 8.37239 5.07594 7.53356 8.21301 6.03566 5.57201 8.01318
threshold=0.81977395377252837 0.81872946330777663 0.72104203935599298 0.52559423544825024 0.84723124098124114 0.050641025641025628 0.82843137254901966 0.7595917966833482 0.5590277777777779 0.42672245467224551 0.35416666666666669 0.42672245467224551 0.81696134252322461 0.35416666666666669 0.3066239316239317 0.34960317460317464 0.40912774357921922 1.0000000180025095e-35 0.10367218987908645 0.33558558558558566 0.60769230769230786 0.076197387518142215 0.74388789505068587 0.94923064906662513 0.61721611721611735 0.74849397590361455 1.0000000180025095e-35 0.86010752688172054 0.37009398331137472 0.91331186258722508 0.95669224211423709 0.91184090216397451 0.94466316710411202 0.94881152910349997 0.25227272727272732 0.10596491228070178 0.46943566158857913 0.19139194139194141 0.53378995433789966 0.37123169681309226 0.56118955926401382 0.70801282051282055 0.97073101085094249 0.30210618692408958
decision_type=2 2 2 2 2 2 2 2 2 2 2 2 2 2 2 2 2 2 2 2 2 2 2 2 2 2 2 2 2 2 2 2 2 2 2 2 2 2 2 2 2 2 2 2
left_child=2 20 5 33 8 -1 7 17 9 -5 29 -9 -11 24 16 -16 -8 19 -19 -7 27 22 23 -22 26 -26 -6 -2 -13 30 31 -3 -33 -4 35 37 -37 -35 42 40 -40 -41 43 -23
right_child=1 10 3 4 13 6 14 11 -10 12 -12 28 -14 -15 15 -17 -18 18 -20 -21 21 38 -24 -25 25 -27 -28 -29 -30 -31 -32 32 -34 34 -36 36 -38 -39 39 41 -42 -43 -44 -45
leaf_value=-0.091825894153658716 0.098927704601842137 0.027678797692980726 -0.07256150884430547 0.038313279377963382 0.056078199739160624 0.047698669463891598 0.041409554636980948 0.47869157175110738 0.02067808756854559 -0.020765358356844673 0.076558817041958438 0.346050154103762 -0.21416032906602947 0.076702462438294358 1.1373239767252479 0.083344733790899267 -0.084173550557698359 0.065068299318394585 0.006743457262447774 -0.0078222071719244619 -0.097006520409119473 0.0092065431230801149 0.04946882191740036 0.08682244045081508 -1.2452504998274361 0.080293059477815149 -0.0099571328227300044 0.017306542947417455 0.048226820758987883 0.080104157231315989 0.067703165369621066 0.029652377355387467 -0.23911791926893156 -0.080988713521724154 -0.059290289342312404 -0.081486049975171795 1.6852554017445609 0.24273923173090312 -0.13121513695099085 0.023629428231629494 -0.019678892202984213 -0.051448766214304165 -0.015471255887746969 0.0737903538638158
leaf_weight=7.0375908692367366 9.1519714691676217 16.273150808177895 54.151609473978169 17.621980249765329 16.285761838546023 14.862472696462644 27.044953771401197 0.29490136785898258 40.401573226670735 276.79504243505653 67.773315049649682 0.40398847265168925 1.3039449409116048 16.783071025856771 0.13101637363433738 10.459087812458163 5.1551872286945573 18.094996381783858 303.049311508541 369.52648369886447 4.8114569471217683 41.01691076066345 36.815215870738029 1.8477830821648238 0.18084306875243683 0.66176094184629619 22.739144874038175 12.916989336721597 11.604553760727866 10.240810552146284 8.5206027587410045 1.579062029486521 2.8056545061990619 1.2430645390413699 10.135688166250473 0.24450872652232636 0.18119148467667401 0.86853423202410329 4.4782775919884434 46.695147177786566 74.775959262158722 8.0316692247288284 26.80262312758714 17.558651758357882
leaf_count=285 278 2158 15689 768 1560 266 719 19 1014 10637 39707 7 43 7125 2 2040 44 242 12625 10477 81 414 2972 63 14 136 1414 282 1208 4310 1372 280 138 261 3108 46 26 5 46 4343 876 1778 755 326
internal_value=0.00311061 0.0228151 -0.00318473 -0.0149022 -0.00691065 0.00383046 0.00471551 0.00261903 -0.0134368 -0.0180976 0.0598195 0.0683238 -0.0216721 0.0318108 0.0398854 0.0963841 0.0213039 0.00147324 0.0100298 -0.00567548 0.00889241 0.00534383 0.0348456 -0.0459983 0.0129128 -0.2042 0.0176005 0.0511547 0.0582461 0.0310398 0.0138196 -0.00840542 -0.142326 -0.0618737 -0.0162049 0.155907 0.670495 0.0521658 -0.000503069 -0.0102176 -0.0259813 0.012611 0.0147416 0.0285662
internal_weight=1619.36 392.095 1227.26 459.598 392.773 767.665 760.627 717.837 336.123 295.721 107.193 12.3034 278.099 56.6506 42.7902 10.5901 32.2001 705.533 321.144 384.389 284.903 262.834 43.4745 6.65924 39.8675 0.842604 39.0249 22.069 12.0085 39.4193 29.1785 20.6579 4.38472 66.8246 12.673 2.5373 0.4257 2.1116 219.359 133.981 79.2542 54.7268 85.3782 58.5756
internal_count=129959 60179 69780 41846 22711 27934 27649 24844 12462 11448 47965 1234 10680 10249 2805 2042 763 23610 12867 10743 12214 11654 3116 144 3124 150 2974 560 1215 8258 3948 2576 418 19135 3446 338 72 266 8538 7043 922 6121 1495 740
is_linear=0
shrinkage=0.08


Tree=78
num_leaves=45
num_cat=0
split_feature=19 23 9 19 16 3 8 17 8 14 17 20 3 12 3 9 20 3 17 4 17 9 8 11 6 8 12 20 16 1 7 19 2 12 23 17 20 12 16 23 8 4 23 22
split_gain=28.5483 38.7315 13.6433 13.4614 9.59391 8.36149 31.5945 16.7605 18.7021 10.9856 8.86641 9.23693 7.33385 10.1845 9.94952 9.69278 9.05161 8.86523 7.42096 7.23557 7.06259 7.69533 7.54687 18.5201 20.3062 13.0223 9.2689 8.75729 13.6144 6.78152 6.73417 6.60782 5.82465 16.7469 5.83774 5.27542 5.24941 4.9155 4.65754 4.62264 4.52997 7.66975 4.3237 4.23816
threshold=0.63333333333333341 0.75931533793680706 0.90661337209302328 0.81666666666666676 0.97426435802819567 0.96459899749373446 0.96051948051948066 0.54708917916465094 0.77459677419354855 0.67424242424242431 0.77183447749809331 0.96680440771349874 0.60922587486744451 0.3163105784262637 0.41728855721393038 0.23582887700534763 0.29222126188418329 0.44281045751633991 0.45476087893149514 0.35751879699248124 0.81705285476298661 0.97801932367149769 0.076197387518142215 1.0000000180025095e-35 1.0000000180025095e-35 0.072077922077922088 0.083771929824561456 0.41752907286887875 0.41682754182754189 0.097167584579071611 0.18333333333333338 0.30952380952380959 0.97149206349206352 0.93127066603684472 0.69342594379059763 0.98142397055440544 0.91693205944798317 0.048199767711962889 0.47087104072398195 0.46677965617274247 0.40253164556962034 0.67962264150943408 0.84545951316443124 1.0000000180025095e-35
decision_type=2 2 2 2 2 2 2 2 2 2 2 2 2 2 2 2 2 2 2 2 2 2 2 2 2 2 2 2 2 2 2 2 2 2 2 2 2 2 2 2 2 2 2 2
left_child=2 3 4 37 5 6 7 8 -1 -9 -8 -12 13 14 16 -16 -5 35 -14 -19 22 43 25 26 36 27 -24 29 -29 -4 -28 32 34 -34 -7 -15 -25 -2 -27 -39 41 -3 -26 -22
right_child=1 40 20 12 -6 31 10 9 -10 -11 11 -13 18 17 15 -17 -18 19 -20 -21 21 -23 23 24 42 38 30 28 -30 -31 -32 -33 33 -35 -36 -37 -38 39 -40 -41 -42 -43 -44 -45
leaf_value=-0.048087718009574482 -0.34434370109093387 -0.43103510512977006 -0.068424823000746024 -0.11067169527218662 0.078572313810922834 -0.017392464529109759 -0.094922359859756431 -0.0020755995127594009 0.11456763691834074 -0.045186707749253777 -0.41820936942198977 -0.14028747391049301 -0.027890140454238013 -0.095732283192347375 -0.045403366537229824 0.08309313275758172 0.0046332029282432716 0.034406892868559032 0.041694000214009021 -0.033603587477498864 -0.0066954125386625993 0.058790025574303406 0.12654038531143125 0.096629864301127133 -0.025713509065440201 0.09157933760807227 -0.06966471577060479 0.10518526554377941 0.011425164095615423 0.050026872712512258 -0.002184629116713843 0.066340911781471071 -0.24666160185319866 0.053317606352811166 0.014957299162837105 0.014063248035950944 -0.030604651425793862 0.089547840775542772 0.2913283554744765 0.016684920876826669 0.07459338754507347 0.081943586944262542 0.0077483955037193492 0.041392924816634119
leaf_weight=101.11152342509013 0.18686702428385871 0.30650429590605099 11.421471439301966 4.4524131435900918 7.8028335145208976 54.901590251596645 13.113096788641998 449.03153944248334 4.7360271916259071 41.309341389103793 1.2040322434622788 2.1006526147248223 11.928391716675831 15.016327795921827 4.7041167845018235 18.661128279753029 203.81421798397787 15.661640699487178 55.203604241833091 27.751237642369233 34.105427485192195 34.003368926583789 1.9134609147440631 18.508715044474233 37.717759946477599 1.5629589254967862 37.948184631066397 12.487805423093958 48.044829709455371 4.2422642447054377 12.609934609383343 10.548770751920527 2.2227798711974165 2.5660472648451105 102.08357738726772 3.4428347907960406 2.337378254858776 18.344796575373042 1.4311651706229893 8.0039410066092369 73.586406535585411 0.47657601838000119 71.679411251447164 17.878046023542993
leaf_count=18376 3 21 85 79 568 3220 1286 11869 296 1212 44 18 303 621 120 332 6007 331 8508 756 2104 7042 14 2143 3478 29 4633 331 576 47 279 2431 144 216 3882 23 254 446 15 493 43567 44 2024 1689
internal_value=0.0028913 0.0196791 -0.00390168 0.00952212 -0.00969781 -0.0105753 -0.0149545 -0.0119396 -0.0408099 -0.00570755 -0.124436 -0.241546 0.00547576 1.97024e-05 0.00772167 0.057223 0.00216817 -0.0288144 0.0293299 -0.00906811 0.00930579 0.029199 0.00277459 -0.00616569 0.0100006 0.0234023 -0.046293 0.0169715 0.0307678 -0.0363441 -0.0528342 0.00499282 0.000992506 -0.0859206 0.00364379 -0.0752542 0.0823636 0.0645147 0.187058 0.0674143 0.0725566 -0.118841 -0.00378854 0.00984303
internal_weight=1602.16 461.541 1140.62 387.172 792.732 784.929 612.606 596.188 105.848 490.341 16.4178 3.30468 360.636 293.504 231.632 23.3652 208.267 61.872 67.132 43.4129 347.892 85.9868 261.905 182.715 130.243 79.1905 52.4716 76.1964 60.5326 15.6637 50.5581 172.323 161.774 4.78883 156.985 18.4592 20.8461 26.5356 2.99412 26.3487 74.3695 0.78308 109.397 51.9835
internal_count=129959 61654 68305 18022 43562 42994 33101 31753 18672 13081 1348 62 17080 8269 6538 452 6086 1731 8811 1087 24743 10835 13908 12825 7899 1083 4926 1039 907 132 4912 9893 7462 360 7102 644 2397 942 44 939 43632 65 5502 3793
is_linear=0
shrinkage=0.08


Tree=79
num_leaves=45
num_cat=0
split_feature=17 3 22 18 9 15 14 9 18 11 20 12 19 20 16 16 17 9 12 10 8 17 16 15 20 20 14 17 6 14 19 20 17 20 14 9 2 0 8 7 15 15 9 5
split_gain=26.0006 24.5663 14.3938 14.5409 12.2093 8.60872 10.4108 13.2506 8.85316 18.5276 15.0359 13.2539 11.38 8.26089 23.1698 11.1031 14.3087 9.71991 7.80205 9.63227 9.45796 7.70287 11.2904 13.1217 8.46001 7.78073 10.5671 8.76295 7.35254 7.25933 6.29114 6.38511 10.2264 10.9805 6.78005 6.1975 11.2154 10.2646 8.87343 8.86824 9.05981 8.18762 5.37423 4.82332
threshold=0.90026178010471225 0.82167318982387483 1.0000000180025095e-35 0.91287878787878796 0.21244358478401035 0.89943959174728416 0.44722222222222224 0.86754385964912295 0.18898809523809526 1.0000000180025095e-35 0.26639784946236561 0.2184659090909091 0.13392857142857145 0.75091240875912424 0.57205789804908758 0.5823480317151204 0.65692963752665257 0.97182539682539693 0.82870012870012877 0.73214285714285732 0.81530214424951286 0.76224734498115809 0.48496155585707829 0.38004524886877833 0.74894957983193289 0.47233158355205601 0.30901856763925734 0.78065486134313411 1.0000000180025095e-35 0.22902097902097904 0.19090909090909094 0.94466316710411202 0.95074615893552894 0.94604989604989609 0.70710784313725505 0.85329985652797713 0.36086927263397856 0.087121212121212141 0.31311274509803927 0.18333333333333338 0.95896025151583209 0.77805145046524371 0.84409722222222239 0.1680790960451978
decision_type=2 2 2 2 2 2 2 2 2 2 2 2 2 2 2 2 2 2 2 2 2 2 2 2 2 2 2 2 2 2 2 2 2 2 2 2 2 2 2 2 2 2 2 2
left_child=2 18 3 13 -4 8 7 -7 10 11 28 -10 -11 21 -15 16 -16 -17 35 -20 -21 22 23 -1 -24 27 -27 -23 -6 -5 31 -3 33 -33 -35 37 -37 38 42 -39 -41 -40 -2 -32
right_child=1 30 4 29 5 6 -8 -9 9 12 -12 -13 -14 14 15 17 -18 -19 19 20 -22 25 24 -25 -26 26 -28 -29 -30 -31 43 32 -34 34 -36 36 -38 39 41 40 -42 -43 -44 -45
leaf_value=0.0023643114271207893 -0.00081187115274556059 0.064746171887951343 -0.078519080645284442 -0.26773857622550057 0.078479144085398592 -1.2588602087856484 -0.10165112989929169 0.080120988994398026 0.023934800764681699 0.019524986760501978 -0.052918395803303854 -0.0081718871186658455 0.071806786952991253 -0.069410509078882243 -0.038171397025334446 -0.019606957955918786 0.26850564261726939 0.045329795047258079 0.080515651576789651 -0.47979896937639632 -0.058707313889442031 -0.10775000759167362 0.020268271554687398 -0.03952508941967732 0.19383799461614837 -0.11227662433238686 -0.02673776452885377 0.025553795555467156 0.00018821991940914555 0.073192723550666416 -0.31782863499958441 -0.65692886476645318 0.049119924060459799 -0.015425936979369654 -0.21966700755464252 -0.17862439654335385 0.03383754508285771 -0.12901353988206282 0.09772374003897405 0.03150997723474689 -0.15498036258380155 0.018849379867266453 -0.12311041067067578 0.075952325258401579
leaf_weight=169.44622292125132 102.86451171711087 13.5404388634488 10.632840511039829 0.41019328497350471 8.4128434313461167 0.11916153586935152 1.2268161595566196 0.078434731694869697 137.43630371754989 60.059772401698865 37.095978174242191 205.0674452354433 47.892898408346809 56.189133633452002 1.852317649056203 154.24916989961639 2.0527052417164668 16.31246735190507 0.7915947664296249 0.68591771286446579 0.67958813428413123 3.6465998636558679 88.444302476826124 66.697117967763916 1.8345054975943629 11.682286900235338 44.264378091669641 23.461629812256433 87.777408153750002 15.637148506008087 0.19976058043539424 0.21674877917393853 6.8428652490256354 3.5453096609562635 1.4721708530560134 1.6229449446545903 78.626578390249051 6.6319850735599202 11.366323989117516 7.6438965628622082 2.1322570465272292 32.527100382023491 2.3521905068773767 58.013783513975795
leaf_count=4947 2010 3189 300 4 1081 16 132 37 2264 4584 6523 11705 11997 13089 198 5721 57 2339 218 31 43 33 2235 4330 59 143 1123 229 1004 1523 9 31 1401 399 128 15 7267 80 238 633 221 929 133 37311
internal_value=0.00271262 0.0226253 -0.00256395 -0.0107376 0.00643808 0.0079818 -0.18845 -0.727359 0.00846112 0.0138203 -0.0096507 0.00471155 0.0427197 -0.0126232 -0.024732 -0.0103427 0.123036 -0.0133964 0.00996648 -0.141516 -0.270229 -0.00580238 -0.000267678 -0.00946707 0.0237953 -0.0275549 -0.0445992 0.00762176 0.00703558 0.064478 0.0600629 0.0270263 -0.015264 -0.099435 -0.075352 0.011296 0.0295408 0.0024503 0.00905897 -0.0576065 -0.00916505 0.0392741 -0.00354594 0.0746011
internal_weight=1583.74 331.756 1251.98 656.18 595.8 585.167 1.42441 0.197596 583.743 450.456 133.286 342.504 107.953 640.133 230.656 174.467 3.90502 170.562 247.925 2.1571 1.36551 409.477 326.422 236.143 90.2788 83.0549 55.9467 27.1082 96.1903 16.0473 83.8311 25.6175 12.0771 5.23423 5.01748 245.768 80.2495 165.518 149.11 16.4081 9.77615 43.8934 105.217 58.2135
internal_count=129959 54286 75673 36030 39643 39343 185 53 39158 30550 8608 13969 16581 34503 21404 8315 255 8060 11818 292 74 13099 11571 9277 2294 1528 1266 262 2085 1527 42468 5148 1959 558 527 11526 7282 4244 3310 934 854 1167 2143 37320
is_linear=0
shrinkage=0.08


Tree=80
num_leaves=45
num_cat=0
split_feature=19 23 19 9 16 12 9 15 20 16 14 17 15 9 22 18 8 7 8 5 2 12 20 7 2 20 23 1 23 8 3 9 20 18 16 23 16 15 20 17 14 9 8 8
split_gain=23.1509 34.239 12.0397 10.976 8.49944 7.6449 9.43582 8.16831 8.06852 16.4048 12.5438 11.3992 9.27368 8.8473 6.57332 6.24288 5.65734 17.8224 14.1812 11.7821 10.0012 8.74212 7.67364 6.92815 5.22375 4.98919 10.0751 5.58931 4.96658 7.02696 10.7109 8.65885 4.75716 16.2731 9.6112 6.21438 4.88933 11.8929 8.13431 4.54046 4.14807 4.06454 6.60979 3.85108
threshold=0.63333333333333341 0.75931533793680706 0.81666666666666676 0.90661337209302328 0.97426435802819567 0.089719939627704207 0.84045454545454557 0.81558821934154158 0.89138860802157072 0.87885582280201124 0.67424242424242431 0.92089677095532896 0.90630852059925104 0.48038461538461547 1.0000000180025095e-35 0.8377192982456142 0.076197387518142215 0.13392857142857145 0.54110360360360377 0.11566332218506127 0.6452196374126199 0.083771929824561456 0.56017241379310356 0.2678571428571429 0.36086927263397856 0.44586453923803326 0.21224647985153106 0.098563043918235185 0.24193611793611799 0.20761494252873566 0.44281045751633991 0.18301435406698566 0.88107024988213112 0.70714285714285718 0.39781975880710513 0.35867091295116782 0.61920122887864837 0.52280154486036845 0.76325833668139831 0.95379140432521237 0.62828947368421062 0.88303693570451447 0.055946791862284857 0.40253164556962034
decision_type=2 2 2 2 2 2 2 2 2 2 2 2 2 2 2 2 2 2 2 2 2 2 2 2 2 2 2 2 2 2 2 2 2 2 2 2 2 2 2 2 2 2 2 2
left_child=3 2 -2 4 5 6 7 40 9 13 11 -10 -12 -7 32 16 19 18 21 25 -19 -18 -20 -22 -17 27 -27 -5 -16 31 -31 -30 36 34 -34 -35 38 -38 -4 -11 -1 -8 -43 -3
right_child=1 43 14 15 -6 8 41 -9 10 39 12 -13 -14 -15 28 24 17 20 22 -21 23 -23 -24 -25 -26 26 -28 -29 29 30 -32 -33 33 35 -36 -37 37 -39 -40 -41 -42 42 -44 -45
leaf_value=-0.066973181922570832 0.061931942852693871 -0.097137425168409383 0.001455509090891092 -0.039113022332539361 0.077456336852664828 0.012615357070467792 0.041066089015256692 0.049547645311940468 -0.021088318948296481 0.085113159852649695 -0.027612596401023537 0.052443013236670499 -0.11908940929489661 -0.0116619792552057 -0.047768703737635428 -0.40640571223581751 0.10702984309989694 0.11334285216342795 0.25616759632416641 0.13031804064850466 -0.068811309204165727 -0.061513870291602601 0.02897199052784008 0.011519615689133162 0.05486947707984885 0.11074375888196163 0.014506982197595709 0.051778372825846859 -0.14129837454658767 -0.02121410066087219 0.028254623075829457 0.051192034111557171 0.28874163461788965 -0.17904586723222943 -0.09330703330732415 0.0044114424158345272 0.12255368638778343 0.007156808600453749 -0.092680247024063842 0.015834511646125777 -0.21501113951778805 0.019466635117879678 -0.19374657928873962 0.073765825351995509
leaf_weight=33.108189740451053 25.461531830311287 0.85505337454378505 62.027241928037256 18.241548934951428 7.2423701329389578 126.12321740144398 10.757606932893394 3.9166286624968043 121.4960420866264 16.262634132872336 14.8408877470647 15.178671772242522 13.585279450868255 403.17722542543197 7.4295362364500752 0.15835103974677878 2.055393307702615 5.9626099359011269 1.274795782053842 5.9370302120223633 7.210915138712152 47.169691563816741 3.7509581989143044 145.84269903285895 20.276606719824485 7.7582473703660062 67.852735708002001 5.6778030367568126 1.5456632480490942 46.581165080424398 70.268554499489255 46.197390191955492 0.43114301178138958 1.2071710741147388 18.696521046222188 56.006964826025069 6.9929522427264592 31.297270932351239 6.4894050596049047 9.6455693672178331 1.2573833763599385 2.7799802962690583 1.3987599282991139 64.366501538141165
leaf_count=1980 942 65 1039 158 568 4040 153 27 10235 885 619 689 510 23018 159 2 15 101 71 59 377 4738 483 13760 3847 216 842 74 61 961 6341 1731 60 29 846 3706 134 1518 495 760 7 44 27 43567
internal_value=0.00255161 0.0179689 0.00879195 -0.00358609 -0.00880598 -0.00961363 -0.0388731 -0.0599143 -0.00745186 -0.00283471 -0.0229786 -0.0129222 -0.0713307 -0.00587711 0.00498245 0.00843014 0.00568195 -0.00181317 -0.0414071 0.0208379 0.0116949 -0.0544763 0.0866008 0.00773493 0.051295 0.0143074 0.0243816 -0.0175379 0.0162123 0.0191003 0.00853433 0.0449602 -0.00556517 -0.0208155 -0.0846955 0.000540645 0.00533526 0.0282318 -0.00746035 0.0593209 -0.0723897 0.0150562 -0.0519027 0.0715253
internal_weight=1565.79 445.854 380.633 1119.94 780.77 773.528 53.2185 38.2822 720.31 555.209 165.101 136.675 28.4262 529.3 355.171 339.169 318.734 213.267 54.2508 105.467 159.016 49.2251 5.02575 153.054 20.435 99.5303 75.611 23.9194 172.022 164.593 116.85 47.7431 183.149 76.3418 19.1277 57.2141 106.807 38.2902 68.5166 25.9082 34.3656 14.9363 4.17874 65.2216
internal_count=129959 61654 18022 68305 43562 42994 2238 2014 40756 28703 12053 10924 1129 27058 17080 24743 20894 19545 5307 1349 14238 4753 554 14137 3849 1290 1058 232 9253 9094 7302 1792 7827 4641 906 3735 3186 1652 1534 1645 1987 224 71 43632
is_linear=0
shrinkage=0.08


Tree=81
num_leaves=45
num_cat=0
split_feature=16 3 20 17 2 0 1 4 19 5 3 2 3 8 12 9 8 17 12 19 13 14 14 18 4 4 5 3 14 9 20 12 15 9 9 20 8 12 12 2 3 20 15 17
split_gain=20.9152 24.4251 11.94 22.3568 11.6377 9.30892 9.30847 9.26868 9.29969 8.44597 7.85969 14.0064 7.63721 25.8577 22.7116 17.0578 13.256 10.3824 7.56226 7.43899 6.77202 6.13014 8.64886 9.35918 6.26518 6.20327 6.06589 7.95056 6.81268 5.68389 5.38317 5.30558 5.2653 5.12214 6.04566 4.91196 12.1256 6.58707 4.77792 5.18077 4.34404 4.24666 4.22673 5.04703
threshold=0.81977395377252837 0.81872946330777663 0.72104203935599298 0.52559423544825024 0.69452037283845081 0.095454545454545472 0.22378716744913932 0.41955396256471528 0.35416666666666669 0.050641025641025628 0.41728855721393038 0.42577314326540344 0.10367218987908645 0.065044949762030693 0.10063291139240506 0.8389976958525347 0.041241496598639467 0.4935886897912215 0.86706827309236967 0.35416666666666669 1.0000000180025095e-35 0.37715517241379315 0.4045454545454546 0.60769230769230786 0.1438923395445135 0.10063291139240506 0.075710532600907585 0.10063291139240506 0.15504807692307696 0.80735492577597856 0.76325833668139831 0.083771929824561456 0.85196142888450599 0.74388789505068587 0.77871939736346529 0.94881152910349997 0.042781972088766836 0.098563043918235185 0.917156862745098 0.97037999037999045 0.40270270270270275 0.95020661157024799 0.59102104791759968 0.48307131744862036
decision_type=2 2 2 2 2 2 2 2 2 2 2 2 2 2 2 2 2 2 2 2 2 2 2 2 2 2 2 2 2 2 2 2 2 2 2 2 2 2 2 2 2 2 2 2
left_child=2 21 9 35 6 -6 26 -7 -9 -1 30 -12 13 33 15 29 -17 20 -19 38 -16 40 -23 -24 25 -25 28 -28 -5 -14 -8 -15 -26 -11 -35 42 37 -37 39 -3 -2 -38 -4 -44
right_child=1 19 3 4 5 7 10 8 -10 12 11 -13 14 31 17 16 -18 18 -20 -21 -22 22 23 24 32 -27 27 -29 -30 -31 -32 -33 -34 34 -36 36 41 -39 -40 -41 -42 -43 43 -45
leaf_value=-0.087673943886101655 0.12648649879703885 0.014365172312791049 -0.07404808187345166 0.16390900776971229 0.10066758401012603 -0.39411961940038803 0.012770717566361596 -0.0046665690655005058 0.060226284280001041 -0.022522170153075928 0.17608633769981083 -0.017847359500423265 -0.081341901510463346 -0.045686334351226446 0.0045356661644441925 -0.23366726246481148 0.0045493322935686985 0.013282661687170972 0.067933039222013172 0.075447563463115236 -0.02024548215727387 -0.098658893046497914 0.08392605945976063 0.0070019427280766213 0.014852150337267861 0.06217947948304825 0.059318950773519757 -0.0012630446638229481 -0.061043659074309781 -0.1950440119393505 -0.059235849323752331 -0.17460368187756203 -0.012056287345346028 0.11714524140267063 0.038385717006224715 -0.080826202790884857 0.10269373895060283 0.29735590110259474 0.08013348672230293 -0.46276166804790031 -0.0050313690613619979 -0.061982353483089496 0.3266300031488239 -0.083311861054046518
leaf_weight=6.4634289892856023 4.635119031649082 27.356135792331774 45.914719783875626 0.91641974914818902 8.452027179184368 0.35822871176060189 7.6121347299776962 49.505830412032083 19.781053355603945 7.8061603833921245 2.45426307467278 82.571487478096969 22.350756271509457 4.0980717835482192 190.68401035713032 1.5746036083437527 29.582671315176412 275.03845063893823 17.219405520299915 51.579804369423073 112.04601758287754 5.0026069486048064 9.8770067861769331 33.473453224403784 74.132696406450123 21.361588974483311 15.573798130499197 126.28702140133828 14.408804879523812 3.21901811659336 52.281351843033917 4.0744129053782672 125.03786911536008 6.8620347203686824 68.546180428238586 0.40018538839649309 1.1234171899268393 1.1188984522595999 8.6034833568846789 0.14642826037015666 2.4605904408963397 9.2906350479461235 0.37230770394671608 0.39733775064814836
leaf_count=285 34 4070 15639 90 848 35 367 3577 7475 196 35 4246 629 71 4012 36 360 8773 4214 39707 8308 63 331 2243 2563 1314 231 1921 327 57 3559 51 5522 70 872 88 84 22 4157 31 144 3252 6 44
internal_value=0.00238264 0.0191705 -0.00275473 -0.0132351 -0.00614489 0.0213833 -0.0132612 0.0117615 0.01386 0.00338081 -0.0278861 -0.0122495 0.00417279 0.0258309 0.00113578 -0.0472306 -0.00748948 0.00574711 0.0165026 0.0559521 -0.0046363 0.00748405 0.00554718 0.00752269 0.00455175 0.028497 0.000222402 0.00538778 -0.0475919 -0.095656 -0.0500842 -0.109958 -0.00204078 0.0391668 0.0455527 -0.0592232 -0.0134183 0.197728 0.0281017 0.0118249 0.0808798 -0.0442179 -0.0709315 0.114993
internal_weight=1552.05 363.667 1188.39 438.82 380.202 78.0971 302.105 69.6451 69.2869 749.565 144.919 85.0258 743.102 91.3869 651.715 56.727 31.1573 594.988 292.258 87.6859 302.73 275.981 268.885 263.883 254.006 54.835 157.186 141.861 15.3252 25.5698 59.8935 8.17248 199.171 83.2144 75.4082 58.6175 11.9331 1.51908 36.106 27.5026 7.09571 10.4141 46.6844 0.769645
internal_count=129959 60179 69780 41846 22711 11935 10776 11087 11052 27934 8207 4281 27649 1260 26389 1082 396 25307 12987 47965 12320 12214 12036 11973 11642 3557 2569 2152 417 686 3926 122 8085 1138 942 19135 3446 110 8258 4101 178 3336 15689 50
is_linear=0
shrinkage=0.08


Tree=82
num_leaves=45
num_cat=0
split_feature=19 3 17 1 8 20 16 15 0 10 9 3 8 12 14 23 14 18 14 15 15 20 9 14 8 3 14 17 19 14 20 15 9 8 14 8 12 9 9 4 20 8 5 15
split_gain=19.3116 43.1525 11.1887 10.5176 44.8663 9.87376 19.5408 9.6185 8.37871 10.9832 21.239 17.6637 10.6642 8.38034 8.29003 8.19438 8.66885 8.17309 6.77259 7.65207 8.32988 6.59983 6.25006 9.9954 7.07209 6.09396 6.51939 6.3664 5.85631 5.07514 4.91686 4.63279 4.56127 4.16122 3.96426 5.75121 6.06475 3.77595 3.35436 4.56827 3.17438 3.07923 22.1548 3.01359
threshold=0.41428571428571431 0.82426470588235301 0.97525762677277839 0.87895437895437911 0.83752357008170975 0.54358379062895745 0.47921466973886334 0.41431417188389302 0.43650793650793657 0.22500000000000003 0.80600358422939078 0.60922587486744451 0.81120250685468098 0.3163105784262637 0.13423423423423428 0.925006047411708 0.68990384615384626 0.62019230769230782 0.25462962962962971 0.48429276315789477 0.49189094415709655 0.26639784946236561 0.46589147286821714 0.29520697167755999 0.042781972088766836 0.091431556948798356 0.267948717948718 0.36117229564366138 1.0000000180025095e-35 0.20344827586206901 0.71480709071949955 0.35726558664702995 0.64346246973365628 0.16108108108108113 0.82480818414322254 0.30877573131094266 0.17817460317460324 0.23582887700534763 0.72281323877068571 0.8257418909592823 0.494185260311021 0.65419580419580436 0.49253065774804911 0.37053001277139214
decision_type=2 2 2 2 2 2 2 2 2 2 2 2 2 2 2 2 2 2 2 2 2 2 2 2 2 2 2 2 2 2 2 2 2 2 2 2 2 2 2 2 2 2 2 2
left_child=2 3 5 8 -5 17 25 22 9 11 21 13 -12 -2 30 16 -9 18 19 28 -21 -11 23 -8 -24 26 27 -7 -1 -13 31 -3 -20 -16 -4 36 -36 -19 39 -10 -34 -27 -43 -39
right_child=1 14 34 4 -6 6 7 15 38 10 12 29 -14 -15 33 -17 -18 37 32 20 -22 -23 24 -25 -26 41 -28 -29 -30 -31 -32 -33 40 -35 35 -37 -38 43 -40 -41 -42 42 -44 -45
leaf_value=0.0024616048479666626 0.0080590765669818192 -0.0098029871657531846 0.065962778942796271 -2.2797010068006069 -0.03886067163406897 0.29325526269385377 0.023339718478686017 -0.0080137378756564466 0.055690520543821849 -0.4552980098778911 0.011190808378535063 0.1303401474214976 -0.47961189521224606 -0.022857114751176324 -0.23046601604558203 0.080143336172760885 -0.050674748628069775 -0.12866099043802784 -0.2201148788288797 0.20729750244231784 0.032199258886173393 -0.091592755293702408 0.14220363247285542 0.28108579190544514 -0.0022871574185430008 -0.070528541499987926 0.43345611926667327 -0.083587763103201984 -0.029510276200726767 0.049676303364932284 -0.079481082552854437 0.077482079770247833 0.00041612645052020654 0.077513980986740255 0.023412156443276863 0.053939401370828026 -0.22488667539063056 0.084666375723734144 0.067960356596663621 -0.31181944590133148 -0.11700726893038177 0.45338504125796802 -0.046689971956157435 0.029295527263240643
leaf_weight=247.37471258779988 353.17128514463548 7.7423164276406187 18.853645139024596 0.067802090314215913 0.36516886577010155 0.40060973074287076 2.1362509246682779 415.99039323464967 0.54464918107260274 0.32467483635992067 33.432205829769373 7.2199842843692776 0.28575230145361175 66.713652921025641 0.2818691364955147 6.3832966341869897 32.895122195826843 0.87941123056225379 1.1951806815341104 1.9315999988466526 17.422601501224563 19.32789714995306 2.6729981789831063 1.7532054814510045 11.473766234528737 41.868570683756843 0.30099910497665394 1.0109600598225368 43.046853292966262 16.176520317327231 2.8941940083168438 7.8250292736338452 3.4961027735844254 72.225121423893142 1.2557248836383217 3.9101809582207352 1.2625728696584699 7.5845120800659052 16.269077861099504 0.35925009264610708 2.5467604366131127 0.58100050687790172 23.515590647235513 36.878381720627658
leaf_count=5317 10076 221 2077 32 83 10 146 18408 95 8 2229 92 108 2649 7 3022 1134 6 23 44 276 1494 45 10 856 13735 1 197 1446 1507 81 175 37 51424 39 661 8 147 4888 9 49 2 6434 651
internal_value=0.00222144 0.0133405 -0.00502539 0.00435611 -0.38977 -0.00649446 -0.0133396 -0.00759021 0.00468822 0.00278859 -0.0314975 0.00691659 0.00703136 0.00314694 0.0641306 -0.00986013 -0.01114 0.00372504 -0.00081885 0.000968523 0.0496745 -0.0976014 0.0497071 0.139521 0.025014 -0.053548 0.0954396 0.0233619 -0.00227733 0.0745686 0.0162699 0.0340714 -0.0773153 0.0763167 0.047465 -0.00678602 -0.101075 0.035494 0.0596264 -0.0903744 -0.0490719 -0.057416 -0.0346325 0.0387407
internal_weight=1533.85 605.226 928.621 514.258 0.432971 903.339 540.983 473.305 513.825 496.652 53.3705 443.281 33.718 419.885 90.9685 455.269 448.886 362.356 317.014 309.776 19.3542 19.6526 18.0362 3.88946 14.1468 67.6777 1.71257 1.41157 290.422 23.3965 18.4615 15.5673 7.23804 72.507 25.2821 6.42848 2.5183 45.3423 17.173 0.903899 6.04286 65.9652 24.0966 44.4629
internal_count=129959 75178 54781 23270 115 51996 44000 23621 23155 18163 3839 14324 2337 12725 51908 22564 19542 7996 7192 7083 320 1502 1057 156 901 20379 208 207 6763 1599 477 396 109 51431 2785 708 47 804 4992 104 86 20171 6436 798
is_linear=0
shrinkage=0.08


Tree=83
num_leaves=45
num_cat=0
split_feature=18 3 22 20 17 9 9 9 20 8 2 17 14 20 2 16 22 9 17 8 3 9 8 16 20 8 2 17 17 8 8 19 20 9 15 17 20 7 8 8 3 8 3 12
split_gain=17.6978 28.2775 11.5789 11.476 14.8513 10.1286 9.13931 7.87814 8.73169 8.16892 22.1239 14.3079 11.7374 9.92868 8.80617 7.05169 7.0479 9.76712 8.00128 7.38499 14.3648 7.52741 6.71877 6.96869 6.93758 6.84267 6.56982 8.36411 9.08523 6.46698 8.83121 6.2211 6.875 6.0977 6.60619 12.9262 8.48182 6.06531 13.9727 25.7884 7.459 5.81556 5.6679 5.59805
threshold=0.74166666666666681 0.82167318982387483 1.0000000180025095e-35 0.76325833668139831 0.66819571865443428 0.21244358478401035 0.72456896551724148 0.33558558558558566 0.85534242232086244 0.41060765718299969 0.42577314326540344 0.64425612052730707 0.059714795008912663 0.22749774977497753 0.41031339031339037 0.73090185676392583 1.0000000180025095e-35 0.23582887700534763 0.82865035516969232 0.047065337763012201 0.10762548262548262 0.8738636363636364 0.0439613526570048 0.81977395377252837 0.98675438596491238 0.11215932914046124 0.56663953330620009 0.95780044250175389 0.99852507374631283 0.039607843137254913 0.042781972088766836 0.35416666666666669 0.91440781440781449 0.23582887700534763 0.65147186147186165 0.62973194188663817 0.6844476055002372 0.64583333333333337 0.84292763157894746 0.83752357008170975 0.988370520622042 0.20761494252873566 0.30094339622641519 0.87206764866339348
decision_type=2 2 2 2 2 2 2 2 2 2 2 2 2 2 2 2 2 2 2 2 2 2 2 2 2 2 2 2 2 2 2 2 2 2 2 2 2 2 2 2 2 2 2 2
left_child=2 16 3 33 15 -4 -6 8 -7 10 14 -12 13 -11 -9 -5 18 26 19 20 -2 -22 -20 24 -24 -25 27 -18 -29 -8 -31 32 -3 41 -35 -36 -37 -34 39 -39 -40 -1 -10 -14
right_child=1 31 5 4 6 7 29 9 42 12 11 -13 43 -15 -16 -17 17 -19 22 -21 21 -23 23 25 -26 -27 -28 28 -30 30 -32 -33 37 34 35 36 -38 38 40 -41 -42 -43 -44 -45
leaf_value=-0.030038221900387217 0.051079506036263801 0.068136604457591052 -0.078147372997629749 -0.064327744268231124 -0.039291565458690961 0.066109539745590279 0.068532740988055979 0.0097853620266058604 -0.1635896249145245 0.005590333624547885 -0.067335591240027373 -0.010740658027849426 0.019066904729075559 -0.05371888710932253 0.074310549431936657 0.25674317554406023 -0.056030270592077658 0.027087539624945599 0.033898652797342818 0.042824285853566839 -0.035496915273791403 -0.23481222141326946 -0.040703902950980413 0.036742729146814562 0.10836922029255654 -0.011714593798313045 0.080814847649107707 -0.053665375511961814 -0.48087998854106362 -0.11475630574408684 0.0073343604897873893 0.075251804897853602 0.052786092200763947 -0.0027024835789811945 0.2423324965985087 -0.13492786572813548 -0.023446275239943561 -0.13387361301079956 -0.10644654382221866 -1.07392921135261 0.053456053683349193 0.15184476395510213 0.0065963997761330209 0.055588167957200584
leaf_weight=1.7781927853357036 6.0021625263616425 16.708779211738147 9.2968810953898338 58.26453218847746 43.769080770201981 27.497059849789366 9.7239176593720895 85.118622293462977 1.3650951448362345 92.128048385959119 43.434762420365587 83.645195084391162 104.58469468826661 22.47059606667608 16.09641266532708 0.44110994413494964 4.1088195759803048 115.56851062970236 21.192104063695297 39.59402261604555 2.4528949381783605 2.398415488190949 59.301501060603186 22.930790114914998 2.0676330907735965 99.911409834050573 1.4345709383487699 0.57676967512816169 0.71169405989348888 4.1343298833817235 45.754046099842526 49.518209773057606 7.3858236485393745 334.2576513303211 0.9198048072867121 6.9485999013995778 11.75996366178151 1.8613622242119157 2.7227641561767069 0.20759575534611929 5.9404160801786929 3.0632660771952942 15.175211716326883 36.144356349017471
leaf_count=33 89 4090 299 13556 1168 570 61 1563 45 2055 9576 1568 7840 3491 290 3 41 5506 1122 537 16 30 1204 1436 29 4370 124 20 39 34 2461 42453 1199 11949 9 147 313 272 182 17 1674 29 323 8126
internal_value=0.00209307 0.0151449 -0.00361488 -0.0121137 -0.0297802 0.0046284 -0.0115322 0.00608684 0.0384811 0.00313711 -0.00785852 -0.0300843 0.0129686 -0.00603907 0.0200469 -0.0619152 0.00580483 0.021593 -0.00174831 0.0267987 -0.0316636 -0.134035 -0.00875951 -0.013667 -0.0356814 -0.00266913 -0.0713533 -0.111799 -0.289641 0.00884957 -0.00278349 0.057031 0.0311238 -0.00413123 -0.0053512 -0.050457 -0.064852 -0.00301023 -0.0414091 -0.228197 0.00320002 0.085042 -0.0074493 0.0284469
internal_weight=1520.37 462.596 1057.77 520.814 162.087 536.957 103.381 527.66 44.0374 483.623 228.295 127.08 255.328 114.599 101.215 58.7056 378.251 122.4 255.851 50.4475 10.8535 4.85131 205.403 184.211 61.3691 122.842 6.83185 5.39728 1.28846 59.6123 49.8884 84.345 34.8267 358.727 353.886 19.6284 18.7086 18.118 10.7321 2.06896 8.66318 4.84146 16.5403 140.729
internal_count=129959 64450 65509 29763 17283 35746 3724 35447 938 34509 12997 11144 21512 5546 1853 13559 14563 5730 8833 672 135 46 8161 7039 1233 5806 224 100 59 2556 2495 49887 7434 12480 12418 469 460 3344 2145 289 1856 62 368 15966
is_linear=0
shrinkage=0.08


Tree=84
num_leaves=45
num_cat=0
split_feature=17 5 22 18 7 17 9 20 16 16 15 2 8 18 8 4 3 17 7 18 18 14 9 8 12 2 14 20 4 3 9 9 23 3 20 17 20 20 20 18 15 5 19 7
split_gain=16.059 12.8878 10.6113 11.1805 10.4088 8.83918 8.04443 6.98487 15.1517 12.7922 18.2091 9.34746 6.74035 8.057 10.206 7.96315 27.3046 6.87791 6.52557 6.10714 5.95064 5.62924 5.53447 5.41464 18.7396 11.07 9.34682 9.43571 7.19638 6.22895 5.13961 7.75387 5.0513 4.98802 4.50798 4.43826 8.43907 3.54288 23.6378 3.48933 3.462 3.22428 2.67859 4.81492
threshold=0.92089677095532896 0.94360822556709789 1.0000000180025095e-35 0.87750000000000006 0.78888888888888908 0.92203186884037958 0.18301435406698566 0.78307569902250529 0.57205789804908758 0.5823480317151204 0.68360888659261188 0.93075498575498583 0.48714568226763355 0.81534090909090928 0.11215932914046124 0.9417420814479639 0.87841832963784194 0.94908607510800946 0.64583333333333337 0.87083333333333346 0.79285714285714304 0.22902097902097904 0.32173123486682814 0.38013136288998362 0.31287650602409645 0.49285418882193083 0.059714795008912663 0.22749774977497753 0.37952859013531215 0.44281045751633991 0.70087719298245621 0.70871212121212135 0.37009398331137472 0.10367218987908645 0.90038167938931302 0.91592711851095587 0.89668856048166401 0.97740040858018395 0.98222187104930481 0.85357142857142865 0.71463077984817136 0.050641025641025628 0.53571428571428581 0.81666666666666676
decision_type=2 2 2 2 2 2 2 2 2 2 2 2 2 2 2 2 2 2 2 2 2 2 2 2 2 2 2 2 2 2 2 2 2 2 2 2 2 2 2 2 2 2 2 2
left_child=2 4 3 7 5 34 -4 19 37 10 -10 -11 13 17 -15 18 -17 -7 -14 22 23 -5 32 24 28 -26 27 -25 -8 -28 35 40 -1 -24 -2 39 -37 -9 -39 -22 -32 -23 43 -3
right_child=1 42 6 21 -6 12 20 8 9 11 -12 -13 15 14 -16 16 -18 -19 -20 -21 30 41 33 26 25 -27 29 -29 -30 -31 31 -33 -34 -35 -36 36 -38 38 -40 -41 -42 -43 -44 -45
leaf_value=-0.002683380304310163 0.072651324322512145 -0.021013985488322007 -0.086568210461275261 -0.23612568496839659 -0.16035526017665652 0.062397323853502343 0.0052538747963805444 -0.073272187730693036 0.064679039283691148 -0.019365801582624315 0.58623241064671938 0.06608515460211549 0.063315695447207485 0.031039384952752304 -0.019065059739594676 -2.8031595106943001 0.080079493158715251 -0.003220718289202576 -0.052462736928833409 -0.16206198978155467 0.038243076517168177 -0.12142693488276919 0.012472937034112761 0.0062914860299962926 0.085090159029035009 -0.057915375685529506 -0.069195922775088542 -0.051838409994919399 0.14049209352225472 0.027441397292024678 0.089306479383409118 0.051004061828886595 0.082186959549528732 -0.010173477036452192 0.30416820515112225 -0.27699671711131307 0.047232780427828178 0.48649987131966022 -0.075391165304829172 -0.046425708042168737 0.38624082279244432 0.058973926401193033 0.07700702925464549 0.070174189184052341
leaf_weight=9.0484916985733452 1.2255316019873128 6.0181392292142819 5.9360232907347372 0.43837778456509369 2.2072828068630761 25.647356902249157 215.35914731980301 37.548230196873192 2.9118870109668928 160.19253893371206 0.5023288414813577 8.6345458097639476 26.661448100756395 37.134122736752033 86.921656039659865 0.02774529519956459 0.08673620515037328 16.999365989584476 3.5278682283242224 1.5714619982754801 13.39656582975295 0.65403021872043865 76.463457873440348 92.81126690749079 3.7422328237444153 46.653611416229978 4.3861927295802152 22.133108754642308 2.5480239222524679 159.48913991916925 0.40793439763365558 22.272592926106881 8.9054153990000469 334.75988129217876 0.95983271289151151 0.9716401847545052 1.090268288971856 0.56243478984106277 3.2363692366052419 4.0589593510958357 0.65445638843812048 20.773573146725539 26.032426769146696 9.645390467485413
leaf_count=257 87 1852 196 4 68 321 6932 10610 203 4954 18 3497 10790 3110 1493 12 71 248 1419 40 735 4 1134 2064 303 5735 461 3634 157 17730 25 5257 71 13872 45 34 56 135 933 253 24 2770 24329 4016
internal_value=0.00196731 0.0207957 -0.0016592 -0.00859686 0.0124144 0.0143289 0.00609681 -0.010506 -0.0223347 -0.0118951 0.141414 -0.0149955 0.012554 0.00624484 -0.00406709 0.0472607 -0.618691 0.0362414 0.049786 -0.00464074 0.00702916 0.0476617 -0.00406433 0.00478062 -0.00333238 -0.0472962 0.0125876 -0.00490171 0.00683524 0.0248549 0.0357376 0.0610758 0.0394136 -0.00596257 0.174336 0.00544339 -0.105555 -0.0658236 0.00780004 0.0185549 0.272225 0.0534676 0.0612787 0.0351385
internal_weight=1505.21 243.095 1262.11 666.203 201.399 199.192 595.911 644.337 213.588 172.241 3.41422 168.827 197.006 166.703 124.056 30.3038 0.114482 42.6467 30.1893 430.749 589.975 21.866 429.177 547.123 268.303 50.3958 278.82 114.944 217.907 163.875 42.8524 23.335 17.9539 411.223 2.18536 19.5174 2.06191 41.347 3.7988 17.4555 1.06239 21.4276 41.696 15.6635
internal_count=129959 47861 82098 38502 17664 17596 43596 35724 20350 8672 221 8451 17464 5172 4603 12292 83 569 12209 15374 43400 2778 15334 37016 13127 6038 23889 5698 7089 18191 6384 5306 328 15006 132 1078 90 11678 1068 988 49 2774 30197 5868
is_linear=0
shrinkage=0.08


Tree=85
num_leaves=45
num_cat=0
split_feature=19 3 17 20 16 15 17 23 14 18 2 3 5 3 5 14 19 9 8 22 20 9 5 0 8 9 20 20 8 2 9 15 15 23 9 16 17 1 3 4 17 15 18 8
split_gain=15.4616 35.3655 9.60586 8.38325 16.0734 8.05692 7.42812 6.95918 7.22771 6.94912 5.90609 6.44618 6.38163 5.78941 16.3868 9.20791 5.62236 6.30525 5.59749 5.13819 8.5553 6.76534 12.2629 25.9623 55.1441 7.15065 6.75417 6.75537 18.2588 7.37062 6.68801 6.2022 6.196 5.99775 5.28825 4.93483 8.69435 10.2235 5.88828 7.0376 4.82914 9.91198 5.86709 4.33967
threshold=0.41428571428571431 0.82426470588235301 0.97525762677277839 0.54358379062895745 0.47921466973886334 0.41431417188389302 0.46681350954478712 0.925006047411708 0.68990384615384626 0.62019230769230782 0.38779220779220785 0.097960815673730509 0.089220563847429532 0.10367218987908645 0.0926654740608229 0.24068965517241384 0.095454545454545472 0.46589147286821714 0.045983086680761072 1.0000000180025095e-35 0.92334401709401726 0.96824596774193561 0.99572649572649585 0.78888888888888908 0.82078272604588409 0.97014260249554385 0.89202437731849515 0.89494906621392201 0.22048611111111113 0.43420765967205593 0.96362433862433872 0.44076909057772928 0.38477631155455427 0.25039995174945912 0.97100840336134464 0.63188142770719913 0.70991117344553545 0.23845060412224597 0.1021295089091699 0.42588071154516921 0.52957074721780617 0.25068306010928965 0.46862745098039221 0.65419580419580436
decision_type=2 2 2 2 2 2 2 2 2 2 2 2 2 2 2 2 2 2 2 2 2 2 2 2 2 2 2 2 2 2 2 2 2 2 2 2 2 2 2 2 2 2 2 2
left_child=2 19 3 9 13 16 -3 8 -7 10 -1 -12 -13 14 15 -5 17 -6 -18 21 26 22 30 -24 -25 33 40 28 -28 -29 32 -32 -2 -23 -27 38 37 -37 -22 -40 42 -42 -21 -15
right_child=1 6 -4 4 5 7 -8 -9 -10 -11 11 12 -14 43 -16 -17 18 -19 -20 20 35 25 23 24 -26 34 27 29 -30 -31 31 -33 -34 -35 -36 36 -38 -39 39 -41 41 -43 -44 -45
leaf_value=-0.053987855589661939 0.027945088884808449 0.01249269530681503 0.045635632420338135 -0.050521731709729921 0.17495177725573283 -0.0077027849832249327 0.074416418965780357 0.080125782514652077 -0.046773696906042182 0.033179190586748827 0.077222737365215011 -0.072207391871808566 0.0016241354171082601 -0.076592567846503035 0.75782831444443688 0.22048836813722608 0.10378406892871954 0.041842589109098806 -0.055448209731493954 -0.033009137777942996 0.15592438840462114 0.20806077212967722 -0.027907762615590692 -2.5762585198348575 0.080580283533824348 -0.11493310797721971 -0.63398960170695984 0.062226984358533646 -0.027282777912425959 -0.06187539530643793 -0.18788640547180563 -0.02803736718542953 -0.0086869870791752256 0.0073243638234784733 0.028556717145486611 0.030313823284509551 0.04134336890541894 0.29376066411901064 -0.090101224366130619 0.15538161143653717 -0.18391164170286511 0.019915663770865087 0.071304301135729581 -0.031102991289804927
leaf_weight=12.796152845956383 34.162004436482675 15.463130357442422 23.651254255091771 4.1625253546517333 3.2162758740596491 409.4628219329752 62.541030003834749 5.478726709727197 32.723859571386129 44.028332663583569 7.0278995139524332 7.6933171630371353 287.0708790642675 33.765237063693348 0.19021038594655681 0.99395431438460935 1.9612078892532725 7.803275998623576 5.0537032686406747 25.417275456013162 1.0221094179432828 2.5379880564287332 0.48904957709601049 0.090312985703349113 0.11200246133375913 1.7746372016845295 0.44665708160028117 4.2528365316102272 1.0975671060150487 10.945983393175991 2.3896853789919978 4.4395003404933959 218.92249812925002 1.5250103654107077 22.296537284855731 1.7997071072459214 39.76106879679719 1.9798376805847508 4.8724243612959981 0.88284136669244606 1.5467359165195365 119.17360524553806 3.9929216371383509 22.277173783164471
leaf_count=233 919 230 2785 656 37 18408 51678 3022 1134 804 37 118 6804 13267 12 8 45 339 636 1915 11 15 70 20 39 67 23 250 65 706 77 323 8812 178 2073 9 2264 31 530 120 23 4684 46 6436
internal_value=0.00184252 0.012001 -0.00468066 -0.00602427 -0.0124441 -0.00737193 0.062141 -0.00948394 -0.0105942 0.00341152 -0.000754623 0.0015025 -0.00030286 -0.0509219 0.0286166 0.00171772 0.0450541 0.0806932 -0.0109305 0.00427046 0.0135661 -0.00272181 -0.00674534 -0.343223 -1.10542 0.0345479 0.0048474 -0.0433473 -0.202769 -0.0271499 -0.00585032 -0.0839721 -0.00374229 0.132716 0.017978 0.0424808 0.0523652 0.168315 -0.0210203 -0.0524449 0.0102222 0.0173041 -0.0188469 -0.0585102
internal_weight=1493.29 583.935 909.357 885.706 527.089 465.7 78.0042 447.665 442.187 358.617 314.588 301.792 294.764 61.3891 5.34669 5.15648 18.0345 11.0196 7.01491 505.931 217.192 288.739 260.605 0.691365 0.202315 28.1342 166.874 16.743 1.54422 15.1988 259.914 6.82919 253.085 4.063 24.0712 50.318 43.5406 3.77954 6.77738 5.75527 150.131 120.72 29.4102 56.0424
internal_count=129959 75178 54781 51996 44000 23621 51908 22564 19542 7996 7192 6959 6922 20379 676 664 1057 376 681 23270 10677 12593 10260 129 59 2333 7712 1044 88 956 10131 400 9731 193 2140 2965 2304 40 661 650 6668 4707 1961 19703
is_linear=0
shrinkage=0.08


Tree=86
num_leaves=45
num_cat=0
split_feature=14 22 9 16 14 17 16 16 8 8 9 23 8 4 17 5 18 9 3 0 12 8 1 16 18 9 20 16 15 22 9 16 14 9 17 16 4 2 8 18 3 17 8 15
split_gain=13.9183 12.9055 11.4204 9.44837 12.7707 9.00212 8.65673 11.586 8.60225 8.50678 7.99809 10.0823 19.2693 7.78087 6.95472 6.91301 8.49302 6.63646 8.06846 21.4865 18.5987 6.32556 6.11577 5.58946 8.63196 5.35023 4.75754 6.64376 10.7677 4.65343 6.07023 4.58024 4.415 4.20223 4.12215 4.12105 4.85636 4.07319 5.26138 5.06152 4.04875 4.02937 3.57606 5.22898
threshold=0.71825396825396837 1.0000000180025095e-35 0.21244358478401035 0.94290004290004292 0.70710784313725505 0.92089677095532896 0.94290004290004292 0.94456264775413723 0.43826219512195125 0.03670033670033674 0.78629976580796257 0.85169649398220837 0.98213716108452964 0.34833164812942369 0.95529051172707902 0.050641025641025628 0.91287878787878796 0.33558558558558566 0.60922587486744451 0.087121212121212141 0.17817460317460324 0.062019230769230778 0.080540540540540509 0.88201942984551696 0.87083333333333346 0.7193750000000001 0.99717514124293805 0.97311750252926743 0.9737334910309482 1.0000000180025095e-35 0.59850746268656729 0.90935595017227688 0.4188596491228071 0.69920634920634928 0.92331216184427201 0.82865035516969232 0.49731182795698931 0.45003840245775734 0.29459980713596917 0.54195804195804198 0.91458966565349542 0.96110200479132524 0.21483516483516488 0.82378187326432728
decision_type=2 2 2 2 2 2 2 2 2 2 2 2 2 2 2 2 2 2 2 2 2 2 2 2 2 2 2 2 2 2 2 2 2 2 2 2 2 2 2 2 2 2 2 2
left_child=1 3 42 4 15 17 34 25 13 -5 11 40 -13 23 -15 -1 21 37 20 -20 -19 -17 -9 -2 31 -8 -11 -28 -29 30 -16 -25 -18 -32 -7 -12 -37 38 -4 -39 -6 -31 -3 -44
right_child=8 2 5 9 10 6 7 22 -10 26 35 12 -14 14 29 16 32 18 19 -21 -22 -23 -24 24 -26 -27 27 28 -30 41 33 -33 -34 -35 -36 36 -38 39 -40 -41 -42 -43 43 -45
leaf_value=-0.084945267361619406 0.085712461520991656 -0.1052037303548263 -0.013373208401198733 -0.66895884524041282 -0.1152621189751741 0.14058340156878696 0.081343688552796639 -0.57047527740715243 0.05765067660416634 0.06799603301368197 0.10602873377473752 -1.0549841898004158 -0.08257849611297409 0.049502299898804614 -0.25593666210863758 0.0028581189035117422 -0.0086159983686251926 0.02042379498123573 0.084386635418254877 0.0061129656931234082 -0.023517218175366193 -0.013853845348723054 -0.00052633059643237786 -0.28865709532704825 0.024161751439426706 -0.55523241125247924 0.0046121789750355677 -0.78743507570437898 0.080574500193503762 -0.19794611316251692 0.052126032619738388 -0.059882052919902187 0.071083966958809447 -0.10261089567433274 0.048644799641788285 -0.089641562468001465 0.068148089525366315 0.086012696207195746 0.16420647338843936 0.024060763771243391 0.080641608321226535 0.042552698552125214 -0.065844549645407549 0.14022846337858383
leaf_weight=7.3318647572305045 8.4519927554065344 7.2993818488903326 14.355949400807729 0.10648173838854091 9.5480385184055176 3.3852553513133889 0.10919918486615543 0.1222158563323309 40.834280635404866 16.690298931789588 1.518334757303818 0.21027664415305558 0.34343241894384846 4.362684118445034 1.3615120382746662 215.09940337110311 6.6747214045608443 101.0208660721546 24.787791539973114 237.45080412348034 158.17708604678046 444.47943481002585 8.54378201253712 0.69582164916209821 51.70345154136885 0.37357121187960729 4.4033226678147903 0.18156501813791681 0.18431423581205308 0.52176465035881792 1.4094313755631445 2.8710257350467145 13.3358751416672 5.5316789235221222 39.998786533484235 4.1125952861621045 1.7924169792677274 14.154994795098899 1.1536140216048796 20.9053401555866 0.72655061946716237 3.0644590900046751 2.9909357471624389 1.0699673056369645
leaf_count=545 517 233 279 3 174 448 22 4 27722 3187 230 27 35 76 32 3751 222 1897 1753 26589 10934 33115 1838 27 3014 91 612 18 65 7 8 75 1339 83 8802 80 854 522 11 195 300 128 81 14
internal_value=0.00175067 -0.000556634 0.00776641 -0.00783933 -0.00943453 0.00921235 0.0409057 -0.0298132 0.0277756 0.0443213 -0.0754813 -0.11933 -0.451859 0.0125215 -0.0368901 -0.00767966 -0.00684606 0.00630165 0.00361814 0.0135117 -0.00639147 -0.0084038 -0.00856427 0.0251232 0.0158579 -0.411243 0.0478605 -0.0226056 -0.350169 -0.0685923 -0.101486 -0.104512 0.0444993 -0.0711907 0.0558188 -0.0115208 -0.0417458 0.0339719 -0.000164686 0.0490728 -0.101409 0.00756219 -0.0717252 -0.0115484
internal_weight=1483.45 1362.64 635.9 726.739 705.173 624.539 52.5328 9.14877 120.808 21.566 18.2516 10.8283 0.553709 79.9738 16.2515 686.921 679.589 572.006 521.437 262.239 259.198 659.579 8.666 63.7223 55.2703 0.48277 21.4595 4.7692 0.365879 11.8888 8.30262 3.56685 20.0106 6.94111 43.384 7.42335 5.90501 50.5699 15.5096 35.0603 10.2746 3.58622 11.3603 4.0609
internal_count=129959 98270 53713 44557 40672 53385 11205 1955 31689 3885 1700 536 62 3967 334 38972 38427 42180 41173 28342 12831 36866 1842 3633 3116 113 3882 695 83 258 123 102 1561 91 9250 1164 934 1007 290 717 474 135 328 95
is_linear=0
shrinkage=0.08


Tree=87
num_leaves=45
num_cat=0
split_feature=19 3 17 14 20 18 17 23 18 14 16 20 16 14 0 10 9 3 12 2 3 8 3 1 5 5 14 0 20 9 2 20 15 5 0 14 9 9 8 9 9 16 16 14
split_gain=12.7464 31.2335 7.7956 7.48645 7.22851 15.0263 8.32666 6.17456 5.92819 5.72318 6.71039 8.43522 8.02355 5.62351 5.58333 9.14915 18.5741 14.5184 10.5766 9.4299 8.19337 8.13952 7.97904 6.30185 20.9956 6.09792 5.57233 5.47402 5.10431 4.56578 7.48276 4.45512 4.00586 3.9774 3.68837 3.65943 5.71834 3.83639 5.69645 3.63943 3.83427 3.39119 5.04808 6.18378
threshold=0.41428571428571431 0.82426470588235301 0.97525762677277839 0.13423423423423428 0.54358379062895745 0.18898809523809526 0.32795559025067234 0.925006047411708 0.62019230769230782 0.25462962962962971 0.45009225092250926 0.29222126188418329 0.45472370766488418 0.68990384615384626 0.43650793650793657 0.22500000000000003 0.80600358422939078 0.56465997770345611 0.3163105784262637 0.60495188291240931 0.36237373737373746 0.22048611111111113 0.44281045751633991 0.67006802721088454 0.67028985507246386 0.63859338061465731 0.20344827586206901 0.17424242424242428 0.71480709071949955 0.79814814814814827 0.86302248965107942 0.71480709071949955 0.35726558664702995 0.1680790960451978 0.78888888888888908 0.82480818414322254 0.26975051975051983 0.69920634920634928 0.43826219512195125 0.97014260249554385 0.58995376208490968 0.46482679862961562 0.5885620915032681 0.22902097902097904
decision_type=2 2 2 2 2 2 2 2 2 2 2 2 2 2 2 2 2 2 2 2 2 2 2 2 2 2 2 2 2 2 2 2 2 2 2 2 2 2 2 2 2 2 2 2
left_child=2 14 4 31 8 -6 -7 13 9 10 11 -1 -12 -8 15 17 23 18 20 -18 -2 28 -20 27 -25 -21 -23 -17 -19 30 -16 32 -3 -5 -32 -4 -37 -38 -39 40 -11 -10 43 -43
right_child=1 3 35 33 5 6 7 -9 41 39 12 -13 -14 -15 29 16 19 21 22 25 -22 26 -24 24 -26 -27 -28 -29 -30 -31 34 -33 -34 -35 -36 36 37 38 -40 -41 -42 42 -44 -45
leaf_value=0.0043011305500209197 0.00053408040656676141 -0.0088458162103439326 0.062040587560561432 -0.25163185834155211 -0.068694031052852017 0.3933898051285708 -0.0071189942888077356 0.080115036556804214 0.068460892630895429 -0.25503651886778361 0.17042523488024561 -0.029821311081218018 0.023290319630726333 -0.041434819124449518 0.081915588365420844 -0.12785755967996362 0.071571598062221645 -0.26678139082839031 -0.064529599342679711 -0.078796377017963645 0.02947931485156817 0.12759455486292079 -0.0043476215580078243 -1.3050108558795936 -0.13702779699316051 0.0082327762062428186 0.048363020857642554 -0.039715125768036978 0.0027378943918280841 0.06797289269710538 -0.069811323233122988 -0.079957292571037522 0.074748273751136352 0.076213820639659716 -0.33377337078050856 -0.53928942603603436 0.087832784906196504 -0.12661469745102905 0.080254277743970703 0.048341936460009283 -0.071888215993081386 0.082734272602005776 0.061318988289796435 -0.027454222886473034
leaf_weight=212.66073909262195 262.56631627713796 7.5318031848873961 16.310187653638426 0.23786746710538764 27.805995399423409 0.3301315379794677 455.17470591980964 4.9794200481264843 11.438980659819206 0.86152776051312585 2.5578466937877229 59.293119426583871 32.646982874488458 32.7630868392298 1.5145603278651862 8.9807572383433634 9.9959421829553303 0.72770347539335745 24.224963007844053 7.835779017070311 82.175701843225397 7.9058906829450306 33.731646208325401 0.11702330701518704 0.62228213821072131 15.047925660852341 20.186149560322519 9.0570567852118966 1.1772369581740347 14.036705853068268 0.86043569224420913 2.6989149424480265 7.1531825140118599 54.401296830328647 0.5588247450068593 0.12866909056901832 2.04073277534917 2.2767495540902023 1.3612658301135523 1.3097745112609116 4.8498361629899591 4.0592836905270877 11.027230828185564 16.545617767143995
leaf_count=4342 8066 221 2077 9 13648 5 26189 3024 250 18 41 2180 520 1134 148 728 316 8 1486 717 1975 125 1014 18 101 1322 1600 655 61 4813 94 81 175 51422 23 3 125 43 537 27 64 32 190 332
internal_value=0.0016523 0.0109759 -0.00428454 0.0602382 -0.00546578 -0.0114753 -0.00824966 -0.00851866 0.00329911 -0.000516541 0.00111592 -0.00313846 0.0339806 -0.00942317 0.0038986 0.00231828 -0.0295037 0.00611731 0.0021178 0.00674827 0.00743372 0.0598093 -0.0295028 -0.0929827 -0.321906 -0.0215675 0.070661 -0.0835999 -0.100221 0.0490022 -0.0417622 0.0145114 0.0318736 0.0747866 -0.173745 0.0426233 -0.0119105 3.8863e-05 -0.0492088 -0.0719328 -0.0995151 0.0311321 0.0176331 -0.00574646
internal_weight=1473.77 573.346 900.422 72.0231 878.304 521.053 493.247 492.917 357.251 314.18 307.159 271.954 35.2048 487.938 501.323 484.352 51.6568 432.696 402.699 32.8796 344.742 29.997 57.9566 18.7771 0.739305 22.8837 28.092 18.0378 1.90494 16.9705 2.93382 17.3839 14.685 54.6392 1.41926 22.1176 5.80742 5.67875 3.63802 7.02114 5.71136 43.0711 31.6321 20.6049
internal_count=129959 75178 54781 51908 51996 44000 30352 30347 7996 7192 7083 6522 561 27323 23270 18192 3857 14335 12541 2355 10041 1794 2500 1502 119 2039 1725 1383 69 5078 265 477 396 51431 117 2785 708 705 580 109 82 804 554 364
is_linear=0
shrinkage=0.08


Tree=88
num_leaves=45
num_cat=0
split_feature=16 4 9 23 12 20 17 3 9 15 16 8 15 14 16 15 8 2 8 17 18 3 7 8 8 12 9 15 9 20 15 2 20 23 8 16 15 17 14 18 9 14 5 2
split_gain=12.2068 15.9104 9.98412 14.5439 10.1582 8.14052 8.73756 7.77572 7.48278 7.05342 8.27941 8.87073 8.5969 8.72505 7.25943 8.6401 13.1115 6.91527 6.47468 5.77058 5.49327 5.71727 10.6485 8.05329 5.49269 13.8128 9.19862 5.24312 8.5369 5.03798 5.01114 4.9292 4.61621 4.05993 5.35502 3.80658 3.35656 5.57799 4.8179 3.21577 3.03536 5.3796 6.16591 2.7136
threshold=0.81977395377252837 0.91331186258722508 0.87138130686517801 0.925006047411708 0.089719939627704207 0.72374686716791992 0.45476087893149514 0.66274509803921577 0.84877072612921689 0.79925373134328359 0.79082906319800295 0.63702239789196324 0.67821089455272376 0.54772727272727284 0.73592452830188693 0.69687194525904217 0.5300120048019209 0.38601144568886508 0.076197387518142215 0.80131578947368431 0.60769230769230786 0.96459899749373446 0.64583333333333337 0.51925925925925942 0.062019230769230778 0.10063291139240506 0.63548951048951052 0.34217562623135384 0.85053191489361712 0.86010752688172054 0.71463077984817136 0.88938360490084634 0.91188235294117659 0.51259622730210974 0.40253164556962034 0.85066049065019733 0.69245734809937154 0.74646766169154244 0.46862745098039221 0.77350427350427364 0.93798076923076934 0.45804195804195807 0.71010186757215632 0.49285418882193083
decision_type=2 2 2 2 2 2 2 2 2 2 2 2 2 2 2 2 2 2 2 2 2 2 2 2 2 2 2 2 2 2 2 2 2 2 2 2 2 2 2 2 2 2 2 2
left_child=2 19 3 4 8 24 -7 -8 30 10 14 12 -12 -14 15 18 -17 -11 -4 -2 29 22 23 -22 26 -26 -6 -10 -29 -21 39 -24 -32 35 -35 -31 38 -38 -16 -1 43 42 -42 -19
right_child=1 -3 9 -5 5 6 7 -9 27 17 11 -13 13 -15 36 16 -18 40 -20 20 21 -23 31 -25 25 -27 -28 28 -30 33 32 -33 -34 34 -36 -37 37 -39 -40 -41 41 -43 -44 -45
leaf_value=-0.073108882197615202 -0.47730020794466482 0.07686436110783898 0.01905050226325454 -0.241034057591651 -0.10275235478144279 -0.081279014840615046 -0.02020573088782484 0.014813932780020496 0.16429947226394614 -0.26465979391326849 0.00022697169088265045 0.08015811864031705 -0.33315281125320423 -0.090617250738456501 -0.043350760565891121 -0.093436079926395771 0.080814870201616471 0.14577513386954249 -0.0027768749732723832 0.090241859452971696 0.0024006467878196691 0.048434119687226891 -0.0041726038229521686 0.049956977332618079 -0.11398165038787311 0.00014527472682083256 0.027961869855486255 0.13469854204046935 -0.07479699626028842 -0.0062469551152262203 -0.037088695613510268 -0.122265674397187 0.10477854025821896 -0.10407901444174565 0.037575179961278529 0.10890688826288118 0.3518269332230331 0.064334805694569855 0.064394217488126473 -0.0090917160740021461 -0.13018688298406195 0.075229797708494597 0.080198034020852765 0.055982162444216409
leaf_weight=33.829697707493324 0.15538793086307023 24.686009426543023 150.09718376875389 1.7132723333779711 3.6194245815277091 12.514783534104934 189.91916107281577 51.604503603331978 1.57230142247863 0.42548071825877087 2.3468222395749745 1.8185266575310377 1.6510227601975205 2.2334470062050968 4.9837209283723514 12.228099284693597 3.5706189786724272 3.904239736497404 206.81694755185163 10.039041321026163 225.92014152993215 19.974359430314507 3.6033645804272947 25.346393786312547 6.9366704918211317 314.78001106728334 71.718002816429362 1.9154610936529932 3.5559731982648373 3.3293686844408494 4.2134819831699124 6.0770844519138336 2.2527395389042795 3.1813032319769263 3.6879755824338645 4.0992557415738702 0.44553931633708899 14.132205946720203 5.6870203132857569 5.8974003586918107 2.2054036791087115 6.636643077887129 1.4965469804010352 4.8047874933108687
leaf_count=2135 14 25670 2320 51 70 7204 11702 5753 14 14 66 1115 36 64 394 285 1442 56 17497 978 5982 13977 584 10991 136 13004 820 12 73 23 49 1091 28 26 805 38 46 1950 596 45 46 1525 715 517
internal_value=0.00155156 0.0150873 -0.00239723 -0.00823085 -0.00766456 -0.00491733 -0.0161006 -0.0127233 -0.0412634 0.00728302 0.00502724 -0.0752973 -0.120665 -0.193703 0.00665201 0.00383978 -0.0540542 0.0543157 0.00640244 0.010094 0.0103421 0.0071834 0.00402583 0.00719787 0.00223783 -0.00231546 0.021682 0.0355439 -0.00145598 0.0468033 -0.0529753 -0.0783078 0.0123358 0.0163037 -0.0280278 0.0572971 0.0481656 0.0731214 0.0140724 -0.0636057 0.0614409 0.03213 -0.0451369 0.0962362
internal_weight=1461.63 330.1 1131.53 706.043 704.33 651.093 254.038 241.524 53.2371 425.484 406.011 8.04982 6.23129 3.88447 397.961 372.713 15.7987 19.4731 356.914 305.414 305.258 280.921 260.947 251.267 397.054 321.717 75.3374 7.04374 5.47143 24.3369 46.1933 9.68045 6.46622 14.2979 6.86928 7.42862 25.2485 14.5777 10.6707 39.7271 19.0476 10.3386 3.70195 8.70903
internal_count=129959 60179 69780 41096 41045 38689 24659 17455 2356 28684 25811 1281 166 100 24530 21544 1727 2873 19817 34509 34495 32625 18648 16973 14030 13140 890 99 85 1870 2257 1675 77 892 831 61 2986 1996 990 2180 2859 2286 761 573
is_linear=0
shrinkage=0.08


Tree=89
num_leaves=45
num_cat=0
split_feature=14 22 9 16 14 17 16 8 23 16 5 20 4 9 2 23 5 18 20 8 20 15 12 23 2 17 9 17 3 19 19 16 14 17 8 16 5 1 3 9 19 20 7 7
split_gain=10.9509 10.7178 9.36563 7.71097 10.5116 7.37616 7.73927 6.84725 6.79812 6.58354 6.53646 7.092 12.3209 6.02875 8.25056 8.84075 5.91094 6.95892 5.74099 5.61481 5.58828 5.15602 6.66044 9.4343 5.27027 5.22997 6.07675 5.77366 4.58439 4.36905 5.73417 5.09064 4.1474 4.00915 3.96861 4.95276 5.39118 3.52427 7.00581 3.45144 3.05677 7.09669 12.6992 19.2139
threshold=0.71825396825396837 1.0000000180025095e-35 0.21244358478401035 0.94290004290004292 0.70710784313725505 0.92089677095532896 0.94290004290004292 0.43826219512195125 0.47468430882144147 0.94456264775413723 0.15484515484515485 0.78059477963200696 0.17712418300653601 0.3943381180223286 0.36086927263397856 0.57283108672420158 0.050641025641025628 0.91287878787878796 0.78307569902250529 0.039607843137254913 0.99717514124293805 0.87885582280201124 0.20126582278481012 0.54982746721877163 0.4811568874068875 0.98469347910972294 0.76533166458072599 0.97067423460612334 0.48934240362811798 0.095454545454545472 0.63333333333333341 0.56106334444639427 0.4188596491228071 0.92331216184427201 0.03670033670033674 0.96881944444444457 0.89386733416770969 0.41728855721393038 0.64899964899964913 0.56118955926401382 0.69047619047619058 0.91188235294117659 0.64583333333333337 0.81666666666666676
decision_type=2 2 2 2 2 2 2 2 2 2 2 2 2 2 2 2 2 2 2 2 2 2 2 2 2 2 2 2 2 2 2 2 2 2 2 2 2 2 2 2 2 2 2 2
left_child=1 3 -3 4 16 13 33 8 -2 -8 -6 12 -12 29 39 -16 -1 19 -13 -18 -5 37 23 24 -23 27 -27 -24 -11 31 -31 -4 -19 -7 -22 -36 -37 -10 -39 -15 41 -9 -43 -44
right_child=7 2 5 20 10 6 9 40 21 28 11 18 -14 14 15 -17 17 32 -20 -21 34 22 25 -25 -26 26 -28 -29 -30 30 -32 -33 -34 -35 35 36 -38 38 -40 -41 -42 42 43 -45
leaf_value=-0.081745889350524709 0.045671492600417023 -0.066046627049713938 0.10700748282559884 0.065219470411513075 0.088415054427098738 0.14044807597098335 -0.27101962378946431 0.08038675727607246 0.046356783656616357 -0.047857316229665117 -1.0018879218687142 -0.71585381661938807 0.04387257106083782 0.14937657758499304 -0.0087008134397786891 0.012986799711095395 0.016048054642370687 -0.0094238183711957586 -0.10564962710558164 -0.010019014798706923 -0.43152168062115304 -0.015408475121623791 -0.015648931042290478 -0.39156591277073055 -0.22137259641098805 0.038241949271108008 -0.056372199206536293 -0.16285271042844723 0.080358567441550705 -0.024888074015853572 0.039930591284849638 0.032007648203382012 0.069218818902467685 0.045733795304689899 0.036798464611539773 -0.23993646501080942 0.080479541047760186 -0.13173390363553694 0.11260269094308532 0.016843408311721021 0.070772448918539357 0.083403408178180524 -0.34854413767084319 0.065446850248310512
leaf_weight=6.7151944556972003 25.833187657641247 11.000418682582675 7.1734354876680291 15.329212598793676 1.5423523462377513 3.0966180204995899 0.6640028883703043 6.0479179185931553 14.963640616624618 5.9614120272453857 0.073742134496572631 0.099431145528796061 3.2450320631614886 3.4315174110233775 255.27157589531271 227.50319647358265 58.050943785114214 6.612683984043545 13.011322737962471 594.25169881680631 0.15477364510297675 3.2700849506072691 5.07710647734348 0.65379798412322987 1.0505544710904358 15.600016018142925 6.0214179689064613 2.5676945673767477 2.5474057097453624 17.71597334346734 17.229780097084586 30.077506250469014 12.228277992107904 37.468588078801986 3.2079694499843754 1.051543034147471 0.49393713386962179 2.1199489359278227 1.1630833403905851 1.985033106873743 23.908658685453702 2.5901195479673333 1.5791277860116679 1.3149366149445996
leaf_count=545 2793 328 320 3188 62 448 113 2660 265 71 2 9 570 39 14769 25577 1043 222 1057 35823 2 118 89 10 69 403 84 64 1771 859 312 265 1339 8802 391 62 242 26 46 39 23579 588 185 710
internal_value=0.0014504 -0.000576759 0.00711336 -0.00724727 -0.00866304 0.00843242 0.0379578 0.0252784 0.0120757 -0.0284045 -0.0690504 -0.0838328 0.0206361 0.00581185 0.00262088 0.00151928 -0.007062 -0.00631475 -0.110277 -0.00769921 0.0414317 -0.00445946 -0.0227632 -0.108345 -0.0654882 -0.00821673 0.0118926 -0.0650909 -0.0094715 0.0273891 0.00707035 0.0464504 0.0416173 0.052964 -0.0328615 -0.019881 -0.137531 0.0298884 -0.0451725 0.100806 0.0544552 0.0206259 -0.0452779 -0.160445
internal_weight=1450.96 1337.19 621.126 716.068 695.831 610.126 49.738 113.761 78.3205 9.17282 17.9719 16.4295 3.31877 560.388 488.191 482.775 677.859 671.144 13.1108 652.303 20.2374 52.4873 34.2407 4.97444 4.32064 29.2662 21.6214 7.6448 8.50882 72.1967 34.9458 37.2509 18.841 40.5652 4.90822 4.75345 1.54548 18.2467 3.28303 5.41655 35.4408 11.5321 5.48418 2.89406
internal_count=129959 98270 53713 44557 40672 53385 11205 31689 3967 1955 1700 1638 572 42180 40424 40346 38972 38427 1066 36866 3885 1174 837 197 187 640 487 153 1842 1756 1171 585 1561 9250 697 695 304 337 72 78 27722 4143 1483 895
is_linear=0
shrinkage=0.08


Tree=90
num_leaves=45
num_cat=0
split_feature=19 3 17 15 20 18 2 5 12 23 7 14 5 18 14 15 15 5 0 10 9 3 2 4 2 18 0 1 3 15 12 3 4 9 20 17 14 19 8 16 12 2 23 16
split_gain=10.5359 25.8966 7.62155 6.38778 5.91499 14.0756 6.85654 11.52 11.9734 11.7867 9.35993 9.86692 9.73876 5.31688 4.76772 6.12074 6.24037 4.69577 4.62414 7.96231 16.2201 13.0471 8.04947 7.06191 44.9488 7.99237 6.65517 6.32268 7.25889 44.6043 5.42101 10.1845 6.93439 4.72819 4.10899 6.64452 3.58236 3.47643 3.29882 3.28343 4.05965 5.26514 3.14448 2.9501
threshold=0.41428571428571431 0.84660633484162906 0.46681350954478712 0.96984848484848496 0.54358379062895745 0.13809523809523813 0.83200611875956076 0.24440019910403191 0.1021295089091699 0.42739879300471345 0.58571428571428574 0.096006144393241177 0.93405797101449284 0.62019230769230782 0.25462962962962971 0.48429276315789477 0.49189094415709655 0.080540540540540578 0.43650793650793657 0.22500000000000003 0.86996779388083745 0.60922587486744451 0.52894127680311909 0.76506899055918676 0.70275165533163475 0.39444444444444454 0.29285714285714287 0.85839598997493749 0.83910792512943055 0.93357843137254914 0.3163105784262637 0.44281045751633991 0.37952859013531215 0.78629976580796257 0.52508992805755406 0.77568613652357499 0.22048611111111113 0.93750000000000011 0.16108108108108113 0.46482679862961562 0.10367218987908645 0.40017511728038041 0.46677965617274247 0.55243357011312821
decision_type=2 2 2 2 2 2 2 2 2 2 2 2 2 2 2 2 2 2 2 2 2 2 2 2 2 2 2 2 2 2 2 2 2 2 2 2 2 2 2 2 2 2 2 2
left_child=3 18 37 4 13 -6 7 8 -7 -9 11 -8 -12 14 15 17 -17 -1 19 21 22 30 -21 25 -25 -22 -24 -20 33 -30 32 -32 -2 -29 35 -16 42 -3 -4 -15 -41 -42 -23 -38
right_child=1 2 38 -5 5 6 10 9 -10 -11 12 -13 -14 39 34 16 -18 -19 27 20 23 36 26 24 -26 -27 -28 28 29 -31 31 -33 -34 -35 -36 -37 43 -39 -40 40 41 -43 -44 -45
leaf_value=-0.05994595723353973 0.0059808153593297322 0.061882468107142652 -0.20154630887194713 0.071145625880292301 -0.080215776745088216 -0.023971941117111092 0.3337766337804684 -0.074350072796197222 0.014104665799303293 -0.018220800849083341 -0.081028287825854126 0.04329306267233754 0.0083269174668243549 0.066625005572990309 -0.13002396390986246 0.17590031340546883 0.029010658834056558 -2.364096373395399e-06 0.057732859755916667 0.052333279254175795 -0.081349075046961997 0.077661730222067085 -0.11375927081455216 -1.4154114074831472 0.060170014975417713 0.047047139769227128 -0.018115001889515377 -0.53021231251654899 0.032940766756175792 -4.402341237495313 -0.060473819212158254 0.0058122161846290588 0.15951663472462607 -0.017983896739299392 -0.1976270245993777 0.044630335644139034 -0.058013011114488339 -0.02138892773745571 0.076360800338719351 0.049713474310858555 -0.13517357626410828 0.0064440966145893923 0.19432724578962887 0.057567492900466616
leaf_weight=8.6229613160248828 340.54004751157481 4.9294329234398875 0.27497657109051843 7.172091605141758 17.692724583263043 83.522217533842195 0.77011083008256065 28.185599167598411 143.94582254486158 159.10119600355392 9.1237906001624633 26.513474100735039 54.058398752880748 11.264786935294977 2.6209142848383626 2.0781078347936299 16.937862113351002 278.23765710415319 16.349586743279364 2.9860779989976463 3.6658703788416522 4.5694331028498736 16.771115441631995 0.16035834077047084 0.75031145964749157 20.199941772967577 6.4455344511079593 0.12889723578700696 0.077635118330363073 0.017847660812549293 23.466479623690248 40.329385413555428 1.8931114102015261 1.095834868843667 1.248449240112677 2.9781638425774872 1.5897368428995822 9.1916092452593148 46.565329642384313 13.653762890025972 1.8648784924298549 16.964281364926137 2.1858821319183335 12.737711424037114
leaf_count=205 9994 72 4 1227 10012 2281 8 8112 3208 9134 639 4034 8050 262 44 44 276 6558 6072 110 703 64 1369 18 381 880 740 11 65 23 1486 1163 82 201 23 42 46 133 49680 113 13 496 38 1843
internal_value=0.00136954 0.0099929 0.059198 -0.00404754 -0.0046608 -0.010078 -0.00762179 -0.0119744 0.000123613 -0.0266679 0.0123334 0.0514923 -0.00457637 0.00328577 -0.000368515 0.00110943 0.0450631 -0.00180425 0.00394482 0.00246008 -0.027424 0.00602531 -0.071304 0.018982 -0.199663 0.027325 -0.087206 0.0441343 -0.124271 -0.796103 0.00284073 -0.0185702 0.00682962 -0.0718935 -0.0663878 -0.0371249 0.0673868 0.0076798 0.0747293 0.0294079 0.0165014 -0.00758201 0.115412 0.044743
internal_weight=1443.48 556.922 60.9613 886.557 879.385 522.913 505.221 414.755 227.468 187.287 90.4658 27.2836 63.1822 356.472 312.724 305.877 19.016 286.861 495.961 478.291 50.9792 427.312 26.2027 24.7765 0.91067 23.8658 23.2166 17.6698 1.32021 0.0954828 406.229 63.7959 342.433 1.22473 6.84753 5.59908 21.0828 14.121 46.8403 43.7477 32.4829 18.8292 6.75532 14.3274
internal_count=129959 75178 49889 54781 53554 45478 35466 22735 5489 17246 12731 4042 8689 8076 7192 7083 320 6763 25289 18917 4201 14716 2219 1982 399 1583 2109 6372 300 88 12725 2649 10076 212 109 86 1991 205 49684 884 622 509 102 1889
is_linear=0
shrinkage=0.08


Tree=91
num_leaves=45
num_cat=0
split_feature=14 22 9 16 14 17 16 8 16 4 18 5 20 5 18 15 9 2 9 20 8 9 3 4 20 4 2 3 14 17 15 15 9 7 16 5 7 8 15 16 17 22 14 19
split_gain=9.52812 8.95643 8.0029 6.56507 8.90256 6.49483 6.49886 6.25807 6.47086 5.6581 6.99508 5.55156 6.02491 5.27992 5.88808 5.17907 5.13326 6.9099 7.93933 4.70235 4.6421 4.37448 4.32873 5.02075 4.54576 4.26511 4.26167 9.04928 3.95752 3.73904 3.55351 10.6247 3.99071 3.31309 3.16401 3.03276 4.45222 2.94911 4.53139 3.2437 6.21249 2.92997 2.92865 2.89242
threshold=0.71825396825396837 1.0000000180025095e-35 0.21244358478401035 0.94290004290004292 0.70710784313725505 0.92089677095532896 0.94290004290004292 0.43826219512195125 0.87885582280201124 0.34833164812942369 0.87083333333333346 0.15484515484515485 0.78059477963200696 0.050641025641025628 0.91287878787878796 0.37053001277139214 0.3943381180223286 0.36086927263397856 0.91240409207161133 0.99717514124293805 0.19112850619699936 0.86159003831417635 0.25227272727272732 0.17712418300653601 0.69779554263565902 0.17712418300653601 0.42577314326540344 0.48934240362811798 0.20344827586206901 0.92331216184427201 0.94347230675593441 0.95672976908674867 0.93582704186684984 0.2678571428571429 0.90935595017227688 0.89386733416770969 0.38750000000000007 0.21483516483516488 0.82378187326432728 0.8884877657440835 0.8864250614250615 1.0000000180025095e-35 0.38675213675213682 0.69047619047619058
decision_type=2 2 2 2 2 2 2 2 2 2 2 2 2 2 2 2 2 2 2 2 2 2 2 2 2 2 2 2 2 2 2 2 2 2 2 2 2 2 2 2 2 2 2 2
left_child=1 3 37 4 13 16 29 8 -2 10 34 -6 25 -1 15 -15 22 42 -19 -5 -11 -14 24 -24 -4 -13 -8 -28 -16 -7 32 -32 -12 41 -10 36 -21 39 -39 40 -3 -22 -18 -9
right_child=7 2 5 19 11 6 26 43 9 20 30 12 21 14 28 -17 17 18 -20 35 33 -23 23 -25 -26 -27 27 -29 -30 -31 31 -33 -34 -35 -36 -37 -38 38 -40 -41 -42 -43 -44 -45
leaf_value=-0.078865103939133818 0.072584715995554813 -0.07530045582677701 -0.010391733300139025 0.062547174759898988 0.087747322682346349 0.13825841997159699 0.063832215616131227 0.019807934633551107 -0.23579517929448987 0.1084410042479016 0.056044736234847514 -0.36202396721024527 -0.12573833644843441 0.0048455245965808259 -0.17907702387943547 -0.011318454383458217 0.015751187096646472 -0.0058406991155394343 0.016173659105824599 -0.015513209859836254 -0.097069997520408985 -0.013823665024155057 -0.031365763432629715 0.028838559020661455 0.13154572671911746 0.040648444383182561 -0.13508482783676093 0.052338149899545362 0.04578496043120877 0.043457396970337431 -0.16696989432152776 0.016925395199420892 -0.025144651528141073 0.080932986449480049 -0.053806545870631085 0.080327193783947606 -0.22122575053536331 -0.056852334072989175 0.13818079585889048 0.082435412717757353 -0.29204457478869811 -0.0095735454254602843 0.13721919543778993 0.069958899518444972
leaf_weight=6.3820287516573435 9.6919160098768753 5.3471661714720522 2.1119265088345847 14.3882351841894 1.4256006386131073 2.8767911643953985 2.5754773432854545 11.076268866600001 0.77836236031725947 1.1784206768497814 22.239651696290824 0.17783189564943613 10.230074956198221 173.02868591347942 0.51567716617137449 475.48393149315962 2.0224722271086639 320.59647580457386 155.79692604803131 2.9469244125648397 7.9016880434937757 2.860250513884238 10.591375116608104 54.398541892180219 4.5666592902271077 3.1565094295656309 3.9594195764511824 2.8251250069006346 17.507391840626951 35.770167450653389 2.2275635586120215 20.656505609746091 4.6921099436003706 1.0138919989112753 2.8504194943234324 1.2667178624542428 0.87275560956913967 2.9335327788721774 1.0301578220678491 0.61761974170804013 1.0055040344595907 3.5498118781251833 3.4159951715264469 21.93698607585975
leaf_count=545 507 212 32 3188 62 448 49 4143 28 27 1113 2 436 6972 7 29894 65 22785 17561 131 73 630 196 1457 71 570 27 1879 1554 8802 161 1251 534 131 75 531 35 81 14 13 8 67 13 23579
internal_value=0.00135942 -0.000520378 0.00656888 -0.00663343 -0.00792487 0.00780184 0.0360285 0.0240053 0.0114814 0.00265407 0.0143927 -0.0636871 -0.076831 -0.00644569 -0.00575228 -0.00700577 0.00535364 0.00238236 0.00135875 0.0391742 -0.0433277 -0.101285 0.0253298 0.0190271 0.0866618 0.0191725 -0.0237817 -0.0570408 0.0393512 0.0505142 0.0222041 -0.000975199 0.0418997 -0.0576752 -0.0928425 -0.0269425 -0.0625163 -0.0612597 -0.00616349 -0.0925905 -0.109607 -0.0699473 0.0920473 0.0531328
internal_weight=1432.48 1322.68 612.441 710.243 690.768 601.507 48.007 109.794 76.7803 67.0884 53.4446 17.8503 16.4247 672.918 666.536 648.513 553.5 481.832 476.393 19.4746 13.6438 13.0903 71.6685 64.9899 6.67859 3.33434 9.36002 6.78454 18.0231 38.647 49.8158 22.8841 26.9318 12.4654 3.62878 5.0864 3.81968 10.934 3.96369 6.97029 6.35267 11.4515 5.43847 33.0133
internal_count=129959 98270 53713 44557 40672 53385 11205 31689 3967 3460 3162 1700 1638 38972 38427 36866 42180 40424 40346 3885 298 1066 1756 1653 103 572 1955 1906 1561 9250 3059 1412 1647 271 103 697 166 328 95 233 220 140 78 27722
is_linear=0
shrinkage=0.08


Tree=92
num_leaves=45
num_cat=0
split_feature=19 3 19 2 17 8 8 17 23 16 23 9 4 1 8 12 8 3 9 23 9 20 14 18 2 5 0 2 15 0 14 8 16 20 17 16 20 22 4 3 3 15 1 2
split_gain=9.27757 25.7147 24.1873 9.86146 12.0781 10.9917 8.61917 8.62125 8.67064 7.22153 6.85305 6.78629 13.58 10.7787 8.35287 10.5411 8.04247 6.50055 6.2541 8.00423 9.31516 16.2754 10.8399 7.04918 6.87184 6.29754 21.1209 12.2396 9.28539 7.584 6.00015 12.9419 7.90699 7.93983 7.9391 6.51644 5.74409 5.62599 5.88522 5.5418 5.52408 10.2185 9.5489 7.30963
threshold=0.30952380952380959 0.83827375762859646 1.0000000180025095e-35 0.48498332025117746 0.58359213250517616 0.29459980713596917 0.77836257309941537 0.87533783783783792 0.72996400142773565 0.34296141814389997 0.46317315026697187 0.72281323877068571 0.26766169154228864 0.25176056338028174 0.039607843137254913 0.10367218987908645 0.22048611111111113 0.10762548262548262 0.33558558558558566 0.28667349726775965 0.80178571428571443 0.60789884135472383 0.16397849462365593 0.62019230769230782 0.38779220779220785 0.39455151964418095 1.0000000180025095e-35 0.50025574915280802 0.46920477274294781 0.15476190476190479 0.23205128205128209 0.50316455696202544 0.63847666726264984 0.4839989759344599 0.91876178504085493 0.68365249377907611 0.89138860802157072 1.0000000180025095e-35 0.10596491228070178 0.4673758865248227 0.28801843317972353 0.70620204603580572 0.21483516483516488 0.46671554252199415
decision_type=2 2 2 2 2 2 2 2 2 2 2 2 2 2 2 2 2 2 2 2 2 2 2 2 2 2 2 2 2 2 2 2 2 2 2 2 2 2 2 2 2 2 2 2
left_child=2 3 18 5 -5 11 7 8 -4 -7 -8 12 13 -2 17 -16 -14 -13 23 20 37 24 -23 40 -22 27 36 28 -21 -28 31 35 34 -34 -32 -6 -27 38 -20 -29 41 43 -42 -1
right_child=1 -3 6 4 30 9 10 -9 -10 -11 -12 14 16 -15 15 -17 -18 -19 19 25 21 22 -24 -25 -26 26 29 39 -30 -31 32 -33 33 -35 -36 -37 -38 -39 -40 -41 42 -43 -44 -45
leaf_value=-0.094645477694750513 -0.012347771506136369 0.053217920774103977 -0.060817810753073423 -0.048534953844590119 0.045909556216627873 0.29137318205744317 -0.48662621520308008 0.044778100289015521 -0.52300559756047693 0.059800095006428744 0.085894296606234738 0.055229428465345259 0.14100101729672107 -0.12071948231996762 -0.011473451504519587 0.026216417981389392 0.015123015831283551 -0.11329225531610888 -0.087021037636215881 0.076885299482745806 -0.054895781921751596 0.40049961471413781 0.11574258738829729 0.00041028048101368153 0.039307971809098098 0.092908271408334672 -0.085389690658427789 -0.072425839765548325 -0.010875892817473053 -0.0030231605990361445 -0.052735785939494399 -0.084134733282960228 -0.39604171355014972 0.0019610764898562701 0.094368003806739001 0.19370670327756134 0.015294792650627163 0.044210238038395161 0.061905735889001987 -0.01171442476896291 -0.018419154255922089 0.37208110420266921 0.090224542917428568 0.21108653729268742
leaf_weight=1.011852661147717 86.167802751821 72.03818051647977 64.723621147335507 42.05267407282372 19.649244274012752 0.9058333247667204 0.13861722685396616 5.1582572476472697 0.26082007959484954 17.750733727705665 3.8567474008887075 38.594987042364664 5.4700155918835645 6.3034218673710702 88.835011036600918 102.0458931956091 7.9981516964617185 1.5227338762488205 8.8023300025379267 8.1963302288204414 6.0079601502511641 0.98959071794524689 6.3173923244467005 30.84874126710929 28.299362919991836 18.783021801034923 7.3095246396842404 31.148927171248943 131.5773134935298 337.24363496038131 31.259422462724615 4.8587968570063813 0.32147214596625318 150.88631406790228 2.53872502723243 2.1147084175609043 9.0399240587139484 4.9976404298795378 2.1041939199203616 13.92394502420211 9.0456273421295936 0.97786724381148804 12.107860756106673 0.99033070961013425
leaf_count=52 2497 52865 9476 10169 781 11 2 83 12 563 258 1240 162 219 2525 3174 345 37 429 284 49 146 95 173 217 944 752 2844 2041 24041 1235 253 7 9939 117 18 636 102 61 514 190 6 385 10
internal_value=0.00127409 0.00801852 -0.00490324 0.00267434 -0.00937566 0.0112708 -0.0482608 -0.054771 -0.0626728 0.0710437 0.066031 0.00796113 -0.00880402 -0.0197351 0.0156499 0.00867574 0.0662476 0.0488329 -0.000103571 -0.00241558 0.0259972 0.0459001 0.154307 0.0257464 0.0228108 -0.00534845 0.000643602 -0.0174195 -0.00572957 -0.00477053 -0.00159432 0.0339156 -0.00670429 0.00111491 -0.0416862 0.0602704 0.067691 -0.0260799 -0.0582886 -0.0536708 0.0581323 0.160106 0.0437665 0.0565773
internal_weight=1425.18 681.314 743.861 609.276 253.681 355.595 74.1381 70.1427 64.9844 18.6566 3.99536 336.938 105.939 92.4712 230.999 190.881 13.4682 40.1177 669.723 614.741 57.5185 41.6143 7.30698 54.9823 34.3073 557.223 372.376 184.847 139.774 344.553 211.629 26.6227 185.006 151.208 33.7981 21.764 27.8229 15.9042 10.9065 45.0729 24.1335 2.98005 21.1535 2.00218
internal_count=129959 86157 43802 33292 22519 10773 9831 9571 9488 574 260 10199 3223 2716 6976 5699 507 1277 33971 33155 1099 507 241 816 266 32056 26373 5683 2325 24793 12350 1052 11298 9946 1352 799 1580 592 490 3358 643 68 575 62
is_linear=0
shrinkage=0.08


Tree=93
num_leaves=45
num_cat=0
split_feature=16 23 9 23 12 3 8 3 12 3 15 8 9 9 17 16 18 8 3 16 20 20 18 16 14 19 0 9 17 20 22 2 4 14 2 3 8 16 14 19 6 9 18 20
split_gain=8.29693 13.3089 7.51122 9.65489 8.23782 10.5816 7.08393 6.83763 11.7381 11.934 10.8512 9.51115 6.94303 6.66118 6.26331 10.6529 5.32973 5.27819 5.48964 5.0512 6.73242 4.93967 4.78426 14.4859 12.9921 5.14528 7.04208 5.11484 4.6159 4.3139 4.29883 4.33177 6.37656 5.71676 4.28987 4.26749 7.73988 4.25077 4.15302 4.02889 3.99809 8.3796 3.98014 10.5023
threshold=0.81977395377252837 0.925006047411708 0.87138130686517801 0.925006047411708 0.093933823529411778 0.095811818703384968 0.065044949762030693 0.10933997509339978 0.10762548262548262 0.22474747474747478 0.33536653401271993 0.062019230769230778 0.68801229508196726 0.69309262166405039 0.80658715098942813 0.80709621587601299 0.60769230769230786 0.038098693759071108 0.097960815673730509 0.73592452830188693 0.71806526806526816 0.9768778401496927 0.74166666666666681 0.91683135704874841 0.51190476190476197 0.23611111111111113 0.58571428571428574 0.52679425837320581 0.9355781927938126 0.86010752688172054 1.0000000180025095e-35 0.79286119097947061 0.34002408671216389 0.27888888888888896 0.36086927263397856 0.96459899749373446 0.96051948051948066 0.42792728749873066 0.29520697167755999 0.73214285714285732 1.0000000180025095e-35 0.69920634920634928 0.62019230769230782 0.96680440771349874
decision_type=2 2 2 2 2 2 2 2 2 2 2 2 2 2 2 2 2 2 2 2 2 2 2 2 2 2 2 2 2 2 2 2 2 2 2 2 2 2 2 2 2 2 2 2
left_child=2 16 3 4 5 6 13 11 10 -10 -9 12 -6 -1 15 17 29 18 -4 20 -19 -21 23 25 28 26 -18 -27 -24 -2 31 32 39 -34 -7 36 -26 -20 -31 -16 -40 -42 43 -32
right_child=1 -3 14 -5 7 34 -8 8 9 -11 -12 -13 -14 -15 30 -17 22 19 37 21 -22 -23 24 -25 35 27 -28 -29 -30 38 42 -33 33 -35 -36 -37 -38 -39 40 -41 41 -43 -44 -45
leaf_value=-0.075176205630928888 0.08641826295716902 0.080092104170147435 0.066550077161526208 -0.17811728808349533 -0.099898470255439895 0.079089954189949588 -0.14723162613306345 0.060388120793655221 0.032553324426420026 -0.0068252124767076965 -0.071828640181870768 -0.17363897118448635 0.05464473421075576 0.035706526142453274 0.0047832679808401295 -0.35352799727116446 -0.052117260185749713 0.0047067928550001484 -0.15762180235670525 0.022094213723586279 -0.022408851373641125 0.1375193400358718 0.10052807978585764 0.090846852017344326 0.0042411724299511464 0.070861027359390635 -0.25100809163271154 -0.034905284749397206 -0.10329514585644103 0.17307841461338483 0.087232692192563965 0.098847584632098293 -0.37574702105833008 -0.055844149367677315 -0.063630780716925545 0.047448191167977466 -0.13030890581282858 0.026973526600790387 0.013727578802622462 0.064454721864273617 0.080228359241033123 -0.54063276927670156 0.035355586442545543 0.61321322152976965
leaf_weight=4.1657117413124132 9.6193930572771951 17.696273449168075 14.210559430299329 2.1090482298750421 2.0026186922332334 1.3954761060303997 1.8000500365742471 4.6444581310497588 54.616246505058371 501.72182864026399 27.465770657057874 1.350620787241495 26.216024974943139 20.684249530022498 37.143158445134759 0.53969351656269182 21.065006611286666 224.99915183556732 1.3420530357398086 11.368003410781965 79.240333066438325 2.9988456188002592 12.011302483646428 6.458672119624679 198.01755763895926 4.3771078023128203 1.2044816627167154 8.8286126307211799 0.75584436551434997 1.0041047807899293 6.1448732772842076 3.5681621938711023 0.39255088986828823 4.0056100326473825 39.516261578188278 14.413080085651016 2.7745285651762961 1.9707511836895717 12.091417653980894 8.9953214102424663 0.30296974087832573 0.25726984781795181 19.595912012009649 0.25295634125359345
leaf_count=386 1227 23854 151 51 45 38 79 48 805 36389 578 42 427 325 355 18 417 8451 25 1687 9892 161 701 425 17565 128 211 1096 73 94 813 2246 14 285 1883 13102 359 31 744 400 103 80 4107 48
internal_value=0.00117285 0.012718 -0.00207682 -0.00721279 -0.00668704 -0.0332097 0.00601786 -0.00378757 -0.00567387 -0.00295938 -0.0527047 0.0337509 0.0436771 0.0171188 0.00639778 0.00161418 0.00865131 0.0021844 0.0449306 -0.000166645 -0.00235558 0.0461873 0.00548383 -0.0193503 0.0100519 -0.039413 -0.0628746 0.000151534 0.0884613 0.0453825 0.0265042 0.0136581 0.0076433 -0.0843966 -0.0587627 0.00540022 0.00238197 -0.047808 0.016476 0.016417 0.00404723 -0.20488 0.0532426 0.108029
internal_weight=1415.33 310.878 1104.46 687.688 685.579 67.5617 26.65 618.018 588.448 556.338 32.1102 29.5693 28.2186 24.85 416.768 336.669 293.181 336.13 17.5234 318.606 304.239 14.3668 269.906 41.9339 227.972 35.4752 22.2695 13.2057 12.7671 23.2752 80.0985 54.1048 50.5366 4.39816 40.9117 215.205 200.792 3.3128 13.6558 46.1385 12.6517 0.56024 25.9937 6.39783
internal_count=129959 60179 69780 41096 41045 2711 790 38334 37820 37194 626 514 472 711 28684 20416 36325 20398 207 20191 18343 1848 34077 2277 31800 1852 628 1224 774 2248 8268 3300 1054 299 1921 31026 17924 56 1021 755 927 183 4968 861
is_linear=0
shrinkage=0.08


Tree=94
num_leaves=45
num_cat=0
split_feature=23 19 19 19 11 2 17 8 8 14 0 8 3 15 17 2 14 8 1 8 18 20 14 18 17 8 12 3 23 16 16 9 23 17 17 1 17 6 20 22 15 3 14 23
split_gain=7.65698 11.7416 6.49974 19.4279 10.7607 10.7899 10.2524 9.45929 9.154 8.09223 7.93539 7.8038 21.9279 16.872 11.1739 8.62709 8.44108 7.26221 11.9049 7.13126 7.53424 8.43174 6.9153 5.80315 5.77854 5.44481 10.1373 7.18464 5.26226 5.48983 5.20743 4.82723 4.72259 5.02964 4.39887 3.82325 3.7978 4.05007 4.51613 3.74484 6.89566 11.9144 3.58116 3.45312
threshold=0.84145395044413285 0.15476190476190479 0.30952380952380959 1.0000000180025095e-35 1.0000000180025095e-35 0.48498332025117746 0.58359213250517616 0.29459980713596917 0.7590571802706243 0.23205128205128209 0.38750000000000007 0.97825059101654854 0.9793792517006803 0.50802230802230808 0.77183447749809331 0.72790526033279668 0.36602870813397131 0.85145784081954312 0.84660633484162906 0.81302966101694929 0.65476190476190488 0.66789215686274517 0.22902097902097904 0.65476190476190488 0.90489491886139939 0.039607843137254913 0.10367218987908645 0.10367218987908645 0.83492124006801871 0.57739218818063021 0.34296141814389997 0.86240703177822864 0.18390470563617797 0.54708917916465094 0.87730616864742517 0.21483516483516488 0.3944308050135677 1.0000000180025095e-35 0.40075757575757581 1.0000000180025095e-35 0.56265703517587951 0.6706827309236949 0.065591397849462371 0.63403011357476335
decision_type=2 2 2 2 2 2 2 2 2 2 2 2 2 2 2 2 2 2 2 2 2 2 2 2 2 2 2 2 2 2 2 2 2 2 2 2 2 2 2 2 2 2 2 2
left_child=2 -2 3 11 5 7 8 25 23 22 -11 13 14 15 -13 16 -1 18 -15 20 32 31 -8 -7 -16 27 -27 -4 29 -14 -9 -22 33 -5 -23 -32 37 -6 -39 40 41 -38 -21 -34
right_child=1 -3 4 19 36 6 9 30 -10 10 -12 12 28 17 24 -17 -18 -19 -20 42 21 34 -24 -25 -26 26 -28 -29 -30 -31 35 -33 43 -35 -36 -37 39 38 -40 -41 -42 -43 -44 -45
leaf_value=0.013255262804305137 0.0071248020727133375 0.063097615534968898 0.044230674632906579 -0.0095098659450087563 0.088858404827192108 -0.064662910283622671 0.020199137724496982 0.24402310857510823 0.10665105426711138 -0.014212299218869105 0.075663379856570651 -0.074835010395594509 -0.0085133872183368528 -0.0058847821460037957 -0.37649130153632443 0.086621181385980822 0.096349843344914685 0.080849817454477946 -0.26317010788421358 -0.1309059616483926 0.10080584727122339 -0.12821992004270574 0.13682289199395029 0.09181143567038659 -0.13618263242005652 -0.016390605571929288 0.014670866096521356 -0.059947916266668573 -0.09351082976836006 0.048033486897875372 -0.13762830517293925 -0.019573176677186509 -0.076553445544814899 0.29394563868742379 0.021736970390390672 0.062918639904236101 -0.32621504740194029 0.030923900595243203 -0.090139611907697662 0.062619263030695385 0.043740722375860235 0.00099524725443838821 0.10270985772695523 0.018557772493102892
leaf_weight=68.990368143364321 124.00582854117965 29.737651841191109 39.772465011978056 2.9710344717605035 2.1884716738713887 36.361963924253359 20.749333140964158 0.99298208241816865 2.2875533344922578 159.48873463214841 6.5453206800157195 14.979223734408153 116.77079750964185 289.81634934525937 1.2734262368176126 16.339787001721561 8.8248786740004999 6.1630263484548768 1.1555856248596672 0.49289561470504795 4.9627607476431859 3.6647194698452941 3.8592100611422202 1.5829381035873655 1.2883063621120525 107.35858706169529 179.97004575689789 4.7418172746547489 4.2651752831879994 12.129460889147593 0.63106037350371735 3.7375621458049864 47.624871430976782 0.39617711305618275 1.9015736135188488 16.933764331915881 0.93419106194051282 3.6731517326552421 4.258240417460911 31.830513768509263 13.395392321282996 2.9970210724859498 2.8377047259127721 2.5751255784416562
leaf_count=3670 10003 39144 1331 177 35 10097 833 11 53 3949 1949 1757 6312 8428 23 1557 83 920 155 19 40 54 133 17 22 3296 5383 175 115 926 22 46 9172 1 36 642 47 32 60 11513 6839 693 138 51
internal_value=0.0011012 0.0179513 -0.000965134 -0.00685261 0.00467058 0.00135937 -0.0120684 0.0102068 -0.0487658 -0.00432387 -0.0106693 -0.00169262 -0.0171604 0.00426484 -0.10124 0.0337755 0.0226789 -0.00508638 -0.00690658 -0.0461517 -0.0517632 -0.000100672 0.0384885 -0.0581353 -0.255639 0.00709837 0.00306494 0.0331332 -0.00608517 -0.00319235 0.0657895 0.0490924 -0.0655225 0.0261939 -0.0769912 0.0557135 0.0371405 -0.00748862 -0.0340732 0.0463282 0.0164002 -0.0767612 0.068137 -0.0716745
internal_weight=1407.46 153.743 1253.71 613.161 640.553 581.276 230.875 350.401 40.2325 190.643 166.034 541.996 150.706 391.29 17.541 94.155 77.8152 297.135 290.972 71.1644 67.8338 14.2666 24.6085 37.9449 2.56173 331.843 287.329 44.5143 133.165 128.9 18.5578 8.70032 53.5672 3.36721 5.56629 17.5648 59.277 10.1199 7.93139 49.1571 17.3266 3.93121 3.3306 50.2
internal_count=129959 49147 80812 33702 47110 27891 17031 10860 10167 6864 5898 23968 9155 14813 1802 5310 3753 9503 8583 9734 9577 176 966 10114 45 10185 8679 1506 7353 7238 675 86 9401 178 90 664 19219 127 92 19092 7579 740 157 9223
is_linear=0
shrinkage=0.08


Tree=95
num_leaves=45
num_cat=0
split_feature=9 12 17 16 2 8 9 8 3 8 12 8 23 20 3 20 23 8 7 2 9 3 1 2 20 22 9 9 3 9 3 8 18 14 19 9 3 9 9 9 2 12 8 16
split_gain=6.91991 9.01289 8.78174 29.6535 10.0705 10.2165 8.15377 11.4743 9.21314 14.9456 14.0911 15.424 16.395 8.62239 7.80673 7.37026 11.6124 7.89762 7.22925 9.15199 6.76286 6.63976 5.91746 7.94759 5.82666 5.5435 5.50737 5.05563 10.4464 7.30774 6.52327 13.8315 11.7789 6.75778 5.35596 4.96643 4.8704 4.74819 4.62551 4.32002 4.86689 4.53874 4.20058 4.90874
threshold=0.87138130686517801 0.089719939627704207 0.80658715098942813 0.8101914962674458 0.79961001642036134 0.096006144393241191 0.551981471950592 0.087595907928388797 0.10933997509339978 0.068381063705435466 0.10762548262548262 0.11215932914046124 0.48345278682171133 0.33596875000000009 0.30094339622641519 0.89138860802157072 0.40366714935635051 0.19112850619699936 0.11805555555555557 0.6984248500037975 0.93798076923076934 0.77003205128205143 0.10063291139240506 0.40017511728038041 0.65481458069953657 1.0000000180025095e-35 0.93405797101449284 0.70412457912457926 0.14724480578139118 0.72821969696969713 0.095811818703384968 0.065044949762030693 0.79285714285714304 0.35388994307400384 0.11805555555555557 0.84409722222222239 0.5288568257491677 0.66939890710382521 0.63911657559198554 0.74388789505068587 0.39031362254766516 0.10596491228070178 0.038098693759071108 0.73592452830188693
decision_type=2 2 2 2 2 2 2 2 2 2 2 2 2 2 2 2 2 2 2 2 2 2 2 2 2 2 2 2 2 2 2 2 2 2 2 2 2 2 2 2 2 2 2 2
left_child=1 27 3 42 5 22 7 -3 9 39 13 38 -13 -10 -9 17 -17 -16 20 -20 25 -21 23 26 -11 -7 -4 28 -1 -29 33 32 -32 34 -31 -33 -22 -15 -12 40 -8 -41 -2 -44
right_child=2 6 4 -5 -6 18 8 14 10 24 11 12 -14 37 15 16 -18 -19 19 21 36 -23 -24 -25 -26 -27 -28 29 -30 30 31 35 -34 -35 -36 -37 -38 -39 -40 41 -42 -43 43 -45
leaf_value=-0.092320913863025766 0.040635485204879383 -0.10845342546327315 0.047949293434879754 -0.62479734093478978 0.059850806457430503 -0.045149845093683361 0.10252709328699355 0.04707456550212849 0.068317811356760294 -0.47360081818156341 -0.056286745024959117 -0.043374590194289957 -0.0034741539326609196 -0.0036661393116829998 -0.028026899628897376 -0.087344952963596928 -0.0015889771209304665 0.020706093248125553 0.084958451443479105 -0.1471686981667237 -0.10138461879661344 0.035663966103211646 0.058745736058429254 -0.18377246593281293 -0.11234348687082699 0.044824191980761409 -0.0085283076947732222 0.096666406255744963 0.040151504393424367 0.077391460690345346 -0.12257810564450074 -0.05079265450516305 -0.49990676552351232 0.07809646232622465 -0.063260260950219555 0.076285857404165769 0.0021499303729641561 -0.084198456765717078 0.039527766300875837 0.038035605751694165 -0.05789925853162111 0.16120125797240462 -0.0021387521839405532 0.045457525431252935
leaf_weight=17.601431487535596 17.21979599725455 5.2643981184810391 21.230091047007591 0.48351612972328339 38.272748399991542 9.3255490865558386 1.5439241909189139 33.681859839591198 3.1322927866131058 0.46437777974642702 3.4455362448934457 84.935278163902694 294.19765200521215 5.6438234980450934 24.173515325412154 11.601197495008817 78.401130109472433 177.9803983962338 8.261432262050219 2.4258550252998239 11.580144896171985 2.6708514376950916 29.754851209348999 1.278431704500689 0.74277479876764119 8.2682954377378337 23.045293744187802 3.3981081959209396 4.862154832459054 2.2394700844888593 5.2837532663834272 4.8706214439589512 0.5884396971669047 5.6708694526460013 7.657306392036844 3.3030225535621867 3.8828818192123427 27.598596733703744 50.290625173423905 36.324063525069505 5.6001711041899398 2.0214183211792252 300.49272174664657 14.538637677353107
leaf_count=1498 207 141 827 31 36852 168 32 684 21 12 69 12245 32083 135 613 1489 5219 7916 753 621 131 1360 1219 32 35 119 1297 136 138 38 250 108 14 129 181 42 111 668 1113 851 142 27 18343 1859
internal_value=0.00103079 -0.00313206 0.00865575 0.00124978 0.0240575 0.0128032 -0.00108613 0.00871181 -0.00737392 0.0265144 -0.0107463 -0.00672763 -0.0124129 -0.0585698 0.0106048 0.0064003 -0.0126428 0.0148786 -0.0167189 0.0329478 -0.036789 -0.051358 0.0309986 0.0128747 -0.251315 -0.0028662 0.0185528 -0.0343711 -0.0636478 -0.014449 -0.0271994 -0.0667283 -0.160389 0.00846547 -0.0314332 0.000560596 -0.0753863 -0.0705259 0.0333842 0.0338871 -0.0232292 0.0445284 0.00216085 5.7807e-05
internal_weight=1395.25 902.518 492.731 332.735 159.996 121.724 847.043 331.102 515.941 46.6967 469.244 432.869 379.133 36.3747 325.838 292.156 90.0023 202.154 46.415 13.3581 33.0569 5.09671 75.3087 45.5538 1.20715 17.5938 44.2754 55.4752 22.4636 33.0116 29.6135 14.0458 5.87219 15.5676 9.89678 8.17364 15.463 33.2424 53.7362 45.4896 7.1441 38.3455 332.251 315.031
internal_count=129959 66029 63930 20440 43490 6638 63495 16062 47433 1099 46334 45510 44328 824 15921 15237 6708 8529 3263 2734 529 1981 3375 2156 47 287 2124 2534 1636 898 762 414 264 348 219 150 242 803 1182 1052 174 878 20409 20202
is_linear=0
shrinkage=0.08


Tree=96
num_leaves=45
num_cat=0
split_feature=14 22 3 9 17 4 16 20 16 16 14 9 9 18 2 19 1 8 20 6 23 8 23 15 3 5 0 20 16 9 9 15 20 20 23 9 8 9 15 11 16 1 8 9
split_gain=6.68798 7.38356 6.52784 6.48054 6.04871 6.25935 5.56361 6.02414 11.7884 8.45465 7.96065 6.84679 6.08102 5.47084 9.89333 10.3789 8.48727 10.5486 8.22649 6.81962 6.37881 5.90501 4.74768 5.45336 4.40521 6.0175 3.83795 3.66506 6.7924 4.82898 6.55282 4.25777 3.52209 13.0623 3.47937 7.1866 4.20368 3.42546 3.27914 8.36945 6.24823 3.15512 3.07257 2.65164
threshold=0.75595238095238104 1.0000000180025095e-35 0.77003205128205143 0.21244358478401035 0.9509000321440052 0.34833164812942369 0.97624689686301069 0.77435167615433287 0.57205789804908758 0.5823480317151204 0.22902097902097904 0.32173123486682814 0.32173123486682814 0.18898809523809526 0.82212526036055456 0.13392857142857145 0.65545505935556825 0.73375527426160347 0.26639784946236561 1.0000000180025095e-35 0.62828143782232748 0.70064935064935074 0.37009398331137472 0.52280154486036845 0.76506899055918676 0.87298335467349564 0.29285714285714287 0.99717514124293805 0.96013245033112593 0.93969696969696981 0.9417420814479639 0.61569230769230787 0.97740040858018395 0.98222187104930481 0.63403011357476335 0.7193750000000001 0.038098693759071108 0.96490147783251246 0.58351216022889851 1.0000000180025095e-35 0.49707562335396932 0.60120481927710856 0.16108108108108113 0.80600358422939078
decision_type=2 2 2 2 2 2 2 2 2 2 2 2 2 2 2 2 2 2 2 2 2 2 2 2 2 2 2 2 2 2 2 2 2 2 2 2 2 2 2 2 2 2 2 2
left_child=1 6 4 -3 -2 27 7 12 32 11 -11 -10 22 18 16 21 20 -18 19 -5 -15 -16 23 -1 26 -26 37 29 -29 -6 -31 -30 -9 -34 36 -36 -20 -7 40 -40 -14 -21 -4 -28
right_child=2 3 42 13 5 24 -8 8 9 10 -12 -13 38 14 15 -17 17 -19 34 41 -22 -23 -24 -25 25 -27 43 28 31 30 -32 -33 33 -35 35 -37 -38 -39 39 -41 -42 -43 -44 -45
leaf_value=0.036568257625277614 0.063290131527522261 -0.055813933840610001 -0.19672124900410967 0.077760629348033183 0.063268449831050927 -0.048309883972366956 0.071103192997708856 -0.068009650968552174 0.49297082684554144 -0.108610403713995 -0.0092710081044286088 0.078013678472793072 -0.0061947687971155912 0.0055457830511552461 0.088421504071104412 0.06670025059975504 -0.095879603958651555 0.036873651904869818 0.11327226228178844 0.078642133983390108 0.054483827300966486 0.0025921749556487932 0.077863810048887955 -0.10402018601309648 0.080625449377736094 -0.55456965504799971 -0.078780102186377043 -0.34264751025920748 -0.13030770633380021 -0.38469988324982901 -0.0066530623659506669 0.010451124269843131 0.28842358829297177 -0.071681621401363721 0.15588383439452766 -0.036369992581819409 -0.081789223184256507 -0.2390540933749139 -0.023886573538978807 0.070382469846126658 0.01829471816819939 -0.0058281030327062998 0.070773391110066489 0.080546634600622127
leaf_weight=6.691882165847348 11.869834119919686 10.639854083128737 0.27931251842528837 7.2847992066526777 14.577456129714848 10.561638867075082 5.9347407293389542 31.596320822834969 0.27370264474302475 5.2946391198202027 207.33931085962104 3.6242241646978073 244.4398028399446 343.17148684378481 5.7545573089737436 37.958112219173927 11.077844287559858 5.8556520801794241 0.74377944506705063 2.931500816717743 17.937135438260157 47.278660686686635 10.840068890131077 2.3987948247231543 0.15701117314165536 0.24345315672690049 0.91369538055732968 0.37379716662690299 1.4720118578989083 0.32916102488525156 2.7038478164467961 20.942649280535989 0.85470531333703492 2.6234244431834668 1.395574110269078 11.486155661579687 14.328706331900319 0.63900958129670549 81.171744197839871 6.5110017574043004 91.687220315623563 81.746702465228736 17.092714192403946 2.4914501483435743
leaf_count=220 1028 329 5 1081 796 373 2064 11001 4 523 14414 227 10396 13312 470 24310 608 1428 35 17 1051 5585 97 39 43 37 101 27 77 17 416 1161 135 933 130 2089 4269 21 1670 2525 2455 987 22470 983
internal_value=0.000964229 -0.000453587 0.0227535 0.00606457 0.0114642 0.000361156 -0.00602656 -0.00668486 -0.0165736 -0.00960427 -0.0117446 0.107151 -0.00107782 0.00718245 0.0110811 0.0347637 0.00538093 -0.0499731 -0.00806645 0.00348599 0.00797665 0.0119054 0.0421076 -0.000529401 -0.0437581 -0.305527 -0.0365809 0.0167493 -0.00443299 0.0441599 -0.0476811 0.00120723 -0.0595986 0.0168096 -0.0460713 -0.0155417 -0.0721636 -0.0591921 -0.00310873 -0.0168865 0.000485364 -0.0029038 0.0664725 0.0377948
internal_weight=1385.52 1300.87 84.647 599.591 67.275 55.4052 701.282 695.347 251.606 216.532 212.634 3.89793 443.741 588.951 469.033 90.9913 378.042 16.9335 119.917 91.963 361.109 53.0332 19.9307 9.09068 15.0063 0.400464 14.6058 40.3989 22.7885 17.6105 3.03301 22.4147 35.0745 3.47813 27.9542 12.8817 15.0725 11.2006 423.81 87.6827 336.127 84.6782 17.372 3.40515
internal_count=129959 102404 27555 55701 5080 4052 46703 44639 27237 15168 14937 231 17402 55372 46764 30365 16399 2036 8608 2085 14363 6055 356 259 1558 80 1478 2494 1265 1229 433 1238 12069 1068 6523 2219 4304 394 17046 4195 12851 1004 22475 1084
is_linear=0
shrinkage=0.08


Tree=97
num_leaves=45
num_cat=0
split_feature=19 19 3 2 17 8 8 18 20 3 0 23 20 1 12 14 17 18 1 9 23 9 20 9 18 12 9 3 8 3 9 20 2 8 9 7 17 4 23 18 22 4 17 9
split_gain=6.2531 18.2727 18.1135 7.30087 8.73623 7.88871 6.40967 6.63023 7.30362 5.53885 12.1685 10.5538 5.25243 8.79853 10.5885 8.46364 11.2208 7.74762 7.44882 4.94429 6.25987 6.96954 11.5928 9.72225 5.84836 5.75725 13.7437 6.45365 5.94993 6.86326 5.6902 5.64278 5.17412 4.9028 9.04671 8.72454 8.38439 5.91786 5.47103 4.81707 4.7236 4.82941 4.58771 4.29682
threshold=0.30952380952380959 1.0000000180025095e-35 0.83827375762859646 0.48498332025117746 0.58359213250517616 0.29459980713596917 0.77836257309941537 0.65476190476190488 0.66789215686274517 0.62258652094717681 0.087121212121212141 0.46317315026697187 0.44586453923803326 0.25176056338028174 0.25677655677655681 0.080540540540540564 0.37709601873536308 0.18898809523809526 0.10933997509339978 0.33558558558558566 0.28667349726775965 0.80178571428571443 0.56826357096141289 0.92380261248185791 0.62019230769230782 0.10596491228070178 0.85239651416122009 0.095811818703384968 0.096006144393241191 0.27361853832442073 0.77871939736346529 0.88844444444444448 0.38779220779220785 0.38013136288998362 0.51538825757575768 0.18333333333333338 0.59390470297029718 0.31503759398496245 0.4789544650232167 0.29705882352941182 1.0000000180025095e-35 0.10596491228070178 0.2965856481481482 0.86240703177822864
decision_type=2 2 2 2 2 2 2 2 2 2 2 2 2 2 2 2 2 2 2 2 2 2 2 2 2 2 2 2 2 2 2 2 2 2 2 2 2 2 2 2 2 2 2 2
left_child=1 19 3 5 9 12 7 -3 43 -5 11 -11 15 17 -15 16 -2 -14 -17 24 21 40 32 -24 -1 26 27 -22 30 -30 -27 -28 -23 35 36 37 -35 -6 -36 -4 41 -21 -8 -9
right_child=2 6 39 4 33 -7 42 8 -10 10 -12 -13 13 14 -16 18 -18 -19 -20 20 25 22 23 -25 -26 28 31 -29 29 -31 -32 -33 -34 34 38 -37 -38 -39 -40 -41 -42 -43 -44 -45
leaf_value=0.05251854713303003 -0.057925457939142548 -0.063395136376274849 0.014347264782276587 -0.067490108730250256 0.00013497894679054547 0.060792817529300047 -0.27618207696715891 0.094309706532002074 -0.074747718710896707 0.025445441250238083 -0.049195021099273789 0.31236899175885735 -0.06607772707861842 -0.27430029006543638 -0.02701100489685029 -0.044530437894187917 0.10481299107899311 0.018346966071227027 0.019553684029058167 -0.084166504087628727 0.02671834587917794 -0.052213467988401902 0.15610692353087305 -0.027916361833789771 -0.00030438252676068158 -0.027444201104300899 -0.022764479238535255 -0.10468662816267862 -0.071391913638988475 -0.0030644630066845404 0.050337148516610031 0.046212523489141337 0.031237946453226088 0.48948700414537599 -0.070680879485971751 0.092670467753471861 0.063409620944379075 -0.035196570391617284 0.0087039854450214546 0.062824929966343548 0.040202045244143961 0.055053921216486987 0.084593703101177559 -0.019965443275330518
leaf_weight=23.956092013337184 4.1555917875375581 49.826233177212998 18.959872715204256 23.542636295664124 67.094570098211989 18.365643282595556 0.24192464351653997 4.8567684781737608 5.2930083664832628 2.4823724596062671 10.091330372044466 1.2255020328448152 7.1679773629293768 1.1995882029877964 14.53995434072567 39.824399797478691 7.803558356128633 236.13530303863809 16.383911700919271 7.8686383381718752 2.8144629439339068 5.8462538451422033 7.9245746036758629 2.3919963280204684 30.483995633549057 8.0050332004902867 22.693995133973658 15.935731126810422 9.6083512388286163 452.30630914418725 24.267758348025382 11.404991871211676 25.473868138855323 0.30225085257552464 6.1158987415838046 4.9330074624158433 13.391932176076805 55.38587242027279 60.706526676891372 42.578489827516023 4.8899576725671059 1.9999753216980023 3.3390217550913803 3.7178346004802734
leaf_count=643 53 9396 294 7858 1114 574 2 38 90 56 2229 26 1033 59 700 644 43 7476 191 429 37 46 171 94 173 64 148 189 176 31115 211 116 196 6 199 139 435 1392 9065 52571 102 61 258 47
internal_value=0.000901374 -0.00421104 0.00658398 0.00228195 -0.00827376 0.00977384 -0.0439232 -0.0497783 -0.00085293 -0.0439015 -0.00365741 0.120278 0.00691025 0.0121097 -0.0458581 -0.0128482 0.0482643 0.0158597 -0.0258508 -0.000150029 -0.00223316 0.0231441 0.039888 0.113439 0.0229401 -0.00484936 -0.029946 -0.0849623 -0.00216549 -0.00448575 0.031044 0.000306064 0.0156608 -0.00187542 0.0135778 -0.0116408 0.0728138 -0.015842 0.00143831 0.047889 -0.0240933 -0.0559521 0.0602201 0.0447615
internal_weight=1377.53 725.147 652.386 590.848 245.272 345.576 67.2748 63.6938 13.8676 37.3418 13.7992 3.70787 327.21 259.043 15.7395 68.1675 11.9592 243.303 56.2083 657.872 603.432 56.3953 41.6367 10.3166 54.4401 547.037 52.8492 18.7502 494.187 461.915 32.2728 34.099 31.3201 207.93 80.5166 127.413 13.6942 122.48 66.8224 61.5384 14.7586 9.86861 3.58095 8.5746
internal_count=129959 43802 86157 33292 22519 10773 9831 9571 175 10169 2311 82 10199 9268 759 931 96 8509 835 33971 33155 1099 507 265 816 32056 490 226 31566 31291 275 264 242 12350 9705 2645 441 2506 9264 52865 592 490 260 85
is_linear=0
shrinkage=0.08


Tree=98
num_leaves=45
num_cat=0
split_feature=1 19 23 19 15 15 20 14 1 9 4 3 1 1 8 20 9 17 18 16 8 15 1 8 23 7 15 15 20 20 16 3 19 16 1 7 20 9 20 23 9 9 6 0
split_gain=5.78864 5.6112 13.1508 11.2851 5.32795 4.27079 6.74695 8.21376 7.79785 5.81159 6.42013 3.91653 12.4485 7.52804 7.85424 7.40923 6.06948 5.91408 3.85821 8.00938 6.47881 10.548 10.4331 6.32519 3.34694 3.18735 2.91383 2.16838 3.41811 2.06921 3.92827 1.4097 5.2091 34.39 3.17514 6.00976 0.883097 1.65914 0.803769 0.534228 0.488102 1.15659 0.13934 0.18982
threshold=0.044949494949494913 0.63333333333333341 0.79324554310359008 0.77500000000000013 0.96984848484848496 0.9303336703741153 0.94092721834496518 0.86811594202898557 0.49705882352941183 0.77167919799498763 0.83398950131233607 0.44281045751633991 0.30210618692408958 0.35767590618336892 0.24828767123287673 0.35232683982683993 0.51887464387464399 0.98142397055440544 0.74166666666666681 0.91810730253353212 0.3066239316239317 0.75937646507266765 0.22378716744913932 0.062019230769230778 0.46677965617274247 0.73214285714285732 0.93156539046950015 0.80760202239075485 0.76569538288288297 0.97152988855116529 0.75063451776649759 0.84660633484162906 0.69047619047619058 0.92340286831812268 0.85839598997493749 0.64583333333333337 0.99717514124293805 0.56711711711711721 0.90294884799304465 0.21224647985153106 0.96039215686274526 0.89237451737451756 1.0000000180025095e-35 0.64583333333333337
decision_type=2 2 2 2 2 2 2 2 2 2 2 2 2 2 2 2 2 2 2 2 2 2 2 2 2 2 2 2 2 2 2 2 2 2 2 2 2 2 2 2 2 2 2 2
left_child=40 4 3 24 5 18 7 26 -9 10 -8 12 15 14 -13 -5 -15 -14 19 23 22 -22 -20 -2 29 -11 -7 28 -26 39 -31 32 33 -4 -34 -36 -6 -38 -21 -3 41 -1 -39 -44
right_child=1 2 31 11 36 6 9 8 -10 25 -12 13 17 16 -16 -17 -18 -19 20 38 21 -23 -24 -25 27 -27 -28 -29 -30 30 -32 -33 34 -35 35 -37 37 42 -40 -41 -42 -43 43 -45
leaf_value=-0.094587121754173858 0.0094275648077688078 0.03699790931819303 0.080142071630819628 -0.058259106360912222 0.084992473260688026 -0.13855626374694918 -0.088251837963081101 -0.66063789227326897 -0.031933956408075267 0.029793936314772358 -0.29331141250153514 -0.016472689130517134 -0.084323146188933967 0.062620931875840391 0.08155841436834417 0.0060655909931762592 -0.0051293274473232318 0.026462358305057752 0.010712817902086376 0.17112422847431738 0.066091600878619705 0.0024132895264609099 -0.041162413531430665 -0.0084595520801274155 0.066565979573421641 -0.11806433820588443 0.048385952309810368 0.091369048379122172 -0.072503413711999032 -0.29065445080230523 0.086281613580543953 0.080058497305782683 0.080313222009719479 -3.1597301620386697 0.081283159704514704 -0.21256996226462416 -0.15933123568800048 0.073290862786408534 0.087667899577433206 0.095370492615407088 -0.20175823360126502 0.087642129692727194 -0.088562431975582459 0.08022088212015506
leaf_weight=3.9379547058488233 159.71591248869663 1.0893303696066148 0.13899882312398659 12.253409782424567 5.2007112982682875 0.57343875188962545 6.4833043485123181 0.21550123719498593 0.3048891838407144 3.6780365580925718 1.1505682747229 7.4234456028207232 16.656716983241498 9.5598792197706626 17.707860652793897 177.07008619862609 73.73728976683924 3.7846107035875312 100.05265680095181 1.3975956816575483 27.846918862720486 41.397588955442188 32.995574393775314 608.82171677087899 1.9458148203848384 1.2502570176147854 7.6839735310641117 1.6976685026020275 2.7014692270895466 0.26894652168266553 0.51728603197261691 16.579202079738025 5.1165877281455323 0.024692931590834633 1.0569974292884579 0.7698449475574306 0.28512172668706603 0.82161050851573236 1.5662917167064732 12.725503826164639 0.23929068446159352 0.23628154431935389 0.087334915995597839 0.083336390001932159
leaf_count=436 3370 13 107 195 1212 117 159 18 64 213 20 222 792 2873 625 5845 9743 32 1143 119 4173 7076 301 48182 219 188 1258 198 179 5 39 35429 4368 23 294 49 11 86 152 360 1 3 1 46
internal_value=0.000829222 0.0011251 0.00964907 0.00562397 -0.00196263 -0.0024334 -0.0378364 0.0159765 -0.292289 -0.0754381 -0.119158 0.00187977 -0.0045014 0.0142247 0.0526014 0.00190236 0.00264626 -0.0638118 -0.00165757 -0.00423609 0.00817637 0.0280217 -0.00215209 -0.00474229 0.0625024 -0.00771618 0.0354037 0.0139912 -0.0142751 0.0835831 -0.0426569 0.0672803 0.0374718 -0.408593 0.0479878 -0.0425487 0.0703538 0.010755 0.127021 0.0907677 -0.0906419 -0.0842721 0.0596275 -0.00614792
internal_weight=1368.85 1364.44 362.826 339.139 1001.61 995.134 21.34 8.7778 0.52039 12.5622 7.63387 318.193 209.765 108.428 25.1313 189.323 83.2972 20.4413 973.794 771.502 202.293 69.2445 133.048 768.538 20.946 4.92829 8.25741 6.34495 4.64728 14.6011 0.786233 23.6863 7.10712 0.163692 6.94343 1.82684 6.47811 1.2774 2.96389 13.8148 4.41353 4.17424 0.992282 0.170671
internal_count=129959 129519 61610 21340 67909 66553 2037 1457 82 580 179 20327 6864 13463 847 6040 12616 824 64516 51823 12693 11249 1444 51552 1013 401 1375 596 398 417 44 40270 4841 130 4711 343 1356 144 271 373 440 439 133 47
is_linear=0
shrinkage=0.08


Tree=99
num_leaves=45
num_cat=0
split_feature=23 19 22 0 2 0 3 7 9 5 8 16 15 18 5 9 9 9 2 1 14 17 17 7 9 20 16 20 14 16 14 18 8 17 8 20 17 3 3 12 9 2 1 14
split_gain=5.61999 8.1357 5.46715 6.05605 17.0967 12.4471 12.9012 11.1976 20.0315 8.02486 12.0848 7.43729 7.34743 6.70493 6.59478 6.03579 5.69799 8.0992 6.06306 5.64275 6.37347 4.97472 6.33361 5.34395 5.81257 5.00936 8.99764 8.06788 6.00088 7.88655 6.5805 3.9515 3.9187 4.26044 3.74232 3.17852 6.01074 4.2761 5.23791 3.62836 4.91574 4.07208 3.22157 3.17798
threshold=0.84145395044413285 0.35416666666666669 1.0000000180025095e-35 1.0000000180025095e-35 0.64130390895096789 0.29285714285714287 0.86391694725028068 0.29285714285714287 0.5865817091454274 0.48934240362811793 0.48714568226763355 0.77505980861244039 0.32737905369484321 0.94281045751633996 0.37561881188118817 0.21244358478401035 0.57735042735042741 0.58102025506376609 0.69452037283845081 0.83398950131233607 0.267948717948718 0.92089677095532896 0.94456264775413723 0.13392857142857145 0.6906926406926408 0.96441236068895653 0.62580860565084939 0.97379862700228847 0.25462962962962971 0.66821705426356603 0.27888888888888896 0.91287878787878796 0.19112850619699936 0.99852507374631283 0.039607843137254913 0.97234964322120299 0.61161036668538882 0.80901722391084108 0.80243902439024406 0.89966442953020154 0.8738636363636364 0.97149206349206352 0.99593495934959353 0.57518796992481214
decision_type=2 2 2 2 2 2 2 2 2 2 2 2 2 2 2 2 2 2 2 2 2 2 2 2 2 2 2 2 2 2 2 2 2 2 2 2 2 2 2 2 2 2 2 2
left_child=2 35 3 4 9 6 7 14 -9 10 12 -12 -1 19 -5 32 -6 -18 -19 31 -21 25 -23 24 -24 28 34 -28 29 -17 -30 -7 33 -4 -27 36 39 38 43 -2 41 -41 -42 -38
right_child=1 -3 15 5 16 13 -8 8 -10 -11 11 -13 -14 -15 -16 21 17 18 -20 20 -22 22 23 -25 -26 26 27 -29 30 -31 -32 -33 -34 -35 -36 -37 37 -39 -40 40 42 -43 -44 -45
leaf_value=0.035657151260690627 0.029695144917190441 0.061933803101430512 -0.074179794373119334 0.071149589503667954 0.12755458632416131 -0.0027274460417687101 0.12143044211924288 -0.76308986844001825 -0.13027150396746276 0.11235168654868739 -0.085681848806430247 -0.35144591757062815 -0.0068861365943943863 0.080580400709230754 -0.073430586685660479 0.0061226797235614311 -0.64540029872900306 -0.0047592055181901304 0.098322833511164678 -0.084502755530724852 0.018196825396145082 0.066052011429276622 0.029541475427652855 0.082341881332356398 -0.037589472020953404 0.15900197602976832 0.1199672486581394 0.026261807188465297 -0.059240598078040496 0.072503317477125448 -0.005093764266984737 -0.22204238016878744 -0.0083900370060450077 -0.29575298620090901 -0.060797629620918871 -0.042444286667649087 0.080800756232567522 0.073080808421471327 -0.52520698960969681 -0.029155636198491711 0.073814575629189833 -0.14877362680173925 -0.0014386398235620571 -0.081851724063337683
leaf_weight=27.531456287571928 25.629748185165226 20.794842331917607 5.2069007551763189 2.175344223680443 6.9547353048110407 96.385378958191723 2.2909447232086668 0.40294206631369789 1.5578250506368929 3.7211289472761555 2.7610534912091675 0.89150668308138836 461.29426070806221 5.2849738960212553 28.1158283391851 235.25802330620354 0.10961447330191632 7.5900206328369659 7.0379637347359676 12.458370868524073 5.6083809825358903 19.157834113371791 17.351348429190693 5.5638714898959725 15.745470509544246 0.53261558047961344 8.0352031372603978 21.928390400629723 15.667894966434686 12.040996062249176 172.68287383861025 0.52866516471840341 6.7897384100651834 0.62170676910318423 7.1632753218291327 7.5351765611849251 1.409821075329093 14.335587801819202 0.13054010865744192 8.0768863356206548 3.8689869570080182 2.3517225608229628 61.734033475629985 1.6908157886937258
leaf_count=601 633 37767 212 66 632 7137 651 19 73 127 70 56 17684 2974 5590 17891 31 403 1802 2033 1069 1941 820 3917 1204 11 322 1070 766 390 9085 226 446 22 1471 1239 277 7070 16 162 700 32 1020 231
internal_value=0.000810462 0.0155544 -0.000978022 -0.00579985 -0.00164981 -0.0196832 -0.0620104 -0.0750407 -0.260317 -0.00468895 -0.0055733 -0.150549 -0.00449003 -0.00752599 -0.0630476 0.00498734 0.0678688 0.0397029 0.0448367 -0.0115757 -0.0526222 0.00628649 0.0284385 0.00979962 -0.00239538 0.00358044 0.0315728 0.0513904 0.00116066 0.00935475 -0.00959795 -0.00392381 -0.0496963 -0.0978138 -0.0455858 0.00794616 0.0111308 0.0543421 -0.0287951 0.00366405 -0.00511085 -0.0561303 0.00299947 -0.00789566
internal_weight=1364 147.558 1216.45 672.7 517.892 154.809 34.5429 32.2519 1.96077 496.199 492.478 3.65256 488.826 120.266 30.2912 543.746 21.6923 14.7376 14.628 114.981 18.0668 531.128 57.8185 38.6607 33.0968 473.309 37.6595 29.9636 435.65 247.299 188.351 96.914 12.6183 5.82861 7.69589 126.763 119.228 17.5668 3.23118 101.661 76.0316 10.4286 65.603 3.10064
internal_count=129959 49147 80812 41244 21406 19838 6399 5748 92 18538 18411 126 18285 13439 5656 39568 2868 2236 2205 10465 3102 38888 7882 5941 2024 31006 2874 1392 28132 18281 9851 7363 680 234 1482 11380 10141 7594 524 2547 1914 194 1720 508
is_linear=0
shrinkage=0.08


Tree=100
num_leaves=45
num_cat=0
split_feature=9 12 17 16 5 9 8 3 8 12 8 23 20 9 3 20 23 8 2 7 2 2 16 16 20 23 3 9 9 15 3 9 9 9 2 9 9 2 8 8 3 16 15 8
split_gain=5.42901 7.25956 6.24484 18.3433 7.73127 6.03788 9.6342 7.94528 13.1487 11.7596 12.4184 11.2858 7.23904 6.74037 6.66215 6.50066 10.4753 6.20993 6.0046 5.50868 6.31311 11.2674 6.03316 11.4092 4.7543 4.66303 5.78843 10.1735 4.57122 5.08924 4.47459 3.99654 3.48896 4.41433 4.0381 3.31084 7.04819 3.50853 3.22488 3.22223 4.48236 3.85883 6.07462 11.6174
threshold=0.87138130686517801 0.089719939627704207 0.80658715098942813 0.8101914962674458 0.96051948051948066 0.551981471950592 0.087595907928388797 0.10933997509339978 0.068381063705435466 0.10762548262548262 0.080540540540540509 0.48345278682171133 0.33596875000000009 0.63911657559198554 0.30094339622641519 0.89202437731849515 0.40366714935635051 0.19112850619699936 0.36086927263397856 0.64583333333333337 0.79961001642036134 0.72254841971689621 0.87885582280201124 0.8831828070406752 0.64592551622418892 0.44155616422140198 0.16843971631205676 0.69604037267080754 0.72821969696969713 0.72419521136441756 0.095811818703384968 0.66939890710382521 0.74388789505068587 0.77167919799498763 0.39031362254766516 0.45534290271132377 0.36700680272108849 0.43420765967205593 0.072077922077922088 0.038098693759071108 0.097960815673730509 0.73592452830188693 0.69687194525904217 0.5300120048019209
decision_type=2 2 2 2 2 2 2 2 2 2 2 2 2 2 2 2 2 2 2 2 2 2 2 2 2 2 2 2 2 2 2 2 2 2 2 2 2 2 2 2 2 2 2 2
left_child=1 25 3 39 18 6 38 8 32 12 13 -12 -9 -11 35 17 -17 -16 -4 20 21 -20 -21 -24 -10 26 27 -1 29 -29 -30 -14 34 -34 -7 36 -8 -37 -3 40 -2 42 -41 -44
right_child=2 5 4 -5 -6 7 14 9 24 10 11 -13 31 -15 15 16 -18 -19 19 22 -22 -23 23 -25 -26 -27 -28 28 30 -31 -32 -33 33 -35 -36 37 -38 -39 -40 41 -42 -43 43 -45
leaf_value=-0.089778996904068167 0.056211193595284099 -0.05169222412108887 -0.13682326682487017 -0.42401742987328594 0.07491560248704994 0.094744929963519658 0.056036858846914957 0.064289850424084069 -0.44474844905856808 -0.10079715571651018 -0.036298282888043272 -0.0033072942854023403 -0.0027879764305273791 0.040082418164795915 -0.025101547518234894 -0.087818853475261846 -0.002773970641654645 0.018307404801888735 0.018793169178388681 0.080319961282558514 0.068984799791718995 -0.10607576570287482 -1.2032388365588167 -0.10966687883605905 -0.11035295773578624 -0.29601197391771045 0.067890044962884255 0.035359204499145404 0.0069306786289626797 0.31543888286904886 -0.056309367927459428 -0.077516536993734411 0.1043898202286631 0.029677659568212056 -0.052778171290620048 0.10551000466190795 -0.041140945408334274 0.0069059848380657717 -0.18322589177938711 0.00052189235617173169 -0.047360859984611869 0.041580101859242533 -0.12341725154817988 0.08125763163425806
leaf_weight=15.737691349058876 13.782844968605788 3.092720622662454 1.646070566959678 0.64719278435222705 15.380012931796953 1.523763270350172 14.825159378640821 3.0342807397246352 0.45256750471889862 2.2868671303149304 86.120729922084138 289.25711417966522 5.5110916352714403 43.860311624186579 23.964242669229861 10.553574133868095 76.177954380080337 175.94520849487162 108.50482311990345 1.1900673973141227 14.825478842074515 4.8307345942012025 0.062323396443389689 3.0069821171928197 0.68242659274255857 0.42392253130674262 3.6264145489549255 3.6711355137522323 15.18785111885518 0.46816151170060027 13.548094771278555 27.11823569110129 6.0261038007447487 31.612477032816969 5.381275481719058 8.2297316509066132 7.0472796492394982 3.2104230509721665 1.9420361806405706 287.86154421698302 3.3180369968758887 13.940976961661361 6.4074811702594143 2.4548157163662836
leaf_count=1489 151 86 12 31 25818 32 292 21 10 36 12408 32106 135 960 616 1475 5180 7966 4417 718 10836 628 25 1036 37 32 94 162 333 14 410 668 91 787 142 117 176 99 55 17205 56 1859 171 967
internal_value=0.000770909 -0.0029549 0.00763621 0.00146694 0.0211933 -0.00112279 0.00737582 -0.00661519 0.0251982 -0.00979372 -0.00606174 -0.0108762 -0.0539038 0.033101 0.00910368 0.00516829 -0.0131223 0.0131037 0.0150304 0.016918 0.0198926 0.0134708 -0.0725858 -0.131872 -0.24369 -0.0317553 -0.0296109 -0.0368843 -0.011563 0.0670367 -0.022885 -0.0648949 0.0320496 0.0416394 -0.0202236 0.0429661 0.0247263 0.077839 -0.102428 0.00230709 0.0361154 0.000446072 -0.00148653 -0.0667232
internal_weight=1358.38 880.519 477.859 328.413 149.446 827.856 324.988 502.867 45.6786 457.189 421.525 375.378 35.6636 46.1472 319.954 286.641 86.7315 199.909 134.066 132.42 128.161 113.336 4.25937 3.06931 1.13499 52.6633 52.2393 48.6129 32.8752 4.1393 28.7359 32.6293 44.5436 37.6386 6.90504 33.3126 21.8724 11.4402 5.03476 327.766 17.1009 310.665 296.724 8.8623
internal_count=129959 66029 63930 20440 43490 63495 16062 47433 1099 46334 45510 44514 824 996 15921 15237 6655 8582 17672 17660 15881 5045 1779 1061 47 2534 2502 2408 919 176 743 803 1052 878 174 684 468 216 141 20409 207 20202 18343 1138
is_linear=0
shrinkage=0.08


Tree=101
num_leaves=45
num_cat=0
split_feature=14 22 9 8 1 12 15 17 14 20 17 14 9 5 13 19 19 3 16 6 8 16 20 18 15 0 3 16 2 20 18 12 20 14 6 16 1 17 9 19 23 8 3 20
split_gain=4.96271 5.39644 5.05016 5.02155 6.62453 10.4077 4.74321 9.36288 6.8833 7.98937 9.16014 7.52628 7.32766 6.61405 6.61102 6.60094 6.40392 6.25887 6.49372 6.18672 6.06 6.05942 7.37674 5.13151 4.40444 4.33058 4.06973 4.06234 4.00663 3.97967 3.94131 7.88669 7.33786 6.32014 6.14627 5.22833 3.99784 3.97606 3.85998 7.8772 4.29192 3.82939 3.7946 3.63104
threshold=0.75595238095238104 1.0000000180025095e-35 0.18301435406698566 0.43826219512195125 0.36980056980056991 0.39250700280112055 0.32737905369484321 0.40749517289801657 0.087595907928388769 0.36898982894128535 0.82250527585167332 0.09232954545454547 0.69309262166405039 0.091431556948798384 1.0000000180025095e-35 0.30952380952380959 0.93750000000000011 0.12276295133437994 0.34674373795761088 1.0000000180025095e-35 0.035401002506265662 0.45472370766488418 0.36898982894128535 0.324561403508772 0.34528091812264478 0.73214285714285732 0.10596491228070178 0.94290004290004292 0.6603751406308952 0.44586453923803326 0.18898809523809526 0.87206764866339348 0.26639784946236561 0.070197044334975381 1.0000000180025095e-35 0.30028901734104052 0.99593495934959353 0.62345301757066474 0.25186567164179113 0.63333333333333341 0.48801021711366549 0.34330357142857149 0.72377109317681587 0.43111357165453973
decision_type=2 2 2 2 2 2 2 2 2 2 2 2 2 2 2 2 2 2 2 2 2 2 2 2 2 2 2 2 2 2 2 2 2 2 2 2 2 2 2 2 2 2 2 2
left_child=1 6 -3 4 27 -6 7 14 16 10 24 15 -12 26 19 -11 20 29 -19 -1 43 22 -18 -13 -10 -21 -9 -2 41 -15 32 33 34 -32 -4 -35 -33 -38 39 -29 -41 -7 -30 -8
right_child=3 2 30 -5 5 28 8 13 9 11 12 23 -14 17 -16 -17 21 18 -20 25 -22 -23 -24 -25 -26 -27 -28 38 42 -31 31 36 -34 35 -36 -37 37 -39 -40 40 -42 -43 -44 -45
leaf_value=0.080990947161372007 0.05504436344706768 -0.07124096675721911 0.076701706555618268 0.056000667193162282 -0.22512169572959009 -0.036227257775872684 0.34344474911495537 0.028609978312948269 -0.2006609352954985 -0.082407729677100805 -0.12779489225861826 -0.049116233240738459 0.059696171504321813 0.084170707569104497 -0.058796725089189275 0.15100596992221502 0.16741352275870694 0.095497939930539427 -0.058051441967165662 -0.020374427228623222 -0.076756679851747292 0.13018418071023288 -0.090268113985363246 -0.0038716002543994522 -0.071819874577480541 0.013678442785176839 -0.11994125806661896 -0.48264850204479304 -0.13606690574312078 0.20436723765318374 0.076440410102828343 0.076651098604907972 -0.044382543882124106 -0.065172340175467691 -0.002321035105182966 0.0060675859302924354 -0.0057855550983499024 0.07139106617612366 0.015240638859599608 0.080592036269992631 -0.10800539463135893 0.085308330840564481 0.082473904626300984 -0.080606428856125595
leaf_weight=6.5203115635085842 15.79298860626295 5.4846782153181257 6.8020082307048133 18.984709713142365 1.7565942383953359 3.507689898950046 0.35735163092613831 4.0626784858759519 1.9412061634939188 0.99838258908130129 1.7103270621737454 16.601729209753103 6.0645468584261835 3.7399039380252344 11.325260831275953 3.4720323908841237 0.90860049426555534 4.5208445542957634 2.8892111068998929 38.826077458448708 20.147693742619595 2.184692187642213 3.2695646013016813 476.8553703193902 13.559104816813486 62.176808625459671 1.6636236459016798 0.27666053455322925 2.3921600204193969 3.3351032719947398 8.0614534298656491 15.296756526877287 26.319378269021399 6.7005495282355687 85.221522903069854 411.50528191801277 12.083352785906756 6.6090476532699531 29.855640955734998 1.2248691227287056 2.0898771072970703 3.1485469749895856 0.64575222501298402 0.20244680505129509
leaf_count=1034 1162 202 1081 24020 39 56 1 62 21 396 18 5360 149 27 1228 245 3 42 300 228 8976 64 299 27208 158 742 38 3 41 22 123 9443 6535 158 1004 28773 383 7999 1741 118 228 79 68 82
internal_value=0.000723295 -0.000490444 0.00516342 0.0200915 0.00885869 -0.0459499 -0.00529501 0.00790093 -0.00864192 -0.00659909 -0.0524111 -0.00445765 0.0184516 0.0582386 -0.000659489 0.0988774 -0.0479739 0.0870127 0.0356284 0.00546402 -0.0695429 0.0222207 -0.0342316 -0.0053938 -0.0879555 0.000588328 -0.0145476 0.0216044 -0.0134837 0.14083 0.00588768 0.00923573 -0.00713349 0.00627863 0.00352001 0.00492617 0.0463216 0.0215017 0.00581474 -0.0725435 -0.0383146 0.0212618 -0.0896129 0.19009
internal_weight=1351.09 1271.42 584.084 79.6755 60.6908 11.4507 687.333 139.06 548.273 521.203 23.2752 497.928 7.77487 20.2114 118.848 4.47041 27.0703 14.4851 7.41006 107.523 20.7075 6.36286 4.17817 493.457 15.5003 101.003 5.7263 49.24 9.69415 7.07501 578.599 460.256 118.343 426.267 92.0235 418.206 33.9892 18.6924 33.447 3.59141 3.31475 6.65624 3.03791 0.559798
internal_count=129959 102404 55701 27555 3535 283 46703 3723 42980 33555 346 33209 167 491 3232 641 9425 391 342 2004 9059 366 302 32568 179 970 100 3252 244 49 55499 46879 8620 29054 2085 28931 17825 8382 2090 349 346 135 109 83
is_linear=0
shrinkage=0.08


Tree=102
num_leaves=45
num_cat=0
split_feature=19 19 8 2 7 10 0 8 3 12 9 8 18 17 17 18 5 8 12 12 9 12 9 15 6 7 0 23 9 9 2 2 18 15 23 20 8 9 23 10 14 15 15 8
split_gain=4.7294 15.1457 13.6238 8.33083 7.04867 6.80397 9.38857 12.581 12.4596 10.5199 6.41424 5.72377 5.881 6.15211 6.2534 5.08771 4.5006 4.41059 6.64432 5.74716 4.39943 4.33122 4.18299 6.16482 12.984 14.3326 9.85181 7.57554 7.35663 6.21578 5.89963 5.61655 4.84249 4.66659 4.61182 4.14679 4.09852 4.04234 3.98136 3.97205 3.90573 3.78637 4.40694 3.74566
threshold=0.30952380952380959 1.0000000180025095e-35 0.58397435897435901 0.531832981832982 0.13392857142857145 0.63333333333333341 1.0000000180025095e-35 0.14907407407407411 0.44281045751633991 0.17817460317460324 0.8738636363636364 0.77836257309941537 0.65476190476190488 0.70991117344553545 0.87533783783783792 0.162280701754386 0.52689415847310594 0.039607843137254913 0.10367218987908645 0.070802005012531324 0.91458966565349553 0.83398950131233607 0.33558558558558566 0.60248687055915984 1.0000000180025095e-35 0.22500000000000003 0.58571428571428574 0.50219083505480444 0.95060975609756104 0.48038461538461547 0.39910014554411116 0.36086927263397856 0.62019230769230782 0.96984848484848496 0.36162826045178992 0.494185260311021 0.041241496598639467 0.89528508771929838 0.18390470563617797 0.36666666666666675 1.0000000180025095e-35 0.81049191606467164 0.66809728183118755 0.044949494949494913
decision_type=2 2 2 2 2 2 2 2 2 2 2 2 2 2 2 2 2 2 2 2 2 2 2 2 2 2 2 2 2 2 2 2 2 2 2 2 2 2 2 2 2 2 2 2
left_child=1 22 3 4 15 6 8 20 9 -5 -9 12 38 -14 35 40 -10 19 -19 -17 -8 -7 32 24 25 29 -26 -28 31 -24 36 -25 -1 -33 -32 -15 -30 -16 43 -27 -2 42 -34 -3
right_child=2 11 -4 5 -6 21 7 10 16 -11 -12 -13 13 14 37 17 -18 18 -20 -21 -22 -23 23 28 26 39 27 -29 30 -31 34 33 41 -35 -36 -37 -38 -39 -40 -41 -42 -43 -44 -45
leaf_value=0.048019108147506158 0.10656005050608008 0.078342820585637823 0.03836701742678704 0.38589860877963256 0.090528197594078388 0.06100229894816412 -0.11632380758082976 -0.092631245874074272 0.010247062269982586 -0.043633764450609951 -0.027475009076286847 0.059725522253128355 0.094055930259608206 0.027323037080244278 0.085737421214193144 -0.098720716609896994 0.081726007684292182 -0.012854399982621308 0.011418939078450303 0.038777051977322098 0.11475660040616571 -0.18914819435519722 0.064530867098401196 0.069058156179965316 -0.057182331896996105 0.27157323164136893 0.37453605660317224 -0.0025424676329539996 0.031319664390257268 0.0049703044904950543 0.11443201637881573 -0.022846902865391924 0.013971391536881757 0.066450130498944354 0.023773475449712225 -0.12998792308605153 -0.1025799957188693 -0.073793047733385603 -0.066906425402917774 0.073134923663085813 -0.088068665396734649 0.028166351030326622 -0.072446057762504026 -0.10826528442366831
leaf_weight=23.936731758178212 0.74849700927734275 2.3585879126039795 72.406600417161826 0.36827911896398191 6.4409006648347704 9.5527701096434576 0.6171631240285923 21.990034947288223 53.841513250285061 40.02022697852226 17.25904050617828 3.4097920582862562 3.322153292130678 1.4526937548071126 3.2761321326252073 2.046575693122576 6.2969274940260211 101.54096900467994 249.53512126387795 39.411974119429942 3.620958786981646 0.46452487373608242 12.600096060079521 4.5435454149264833 22.903532593045384 0.66317679255735384 0.34153562958817829 209.89075115142623 2.4366523581556967 101.93441518122563 4.2598949584644314 179.49503017618554 7.6909124287776667 3.8252811020938671 22.875920039456105 4.0971163106150925 3.6613652124069631 1.4738651827210558 43.082446427899413 24.316417875408661 5.5739859002060257 15.112156812334431 7.4207911868579686 0.97215869755018491
leaf_count=643 2 79 59370 13 276 1866 67 2906 2358 3604 1705 260 19 17 46 86 181 2932 8010 1306 47 32 654 35 1445 21 25 8590 22 5904 22 7434 43 555 5263 57 43 36 9218 3142 1396 81 49 99
internal_value=0.000677029 -0.00379666 0.00571453 0.00148759 0.0075065 -0.0143498 -0.0187842 -0.0498404 -0.00534956 -0.0397171 -0.06398 -0.0411002 -0.0468268 -0.000608525 -0.0311421 0.00616583 0.0177314 0.00731252 0.00439841 0.0319896 0.0811062 0.0494022 -0.000143793 -0.0020852 0.0041938 0.0234974 -0.00735794 -0.00192988 -0.0126682 0.0115226 0.022027 -0.0188059 0.0211394 -0.0209836 0.0380054 -0.0888109 -0.0490762 0.0362371 -0.0603916 0.0784032 -0.0650272 -0.000148889 -0.028465 0.0238767
internal_weight=1343.09 711.353 631.736 559.329 405.298 154.031 144.014 43.4872 100.527 40.3885 39.2491 63.4449 60.0352 13.622 10.2998 398.857 60.1384 392.535 351.076 41.4585 4.23812 10.0173 647.908 593.748 372.65 139.514 233.136 210.232 221.098 114.535 33.2338 187.864 54.1606 183.32 27.1358 5.54981 6.09802 4.75 46.4132 24.9796 6.32248 30.2239 15.1117 3.33075
internal_count=129959 43802 86157 26787 14008 12779 10881 4725 6156 3617 4611 9831 9571 175 156 13732 2539 12334 10942 1392 114 1898 33971 33155 19781 9721 10060 8615 13374 6558 5350 8024 816 7989 5285 74 65 82 9396 3163 1398 173 92 178
is_linear=0
shrinkage=0.08


Tree=103
num_leaves=45
num_cat=0
split_feature=1 18 17 3 8 22 9 15 16 15 18 16 17 16 18 20 20 14 1 3 8 0 12 3 2 5 8 2 8 19 20 2 4 8 17 16 12 17 9 23 4 2 17 18
split_gain=4.49981 4.23646 5.56807 7.39995 5.46072 4.51863 4.42804 4.38786 9.27653 9.21069 35.4105 6.85435 5.74732 4.95079 4.86447 4.68664 4.68286 4.31546 3.98509 8.87973 7.95978 7.72168 7.181 4.72351 3.92186 5.76961 3.82813 3.1543 2.80064 1.83984 1.56742 2.56543 1.03003 1.92479 1.74116 1.22859 0.586965 0.282206 1.06323 0.259933 0.259929 0.22134 0.0339931 0.013572
threshold=0.044949494949494913 0.91287878787878796 0.95529051172707902 0.79795918367346952 0.050316455696202585 1.0000000180025095e-35 0.12861869313482219 0.37053001277139214 0.3385429385429386 0.37294861447403826 0.70714285714285718 0.34296141814389997 0.44290508149568558 0.28637566137566145 0.65476190476190488 0.45956843940714914 0.60789884135472383 0.22902097902097904 0.14670014347202301 0.44281045751633991 0.087595907928388797 1.0000000180025095e-35 0.11483516483516489 0.11852502194907817 0.92139547650417231 0.8755952380952382 0.050316455696202585 0.39813363520260076 0.16108108108108113 0.080128205128205135 0.38496824276640801 0.39607653872359755 0.27475490196078439 0.3417843388960205 0.94757979285563321 0.49707562335396932 0.12276295133437994 0.97685135569606707 0.89237451737451756 0.73334806304315825 0.2713956894747856 0.5164774309511152 0.8578167115902966 0.324561403508772
decision_type=2 2 2 2 2 2 2 2 2 2 2 2 2 2 2 2 2 2 2 2 2 2 2 2 2 2 2 2 2 2 2 2 2 2 2 2 2 2 2 2 2 2 2 2
left_child=37 5 17 4 30 7 36 12 14 10 -10 -11 16 -14 39 -15 29 -3 22 20 -20 -21 23 -8 27 -26 -24 -6 -5 -2 31 -4 35 -34 -35 -19 41 38 42 -9 -37 -7 -1 -18
right_child=1 2 3 28 24 6 18 8 9 11 -12 -13 13 15 -16 -17 43 32 19 21 -22 -23 26 -25 25 -27 -28 -29 -30 -31 -32 -33 33 34 -36 40 -38 -39 -40 -41 -42 -43 -44 -45
leaf_value=-0.083108263188094625 0.0052995221024220041 -0.18272728877849392 0.080470562547377458 -0.16968702190808457 -0.058801309634000445 -0.086886041520218338 0.018636118908661053 -0.084300979935685666 -0.066268059955909286 0.1451324562882316 -1.2639182534456914 -0.0077668927010891313 0.11476248769435428 -0.0028112672796650408 -0.338109603179784 0.060447742682266228 -0.080288594132638599 -0.0166640590249197 -0.20758253052091988 0.030613646465372776 -0.012220679394080804 0.0023936263405565077 -0.094521765039392525 -0.028300937253527399 -0.82732152894404654 -0.10556604571065475 0.062310272201057837 -0.0018621417790036223 0.080159337121174554 -0.022645570719960526 0.080513007310359638 -0.26309429579911309 -0.0031757574732905252 0.083520742770699583 -0.066659689239241107 0.083605122697752721 -0.14394346945485878 -0.13509273087251608 0.087157022031183168 -0.1689838114301726 0.1390285032624817 0.0042793867119091059 -0.10107106853909641 -0.09317633013831389
leaf_weight=1.9256209306477106 110.78563609812409 0.47810053080320614 0.34576445911079545 0.29631804209202428 7.1745279200840733 0.4956347254919814 55.716986107639968 2.0263071120716631 1.4187567550980009 1.8836948116077099 0.17779868241632346 487.2858356180077 4.3703431382309637 17.838865387544505 0.67699721455574025 12.927060735761186 3.8376129305979694 0.79357822798192756 1.3469244701554988 83.218474927751231 147.72783247660846 244.0122698162304 1.0376577249262506 18.205487334838836 0.087979223928413286 0.36478881782386452 24.86259078673902 47.134882794780424 9.2687184790265729 17.45371058100136 5.6553439379204065 0.23272088216617703 3.7176195343490672 5.4900688773923321 0.54293545277323563 8.4781861230730975 1.3212888460839165 0.62684881687164296 0.23565768788103003 0.26197122037410725 0.57851763069629747 0.259777494444279 1.0375489173457024 0.60547098447568704
leaf_count=422 2324 4 33 4 341 42 1587 513 218 106 5 36925 30 177 4 835 2843 15 42 5268 8455 40780 45 465 28 137 534 2893 18231 754 934 16 36 3632 573 596 27 3 3 8 2 17 12 40
internal_value=0.000628671 0.000877807 0.0175737 0.00699647 -0.00326275 -0.000342849 0.00482329 -0.00485813 -0.00865661 -0.00780423 -0.199643 -0.00717811 0.00631719 0.0350866 -0.149729 0.0237686 -0.00130138 0.0547438 0.00524361 0.00219767 -0.0139858 0.0095703 0.0197774 0.00707655 -0.0113388 -0.245813 0.056027 -0.00938407 0.0724193 0.00149612 0.0676831 -0.0577433 0.0605361 0.0421036 0.0700054 0.0787821 -0.111784 -0.0860095 -0.0763911 -0.0939958 0.0871454 -0.0555353 -0.0893979 -0.0820448
internal_weight=1334.22 1330.4 90.6401 70.561 60.996 1239.75 578.205 661.55 493.731 490.766 1.59656 489.17 167.819 35.1363 2.96528 30.7659 132.682 20.079 576.128 476.306 149.075 327.231 99.8227 73.9225 54.7622 0.452768 25.9002 54.3094 9.56504 128.239 6.23383 0.578485 19.6009 9.75062 6.033 9.85028 2.0767 3.82568 3.19883 2.28828 9.0567 0.755412 2.96317 4.44308
internal_count=129959 129519 27475 22617 4382 102044 57262 44782 37779 37254 223 37031 7003 1042 525 1012 5961 4858 57176 54545 8497 46048 2631 2052 3399 165 579 3234 18235 3078 983 49 4854 4241 4205 613 86 440 437 521 598 59 434 2883
is_linear=0
shrinkage=0.08


Tree=104
num_leaves=45
num_cat=0
split_feature=9 12 9 20 23 17 16 5 17 15 18 0 7 3 1 17 23 15 3 0 4 3 3 4 9 23 9 3 9 8 3 15 14 1 18 16 16 15 18 3 12 17 8 11
split_gain=4.13084 5.49716 5.98327 8.60995 4.95197 4.83146 12.9155 6.87186 4.96398 8.82345 6.07098 6.83573 9.76285 6.35582 4.82539 4.5781 4.57144 5.52644 4.98913 4.11674 24.9856 24.5113 7.80778 7.36269 6.7177 5.57359 4.10298 8.72976 5.53403 5.08738 11.5877 5.98186 5.51266 5.33761 3.78019 8.47766 8.74218 3.45728 3.39199 3.2725 6.42467 3.26668 3.07992 11.0177
threshold=0.87138130686517801 0.089719939627704207 0.84045454545454557 0.96891108247422697 0.25961330908617036 0.80658715098942813 0.81696134252322461 0.96051948051948066 0.85014970059880246 0.87332857906935291 0.81534090909090928 0.58571428571428574 0.47222222222222227 0.53452380952380962 0.080540540540540509 0.82865035516969232 0.42473321469040659 0.37294861447403826 0.52223320158102771 1.0000000180025095e-35 0.40838270792187847 0.88047619047619052 0.48934240362811798 0.3246621621621622 0.78896761133603255 0.62225118842382943 0.70412457912457926 0.14724480578139118 0.72821969696969713 0.076197387518142215 0.095811818703384968 0.34855435084792891 0.35388994307400384 0.074537037037037027 0.70714285714285718 0.75063451776649759 0.78188653451811352 0.45472370766488418 0.46862745098039221 0.093933823529411778 0.093933823529411778 0.84756987316197119 0.076197387518142215 1.0000000180025095e-35
decision_type=2 2 2 2 2 2 2 2 2 2 2 2 2 2 2 2 2 2 2 2 2 2 2 2 2 2 2 2 2 2 2 2 2 2 2 2 2 2 2 2 2 2 2 2
left_child=1 26 14 34 -5 6 42 8 9 15 11 13 -13 -10 37 -7 17 -12 -18 20 23 24 -22 -16 -21 -23 27 -1 38 30 32 -31 -30 -32 39 -36 -37 -3 -28 -4 -41 -33 -2 -44
right_child=5 2 3 4 -6 7 -8 -9 10 -11 16 12 -14 -15 19 -17 18 -19 -20 21 22 25 -24 -25 -26 -27 28 -29 29 31 33 41 -34 -35 35 36 -38 -39 -40 40 -42 -43 43 -45
leaf_value=-0.088613145795371107 0.01152099082011244 0.22774773317016966 0.10137289189095762 0.35391437047143426 0.046185899409586312 0.013892282340675105 -0.41091820983978877 0.074024426934728868 -0.024852565750451385 -0.27142919803664844 -0.39971784699289503 -0.30567370424157597 -0.036578578564971612 0.048488515792581392 0.003152059082243982 0.07252419086281367 -0.018926174408490117 0.063622632662425599 0.043447407480182748 -0.062057960322151558 -0.024134290562876044 -0.025499280697248029 0.074121413989687981 -0.025430130920165606 -0.0046112372072763278 0.013971743703586798 -0.082045799659485594 0.037877601229421194 -0.028666335395046542 0.24685772858954394 -0.023844600229394525 -0.059279790322347134 0.072646262552614513 -0.15033856910061685 0.057624974208863367 -0.242251333450163 -0.022887481900135995 0.045703271632594758 0.12263426486942497 -0.24453638936223784 -0.048167517609692817 0.1086930418262098 -0.031153146295333497 0.009129716982224716
leaf_weight=14.303082458558494 127.50802726304391 0.9357019313029008 0.88633263239171256 0.35527144023217161 5.7726331765006762 16.347832003244548 0.48586042504757543 13.142543520370962 31.599719421588816 0.57544422493083303 0.16650107549503346 1.2141795944189642 2.982204548898153 9.9415261357498803 393.10823904073914 17.806834950577468 19.990861224127002 15.662513722199945 13.923902125869061 53.128657557725091 5.9594097887456874 27.062150465790182 39.372297272144351 67.598627571744146 17.260168725682888 148.72303285144153 0.6350251505500667 4.6197922627907237 9.5688402606174403 0.87223838840145562 3.2948728272749559 1.8119031770038421 5.3641610271297386 6.0644986015104223 7.5813378451857742 1.3895330723607893 7.1226615309569752 2.3308051138883457 2.8162602880038321 1.1004255452426139 34.399423933806247 1.2536789439618585 65.629049635812407 128.60535587352933
leaf_count=1498 1825 10 12 13 1204 756 26 25818 592 32 13 199 1318 3193 13798 892 1360 1362 7955 6386 535 2710 3503 5752 2216 22487 108 138 213 5 128 62 129 216 270 99 1586 50 28 33 2831 9 7718 10871
internal_value=0.000598435 -0.00267276 -0.00108243 -0.0257064 0.0640268 0.00667378 0.00123809 0.018892 0.0133274 0.0392266 0.00390685 -0.0171306 -0.114438 -0.0073008 0.000827819 0.0444605 0.02325 0.0587489 0.00668166 0.000406495 0.00453436 -0.00807881 0.0612045 -0.00104175 -0.0479713 0.00789517 -0.0282569 -0.057732 -0.0106518 -0.0223426 -0.0360158 0.0620078 0.00772669 -0.105808 -0.0361843 -0.0038998 -0.0586965 0.0978505 0.0849738 -0.0504636 -0.0542546 0.0094132 0.00186049 -0.00448129
internal_weight=1330.27 864.691 814.087 58.6076 6.1279 465.582 322.228 143.354 130.212 34.7301 95.4814 45.7376 4.19638 41.5412 755.479 34.1547 49.7438 15.829 33.9148 752.213 506.039 246.174 45.3317 460.707 70.3888 175.785 50.6044 18.9229 31.6815 28.2302 24.2924 3.93782 14.933 9.35937 52.4797 16.0935 8.51219 3.26651 3.45129 36.3862 35.4998 3.06558 321.742 194.234
internal_count=129959 66029 63495 6048 1217 63930 20440 43490 17672 1680 15992 5302 1517 3785 57447 1648 10690 1375 9315 57387 23588 33799 4038 19550 8602 25197 2534 1636 898 762 686 76 342 344 4831 1955 1685 60 136 2876 2864 71 20414 18589
is_linear=0
shrinkage=0.08


Tree=105
num_leaves=45
num_cat=0
split_feature=19 19 3 2 17 8 2 0 3 8 18 12 7 17 16 2 5 16 20 20 17 17 1 3 15 17 12 9 3 16 23 23 9 20 9 15 5 0 9 15 8 16 15 0
split_gain=4.18967 12.9766 11.2627 5.60714 6.96136 6.07735 5.41416 6.30139 8.4903 5.14171 6.7523 5.9315 5.12643 4.98873 12.6467 12.1841 6.77207 6.42138 7.29587 6.15235 4.78932 5.068 4.19294 9.94851 6.80622 9.54506 6.17751 5.90785 4.63722 4.14537 4.07948 3.98123 5.8433 9.17243 5.76263 6.42826 6.03041 11.2418 9.51865 6.6043 6.3683 5.93231 6.03293 5.80042
threshold=0.30952380952380959 1.0000000180025095e-35 0.83827375762859646 0.48498332025117746 0.58359213250517616 0.29459980713596917 0.61876740445630563 0.087121212121212141 0.62258652094717681 0.55245781364636837 0.65476190476190488 0.69732205778717415 0.29285714285714287 0.70991117344553545 0.69589238529906328 0.531832981832982 0.89825495415557544 0.71460892049127356 0.43111357165453973 0.74298820445609448 0.70991117344553545 0.84756987316197119 0.25176056338028174 0.36237373737373746 0.75937646507266765 0.73541565386485186 0.25677655677655681 0.96824596774193561 0.47140522875816998 0.35959984230238523 0.18390470563617797 0.28667349726775965 0.80178571428571443 0.60789884135472383 0.48038461538461547 0.74020861028735052 0.40862708719851581 1.0000000180025095e-35 0.85239651416122009 0.89558728098637264 0.076197387518142215 0.78487818157070921 0.75565796210957525 0.15476190476190479
decision_type=2 2 2 2 2 2 2 2 2 2 2 2 2 2 2 2 2 2 2 2 2 2 2 2 2 2 2 2 2 2 2 2 2 2 2 2 2 2 2 2 2 2 2 2
left_child=1 31 3 5 6 22 -5 8 -8 10 30 -11 -9 14 16 -16 -6 18 -15 -19 -12 -22 24 26 27 -26 -24 -2 -25 -4 -3 32 -1 -34 35 -33 38 -38 39 -36 -40 42 -37 -39
right_child=2 9 29 4 13 -7 7 12 -10 11 20 -13 -14 17 15 -17 -18 19 -20 -21 21 -23 23 28 25 -27 -28 -29 -30 -31 -32 34 33 -35 36 41 37 43 40 -41 -42 -43 -44 -45
leaf_value=-0.02211775703043898 -0.0020292327158353686 0.021896576871379653 -0.011579747116341117 -0.071488786573397703 0.017743075433777695 0.054206461981773785 -0.039728952548477962 -0.085121827190386357 0.15278640680100866 -0.076562565880826189 0.086844652870541703 0.076774419640894681 0.038629520095893564 0.025205387317398281 0.40818972205713666 0.0320315484674717 -0.20717695663840099 0.059104268042628159 -0.056494804664018503 -0.0046929002414497004 -0.099797384129732783 0.019784688854782073 -0.35314268913937891 0.039691135276663646 -0.18560753966939994 0.039120635054727147 -0.083929969100187365 0.034979550923182078 -0.1047616036146221 0.050955787218320836 -0.071272605134405864 0.029840404455131742 0.016401794580866352 0.10968332567196369 -0.048359688308146506 -0.2029549356507982 0.056934910152466295 -0.084227328434634374 0.019197472171051937 0.020824129523699862 -0.039079114846487885 0.0034832869622991374 -0.033856684429765235 -0.0027079080590735084
leaf_weight=15.400711628375573 214.56321041245246 3.2727184472023501 8.0397812101873551 17.734031887084711 37.318783150112722 17.809540969959926 2.8693640776036764 6.7728531548636948 2.9979710621992126 2.4508777403389095 3.2449125889688721 4.7314537008933257 3.1335797965875827 9.2259294586838205 1.042516723275184 1.1691496497078331 0.87686282506910984 10.602088648825882 28.933943130628904 110.54601640209148 3.6517703877761942 5.9867696720175445 0.59829862328479322 8.8601930878940021 1.2377818748354901 53.138076447066851 6.1826345536974259 31.681986890500411 1.694252106535713 43.434680245947675 37.14770547876833 66.800105390604585 32.716644353000447 8.4989632532233355 66.250764928816352 1.7678827182389785 20.521053905918961 5.6903824575128956 44.059186135535128 10.18885362590663 16.493459701712709 42.195670838118531 5.7166117210872471 305.14231697676587
leaf_count=693 5473 178 434 6631 1781 574 666 2720 57 116 19 277 95 334 6 39 103 692 914 8481 49 66 42 359 7 3238 290 710 80 52431 9126 1998 266 241 3381 28 1352 686 379 115 1072 437 66 23257
internal_value=0.000563706 -0.00366991 0.00535318 0.0021113 -0.00741757 0.00873005 -0.0411606 -0.00706341 0.0586386 -0.0390921 -0.0476539 0.0244502 -0.0459771 -0.00175624 0.0233492 0.209342 0.0125796 -0.00812406 -0.0367421 0.00089021 0.00277973 -0.0255216 0.0061828 -0.032074 0.00838889 0.034005 -0.107683 0.00273233 0.0165029 0.0411884 -0.063729 -0.000329699 0.0199267 0.0356371 -0.0022907 0.013633 -0.00625101 -0.000414115 -0.0203692 -0.039138 0.00332397 -0.00815952 -0.0737987 -0.00420028
internal_weight=1322.39 701.929 620.464 568.989 233.223 335.766 33.5078 15.7738 5.86734 60.4862 53.3039 7.18233 9.90643 199.715 40.4073 2.21167 38.1956 159.308 38.1599 121.148 12.8835 9.63854 317.956 17.3354 300.621 54.3759 6.78093 246.245 10.5544 51.4745 40.4204 641.443 56.6163 41.2156 584.826 116.48 468.346 331.354 136.992 76.4396 60.5526 49.6802 7.48449 310.833
internal_count=129959 43802 86157 33292 22519 10773 10169 3538 723 9831 9438 393 2815 12350 1929 45 1884 10421 1248 9173 134 115 10199 771 9428 3245 332 6183 439 52865 9304 33971 1200 507 32771 2529 30242 25295 4947 3496 1451 531 94 23943
is_linear=0
shrinkage=0.08


Tree=106
num_leaves=45
num_cat=0
split_feature=1 19 19 7 10 10 9 2 7 1 17 17 4 2 20 20 18 8 1 18 8 20 16 14 20 7 9 20 5 20 12 2 17 23 1 15 2 22 8 23 0 2 2 6
split_gain=3.81206 3.74243 11.4533 10.1658 13.3168 6.67072 13.0363 9.90084 6.4173 6.32895 8.53717 7.86662 6.13553 6.13379 5.0555 6.15769 6.00379 5.83786 4.87355 4.70042 3.90258 3.84615 7.17875 8.03718 5.56127 11.973 5.16714 5.00965 4.66644 9.10896 4.27697 4.02601 3.66334 3.44857 7.33011 5.34656 3.38409 3.12286 5.51161 2.92435 16.5942 2.86109 2.72332 2.60136
threshold=0.044949494949494913 0.30952380952380959 1.0000000180025095e-35 0.2678571428571429 0.36666666666666675 0.22500000000000003 0.86996779388083745 0.69452037283845081 0.18333333333333338 0.65545505935556825 0.87332857906935291 0.58359213250517616 0.52689415847310606 0.42577314326540344 0.71199280945043675 0.70915538362346886 0.65476190476190488 0.55245781364636837 0.42462121212121218 0.24264705882352944 0.31311274509803927 0.91693205944798317 0.89482604817127576 0.82480818414322254 0.9157260621433102 0.73214285714285732 0.48038461538461547 0.96172161172161186 0.11189358372456966 0.97234964322120299 0.10596491228070178 0.54928959928959931 0.92331216184427201 0.38062191534963213 0.10063291139240506 0.66519174041297957 0.7854750512645251 1.0000000180025095e-35 0.83047895500725699 0.73956158873805944 0.73214285714285732 0.37799710424710425 0.70727805176022507 1.0000000180025095e-35
decision_type=2 2 2 2 2 2 2 2 2 2 2 2 2 2 2 2 2 2 2 2 2 2 2 2 2 2 2 2 2 2 2 2 2 2 2 2 2 2 2 2 2 2 2 2
left_child=-1 2 21 5 -5 7 8 12 36 11 -11 -8 13 -3 15 16 17 -4 -10 43 -18 22 24 41 26 -26 -2 33 30 -30 -29 -25 39 35 -35 -23 -7 38 -21 40 -16 -24 -9 -6
right_child=1 3 14 4 19 6 9 42 18 10 -12 -13 -14 -15 32 -17 20 -19 -20 37 -22 27 23 31 25 -27 -28 28 29 -31 -32 -33 -34 34 -36 -37 -38 -39 -40 -41 -42 -43 -44 -45
leaf_value=-0.08446657871342915 0.018852951377183572 0.010087863869610334 -0.055903348785427902 -0.49480470850997094 0.068638472676449416 -0.10177817740401705 -0.079708420233920801 0.18563823509220073 0.086109206490454615 -0.094498674005820335 0.12069562717970624 0.058075977354547538 0.085220989159657909 -0.0081355744929072649 -0.08486936421411867 0.27837248676789761 0.01039866051749134 0.038564363729360042 -0.047797232768352023 -0.0079352694147596572 0.15701818489684477 -0.054675818413548065 0.24278148747201461 -0.13426116915644098 0.057968299105603575 0.64211496613278318 -0.003051791420413483 0.0066959151109085074 0.037691080629482128 -0.029899277853506056 0.10664158499157893 0.032941869411936366 0.087412377406945171 -0.15891260398170581 -0.033688915090131187 0.092977565477162724 0.055186870070207991 0.065590411353000283 0.07032848794519074 0.077155436737344291 -1.5556519251210605 0.07546555367009386 0.067396083231001144 -0.024029282734052231
leaf_weight=3.369581782113527 82.286637733981479 268.71642764820717 27.036960526806073 0.30210232984973018 2.395168709685092 16.570846726070165 3.1446260839875384 1.4805493022140561 2.4689126711455156 5.787699820517445 1.4819768089510033 16.927434910670854 5.7475620071345466 211.04888211737853 15.488416528416566 0.43208014778792758 7.3437099051661772 4.9537332864711052 5.887744089064654 13.152228136183114 1.3802086380892431 3.1489230596926054 0.69128799065947788 1.8185991337522858 1.6649095599423152 0.25957477983320121 424.33184696323588 6.9769637153949571 18.221921501797624 42.57893432394485 4.5125683263177052 1.8686848428624214 0.85690519871422921 3.3017696328461161 31.85669805840007 3.1292324457317591 0.92829916533082624 29.097598505904898 10.244601268903351 0.70413185280631374 0.049251480028034034 12.155018387071321 7.8898327638307819 10.174260050058365
leaf_count=440 1826 8306 3034 8 46 2759 991 91 111 738 1143 444 222 11070 6189 52 63 114 813 5871 103 332 5 21 76 67 20731 122 1994 2913 48 491 62 44 3449 33 162 29088 19654 67 4 1723 4334 105
internal_value=0.000514917 0.000733424 -0.00327714 0.00529056 0.0351113 0.00173404 -0.025185 0.00462771 -0.0659095 0.0133262 -0.0506297 0.0364897 0.0030557 0.00207137 -0.0372379 -0.0220445 -0.0252326 -0.0412751 -0.00823556 0.0375718 0.0335953 -0.000180638 0.00270831 0.0545863 0.00102167 0.136758 0.000506049 -0.0135189 -0.000806897 -0.00964255 0.0459501 -0.0495241 -0.0737997 -0.0356962 -0.0454488 0.0189193 -0.0934515 0.0480936 0.0263335 -0.0823051 -0.0895315 0.0844692 0.0860787 -0.00637097
internal_weight=1313.87 1310.5 697.049 613.447 65.366 548.081 53.1975 494.883 25.8558 27.3417 7.26968 20.0721 485.513 479.765 58.2454 41.1467 40.7146 31.9907 8.35666 65.0639 8.72392 638.804 525.077 16.5336 508.543 1.92448 506.618 113.727 72.2904 60.8009 11.4895 3.68728 17.0987 41.4366 35.1585 6.27816 17.4991 52.4944 23.3968 16.2418 15.5377 12.8463 9.37038 12.5694
internal_count=129959 129519 43563 85956 54772 31184 7161 24023 3845 3316 1881 1435 19598 19376 9688 3366 3314 3148 924 54764 166 33875 24940 2240 22700 143 22557 8935 5077 4907 170 512 6322 3858 3493 365 2921 54613 25525 6260 6193 1728 4425 151
is_linear=0
shrinkage=0.08


Tree=107
num_leaves=45
num_cat=0
split_feature=22 9 18 3 9 20 23 4 17 14 8 1 16 9 2 9 23 23 8 3 9 20 18 3 5 9 9 20 8 15 23 16 8 18 8 16 17 2 9 15 19 2 18 3
split_gain=3.61955 4.93555 4.91813 5.72252 4.90713 4.55054 6.56869 5.57333 4.16668 7.20767 4.62461 6.78358 4.54141 3.75221 3.64741 3.46093 3.29971 4.34269 4.16806 16.3226 11.9755 8.62307 8.54994 8.0362 7.11979 5.4351 11.5223 5.7299 3.17272 3.70322 3.69961 4.62083 3.12451 5.7237 3.13124 3.09259 2.85543 2.68105 24.0008 2.28616 2.24153 1.84923 1.70701 1.50871
threshold=1.0000000180025095e-35 0.21244358478401035 0.74166666666666681 0.85215543412264738 0.23582887700534763 0.92334401709401726 0.61614606675890038 0.30860805860805868 0.91876178504085493 0.44722222222222224 0.79805825242718464 0.69006568144499192 0.87526824034334771 0.21244358478401035 0.49644071709289112 0.31072796934865904 0.93114843606646891 0.99927797833935028 0.076197387518142215 0.10762548262548262 0.63911657559198554 0.44586453923803326 0.77350427350427364 0.10367218987908645 0.10367218987908645 0.59417229729729748 0.59850746268656729 0.88844444444444448 0.22401433691756276 0.81558821934154158 0.48801021711366549 0.8884877657440835 0.20144927536231885 0.70714285714285718 0.22401433691756276 0.91374934360231064 0.8831828070406752 0.95262348178137668 0.76533166458072599 0.69245734809937154 0.93750000000000011 0.61876740445630563 0.85357142857142865 0.88748241912798886
decision_type=2 2 2 2 2 2 2 2 2 2 2 2 2 2 2 2 2 2 2 2 2 2 2 2 2 2 2 2 2 2 2 2 2 2 2 2 2 2 2 2 2 2 2 2
left_child=13 28 8 4 14 7 -7 -6 9 12 11 -11 15 32 -4 -3 18 -18 20 22 42 23 -20 -22 -23 27 -27 -21 30 40 31 36 33 -1 -34 -14 39 -10 -39 -2 -30 -36 -15 -19
right_child=1 2 3 -5 5 6 -8 -9 37 10 -12 -13 35 16 -16 -17 17 43 19 25 21 24 -24 -25 -26 26 -28 -29 29 -31 -32 -33 34 -35 41 -37 -38 38 -40 -41 -42 -43 -44 -45
leaf_value=-0.1110732677183818 -0.089196207244917627 0.031782144968381575 -0.0021092394565534588 0.073873258952956086 0.024316613404849488 0.023111858879805946 0.10583210013603264 -0.026006120071775808 0.082582746915748476 -0.031538197339485229 0.067967311313995374 -0.18831409240482835 0.10955780133780009 -0.091647625187544379 -0.18321837143956987 0.0018944757497141329 0.080492746217398145 0.082147447314988714 -0.13521038200045282 0.012662648181351089 0.013408988310162691 0.006322011958781952 -0.49283487162325518 -0.047108157245178292 0.043907174421744043 -0.37228200341416345 -0.015680974582806293 -0.019628996526154317 -0.085666646034478655 0.10747803392042586 -0.25022663430830788 0.081368806336548222 0.14493931144546118 0.066229126348955947 -0.049179495537761721 -0.073416963312382261 -0.18288242438167296 -2.0651938005426804 0.080079802709797226 0.040474864542833833 0.078745596513033991 0.092339332881673855 -0.007725367035978579 0.0033458497268702243
leaf_weight=1.8674196113133783 3.3401304104190768 26.499228758038953 1.4941663825884455 11.825343035656259 34.650814064661972 32.006057762628188 7.6032738760113707 23.732334472224466 5.603171884911716 32.495826469821623 2.7383298533386542 1.867898377648088 4.0296680725296019 9.4703046465583594 1.3589538307860491 385.88769701441925 6.0971985910873618 1.6337996079673747 2.3627727860584851 110.24305860159802 24.657832473050803 152.23295952493208 0.52245209831744421 32.623731469037011 40.928527982963715 0.58127916647936118 244.58371672488283 51.641840409254655 2.1467086200136696 1.5858736328373195 0.70250823209062208 1.2593291271477935 2.8373998324968852 3.0991396075114608 1.2038591333548541 0.69282139212009486 1.49766837246716 0.037255540839396306 0.32055768284772057 1.1767176203429697 0.7049980480223893 1.1606838890584183 1.8550200723111618 32.220226298130001
leaf_count=56 207 607 35 20238 1128 1122 1320 3080 731 608 2242 322 1135 1055 17 29147 11266 422 104 5085 268 4471 10 347 1111 59 35878 4262 61 212 31 73 17 43 34 96 9 5 554 15 72 27 20 2357
internal_value=0.000485893 0.00516118 0.00624266 0.0212232 0.0150493 0.0180605 0.0389906 0.00386078 0.00257476 0.00170269 -0.032087 -0.04006 0.00470829 -0.00330485 -0.0883723 0.003815 -0.00399431 0.0183423 -0.00532284 -0.0103586 0.00256336 0.00620208 -0.199968 -0.0210575 0.0142858 -0.00901467 -0.0165265 0.0023615 -0.0447442 0.00947831 -0.0749105 -0.0579785 0.0449481 -0.000436336 0.088279 0.0827142 -0.0871553 0.0690248 -0.143286 -0.0554146 -0.0450207 0.0202879 -0.0779017 0.00714882
internal_weight=1307.08 585.257 572.843 112.671 100.846 97.9925 39.6093 58.3831 460.172 454.211 37.1021 34.3637 417.109 721.823 2.85312 412.387 711.655 39.9512 671.703 409.935 261.768 250.443 2.88522 57.2816 193.161 407.05 245.165 161.885 12.4139 4.43758 7.97635 7.27385 10.1685 4.96656 5.20194 4.72249 6.01452 5.96099 0.357813 4.51685 2.85171 2.36454 11.3253 33.854
internal_count=129959 63067 62387 26940 6702 6650 2442 4208 35447 34157 3172 930 30985 66892 52 29754 66715 14045 52670 45398 7272 6197 114 615 5582 45284 35937 9347 680 345 335 304 177 99 78 1231 231 1290 559 222 133 61 1075 2779
is_linear=0
shrinkage=0.08


Tree=108
num_leaves=45
num_cat=0
split_feature=5 3 8 12 1 18 2 8 3 2 5 8 9 5 1 3 8 19 3 15 16 2 18 15 20 19 20 15 23 12 3 9 3 4 9 17 18 8 15 18 17 20 9 18
split_gain=3.43079 3.66848 23.9579 12.2802 8.95011 7.00139 8.32565 11.1318 9.44473 8.00164 6.83384 6.76987 6.36952 5.89235 5.51534 9.42071 8.6762 8.63749 7.8862 6.67668 5.52435 5.24129 4.86701 4.86551 5.95123 4.62872 4.4345 3.66325 3.99293 3.40734 3.37803 8.27197 11.3683 3.1763 2.98977 2.94061 1.87252 1.82471 1.76402 1.33565 1.23661 1.14089 0.722718 0.708402
threshold=0.050641025641025628 0.10367218987908645 0.065044949762030693 0.1021295089091699 0.095811818703384968 0.77350427350427364 0.38601144568886508 0.062019230769230778 0.11189358372456966 0.39225055392103453 0.0926654740608229 0.080540540540540509 0.82404540763673906 0.09393382352941175 0.14670014347202301 0.36237373737373746 0.055946791862284857 0.35416666666666669 0.33589743589743598 0.32737905369484321 0.49130369026013315 0.38601144568886508 0.69615384615384623 0.61569230769230787 0.96566460359563822 0.93750000000000011 0.58234803171512051 0.68769904458598741 0.32420011661401466 0.083771929824561456 0.12973352033660593 0.85239651416122009 0.11189358372456966 0.063660925363053025 0.86602564102564117 0.55479161761243245 0.74166666666666681 0.042109929078014141 0.41682754182754189 0.79285714285714304 0.55064321771698432 0.43111357165453973 0.64346246973365628 0.96362433862433872
decision_type=2 2 2 2 2 2 2 2 2 2 2 2 2 2 2 2 2 2 2 2 2 2 2 2 2 2 2 2 2 2 2 2 2 2 2 2 2 2 2 2 2 2 2 2
left_child=39 2 10 5 12 6 7 36 9 -8 22 -9 13 38 16 18 19 -17 -16 -6 -18 33 23 26 -25 41 -2 42 -29 -10 31 32 -7 -4 -35 -14 -3 -33 -5 -1 -36 -23 -24 -32
right_child=1 3 21 4 14 30 8 11 29 -11 -12 -13 35 -15 15 17 20 -19 -20 -21 -22 25 27 24 -26 -27 -28 28 -30 -31 43 37 -34 34 40 -37 -38 -39 -40 -41 -42 -43 -44 -45
leaf_value=-0.092604022720365137 0.0039076369839970973 -0.094593521826961888 -0.16840524610022542 0.11639792753522282 0.067566619328378347 0.044771192178091397 -0.11794938698681363 0.09275765891189805 -0.021518379104491586 -0.0093377469434329993 0.22295667857986623 -0.092772814907215825 0.21882596552708677 -0.13784686838999524 -0.01225477787332341 -0.0039554596486775688 -0.0033444278651563416 0.014274676905464662 -0.063716914548517509 -0.01116736242660164 0.043916999854231226 -0.19698454448672018 0.0023320654282614696 -0.049634672924442312 0.083131645023622108 -0.33192427808282499 0.044556485880546309 -0.13227396737661573 0.032306054654621705 -0.10048437233087232 0.093450158696576843 -0.038791639781248284 -0.16791084779053514 -0.095001203833967637 -0.048205257465757545 0.093371431735274749 -0.2777782014895212 0.064216757364382621 0.010449946316825599 -0.013005586434452394 0.069656873334111066 -0.10200689923910952 0.080367976069791458 0.0240697825429586
leaf_weight=3.4639708075847002 39.235115000163205 2.1697026591573372 1.1012419303006007 1.7090276295784841 7.5790675603784612 2.9252577808219966 5.0586812563706181 7.7602420622133632 4.155235941027061 30.606440475210547 1.0977176387095813 1.5024168271920642 1.5702108195982871 1.3592832866706883 105.5493139231985 523.80039646546356 21.026641838077921 243.73702890319692 23.257026705425233 76.163115882780403 64.031270278792363 1.0617631040513513 0.79978294670582073 13.05491163668921 2.5893571893684557 0.81470240233466018 30.550576695066411 1.0165411615744222 13.120786351617424 22.081690194114344 3.3190713906660667 1.3039576062001268 3.5732684805989265 1.8868796314054632 0.8016345419455323 5.0143317743204534 0.42749825678765763 7.0571599495597184 2.4441750369733199 2.2098649330437183 1.9693417311646042 3.4059182436903939 15.10149169329088 1.3150299489498136
leaf_count=613 406 261 42 24 81 86 252 153 232 518 34 104 35 41 4182 45210 502 66933 2089 2095 1485 6 5 163 24 16 805 16 1111 766 36 118 42 62 27 102 3 482 52 27 50 106 528 34
internal_value=0.000471074 0.000742386 0.0136226 -0.000661822 0.00174913 -0.0285118 -0.0397806 0.0216233 -0.051545 -0.024743 0.0242911 0.0626643 0.0701738 0.00672942 0.000972016 -0.00152615 0.0142375 0.00183365 -0.0215467 -0.00404156 0.0322338 -0.099006 0.0224025 0.0126633 -0.0276599 -0.156558 0.0217028 0.0501009 0.020472 -0.0879782 0.0141277 -0.00446969 -0.0721738 -0.0462183 -0.01733 0.123288 -0.124746 0.0481521 0.0540472 -0.0616018 0.0355597 -0.124579 0.076443 0.0737619
internal_weight=1303.78 1298.1 127.608 1170.5 1077.24 93.2557 73.7619 11.8599 61.902 35.6651 116.566 9.26266 12.097 5.51249 1065.14 896.344 168.8 767.537 128.806 83.7422 85.0579 11.0415 115.469 85.43 15.6443 5.28238 69.7857 30.0386 14.1373 26.2369 19.4937 14.8596 6.49853 5.7591 4.65786 6.58454 2.5972 8.36112 4.1532 5.67384 2.77098 4.46768 15.9013 4.6341
internal_count=129959 129319 3401 125918 122831 3087 2289 521 1768 770 3092 257 254 117 122577 118414 4163 112143 6271 2176 1987 309 3058 1398 187 128 1211 1660 1127 998 798 728 128 181 139 137 264 600 76 640 77 112 533 70
is_linear=0
shrinkage=0.08


Tree=109
num_leaves=45
num_cat=0
split_feature=2 18 12 16 9 6 1 9 3 0 23 20 15 14 23 14 17 16 6 1 0 0 1 3 8 12 1 3 8 9 8 3 5 18 12 19 0 12 9 5 3 18 4 23
split_gain=3.18721 10.9419 6.14748 6.75261 217.75 6.13683 4.71071 6.15659 7.98824 5.08899 4.45312 4.40672 7.21029 4.4142 4.29307 22.3749 4.22638 7.13562 3.76326 6.38123 6.26697 3.57861 3.01394 3.51314 20.549 10.3408 8.72446 6.93368 6.42732 6.01572 14.5531 6.68538 5.07881 5.19069 4.36719 3.13633 2.93438 2.93026 3.4409 3.90258 2.9043 7.42948 2.80326 2.5062
threshold=0.93684823947981855 0.58578431372549034 0.83796653796653808 0.76349757113115901 0.7416573971078978 1.0000000180025095e-35 0.80196078431372564 0.87939393939393951 0.94791101465002725 0.94444444444444453 0.62828143782232748 0.65069803021610262 0.54295175023651854 0.065591397849462371 0.66749741200828161 0.075498575498575513 0.9355781927938126 0.91374934360231064 1.0000000180025095e-35 0.81173769550868147 0.78888888888888908 0.73214285714285732 0.044949494949494913 0.10367218987908645 0.065044949762030693 0.1021295089091699 0.14670014347202301 0.36237373737373746 0.055946791862284857 0.85329985652797713 0.041241496598639467 0.13994288045695638 0.0926654740608229 0.69615384615384623 0.083771929824561456 0.93750000000000011 0.78888888888888908 0.86706827309236967 0.94935897435897443 0.87841832963784194 0.86240703177822864 0.46862745098039221 0.063660925363053025 0.9053891282513401
decision_type=2 2 2 2 2 2 2 2 2 2 2 2 2 2 2 2 2 2 2 2 2 2 2 2 2 2 2 2 2 2 2 2 2 2 2 2 2 2 2 2 2 2 2 2
left_child=6 2 10 5 -5 40 22 8 9 16 -2 13 -13 -7 15 -12 17 -8 -10 21 -21 -20 -1 24 32 29 28 -28 -27 31 -31 -25 33 -24 42 -36 -18 38 -9 43 41 -4 -26 -40
right_child=1 -3 3 4 -6 11 7 37 18 -11 14 12 -14 -15 -16 -17 36 -19 19 20 -22 -23 23 25 34 26 27 -29 -30 30 -32 -33 -34 -35 35 -37 -38 -39 39 -41 -42 -43 -44 -45
leaf_value=-0.081021820317369139 -0.10246448025750007 0.057847828701464668 0.080423672193282475 -6.0505552404767258 0.080124528650938998 -0.0041867505422162853 -0.13717776563138015 0.051096272251118145 0.051014198964500775 0.083218296494936506 0.043859295128291197 -0.080188985386490053 0.019125617490482728 0.051381050826060072 0.052392061683385213 1.1751308929209179 0.07948048649840983 -0.58223638063895744 -0.17685131438853899 -0.11853880962458795 -0.55734257524532949 0.025976504125289557 0.010523262208800788 -0.066072377462549833 -0.15797277089499856 0.0018895879603297828 -0.019915917513504501 0.00073565058587566322 0.032153265768463633 -0.21068019880934696 0.00079731302841802207 0.011174500325239468 0.18510511670350202 0.049401760494044419 -0.11767212117175968 -0.28375146311024346 -0.15223068100194853 0.073391610419346776 -0.10113637685924504 0.039022360395419654 0.085806601800798854 -0.74925148769796379 -0.014894303579364873 -0.43496927084723525
leaf_weight=2.9521357766934662 1.1251985239796329 26.398178682735306 0.24448734190082078 0.039146661030826091 0.70180687691026833 106.66202422813512 7.3054391122714186 3.0406560970732226 4.0693274634104437 0.80435383933945637 0.61863626551348616 11.708707022276942 7.7919606215582453 10.007682920404475 13.283111225289757 0.13660178784630261 0.96292030421318464 0.23806977161439125 0.64699526882031921 1.2139318283880127 0.25145112548489112 3.9901523289008765 86.301377838477492 33.186426460320945 1.093049866380168 92.046865948766936 128.26605813961942 551.09551242389716 87.707674882229185 2.1773729054257265 47.853262532211374 9.1466978297976294 1.2110856244107697 29.487252225284465 4.4343879615771584 0.87060452823061485 0.54933612412423827 3.7681349471822614 2.4570419767987919 1.5670468852622432 6.2935779067338444 0.096276250929804519 4.4212831468612421 0.15288040929590341
leaf_count=440 60 38151 59 11 694 2010 703 810 2422 134 95 3246 562 499 458 17 418 27 128 121 26 337 1467 1599 58 2373 6271 55605 2044 105 1189 294 34 1675 112 16 22 2958 398 605 1543 14 139 10
internal_value=0.000436193 0.0101566 0.00222407 -0.00289326 -0.243777 -0.00164341 -0.00118005 -0.0319192 -0.0583134 -0.109625 0.0506672 -0.00530398 -0.0405054 0.000579739 0.062941 0.248475 -0.126753 -0.151224 -0.00857471 -0.0483102 -0.193835 -0.00232293 -0.000299056 -7.82602e-05 0.0123746 -0.00175114 0.000983448 -0.00316344 0.0166562 -0.0271868 -0.00840636 -0.049382 0.0221289 0.0204242 -0.0931078 -0.144927 -0.00468997 0.0162093 -0.0136442 -0.0607725 0.07349 -0.153985 -0.0432553 -0.120691
internal_weight=1298.38 185.107 158.709 143.546 0.740954 142.805 1113.27 31.0177 20.032 9.86012 15.1635 136.17 19.5007 116.67 14.0383 0.755238 9.05577 7.54351 10.1719 6.10253 1.46538 4.63715 1082.25 1079.3 127.819 951.48 859.116 679.362 179.755 92.3638 50.0306 42.3331 117 115.789 10.8193 5.30499 1.51226 10.9858 7.21763 4.17697 6.63434 0.340764 5.51433 2.60992
internal_count=129959 47419 9268 8638 705 7933 82540 9119 4338 1304 630 6317 3808 2509 570 112 1170 730 3034 612 147 465 73421 72981 3501 69480 66293 61876 4417 3187 1294 1893 3176 3142 325 128 440 4781 1823 1013 1616 73 197 408
is_linear=0
shrinkage=0.08


Tree=110
num_leaves=45
num_cat=0
split_feature=2 17 6 12 23 17 7 20 12 3 4 7 8 3 0 9 8 0 0 8 11 10 4 3 3 3 20 7 23 2 4 23 4 18 15 20 15 17 22 16 23 9 4 23
split_gain=4.60944 14.8324 5.1411 6.01589 6.7736 5.19193 6.29376 4.14086 3.99115 7.59511 4.90878 4.34783 7.16523 5.44806 5.39012 4.85759 13.2457 5.85464 4.30083 11.7622 10.5358 9.92211 17.4232 10.4723 9.75056 10.2289 7.61114 9.29738 5.31974 9.43161 3.9488 3.87471 3.84736 3.80974 3.26021 4.97109 3.07502 5.96519 3.00085 2.98003 2.73473 2.72386 2.33069 3.77533
threshold=0.93684823947981855 0.68435125246270767 1.0000000180025095e-35 0.89966442953020154 0.66305583003952584 0.67806351061757264 0.29285714285714287 0.73931311655096832 0.7744841615809358 0.70659971305595415 0.9099909990999101 0.73214285714285732 0.77459677419354855 0.73499399759903972 0.78888888888888908 0.6831300813008131 0.79805825242718464 0.94444444444444453 0.64583333333333337 0.97825059101654854 1.0000000180025095e-35 0.22500000000000003 0.40838270792187847 0.83827375762859646 0.98130677847658998 0.95180023228803723 0.91440781440781449 0.64583333333333337 0.69342594379059763 0.90488902812587024 0.86240703177822864 0.50219083505480444 0.93127066603684472 0.39444444444444454 0.53708994708994717 0.77820186598812569 0.9303336703741153 0.95256842894638183 1.0000000180025095e-35 0.61266468780919658 0.75066890380313211 0.86159003831417635 0.87007672634271105 0.89677419354838728
decision_type=2 2 2 2 2 2 2 2 2 2 2 2 2 2 2 2 2 2 2 2 2 2 2 2 2 2 2 2 2 2 2 2 2 2 2 2 2 2 2 2 2 2 2 2
left_child=8 2 5 4 -4 -2 -7 32 18 -10 11 12 13 -11 -14 16 -13 -17 19 20 21 22 -1 -23 25 -21 30 -28 29 -26 -22 -20 41 -34 39 -36 -3 42 40 -9 -6 -5 43 -38
right_child=1 36 3 7 38 6 -8 34 9 10 -12 15 14 -15 -16 17 -18 -19 31 24 26 23 -24 -25 28 -27 27 -29 -30 -31 -32 -33 33 -35 35 -37 37 -39 -40 -41 -42 -43 -44 -45
leaf_value=-0.0020313295439093808 0.085251331867735577 0.074995707198362405 -0.065203055138049651 -0.025188478450234957 -0.097997235217448367 -0.84726967155157096 0.080356953089264729 -0.10765004213812143 -0.71812903961258545 -0.59591960945030009 0.072470098568293326 -0.63572751464974131 0.049291622004209008 -0.047032134287033352 -0.2360567485839534 -0.11155420767393974 -0.016237017505006206 0.082872484681920405 0.23560328857479026 -0.1268691237545512 0.058572717204121924 -0.034955282887448119 0.046927771134396085 0.069082161838388667 -0.027525896747504983 -0.66355064856828239 0.0095387665063207776 -0.18396232611065916 0.067879415927571116 -0.21600270155846502 -0.074223008711637534 0.018295468902053164 -0.0024962912920650079 0.094246652282340929 -0.19169358222023841 0.032568989158912223 -0.081268483242379536 0.080126410445263641 0.055629009450533742 0.0865454887423633 0.020142237378750014 -0.11246164430208323 0.012710444290790053 -0.391427141317297
leaf_weight=768.56083761573245 6.2103327056684057 25.320246126240821 4.8517472949170033 8.6862525485339557 1.3516044377465757 0.085690895037259796 0.10316864502965473 6.2278836822079011 0.10013886413071205 0.11726965632988395 3.3906444155873023 0.2234189575247062 12.180261006258657 8.8292603520530957 0.43893745398963879 9.2807743140001513 19.557521386217559 1.1097399086283992 0.52950203465297718 4.8870112877048113 37.228219730037381 82.587024576438125 49.517299599392572 6.6940567243873366 18.478796757321113 0.23837458516936738 13.90584518748801 1.7942292282823462 3.0848712156002867 1.8712967366736837 1.4904755645547982 63.635890813660808 78.626004163816106 2.6944500554818651 0.75794323335867364 3.8247008044272661 1.098277538781985 3.1785440521198325 21.06943565866095 0.5504311891272663 17.368882609531283 3.107610101113095 0.89213803788879875 0.32564233665470954
leaf_count=31886 1452 29230 567 164 267 8 40 2044 19 17 3238 96 5432 1802 18 953 2061 245 29 687 5749 11121 2675 1884 742 17 3815 593 504 183 490 8284 2030 234 23 219 204 9158 551 36 185 51 947 9
internal_value=0.00087405 0.0125171 0.00246992 -0.000543292 0.0240385 0.0726851 -0.340533 -0.0110469 -0.00108089 -0.0220449 -0.0207805 -0.0268918 0.000539209 -0.0542269 0.0393663 -0.0464987 -0.023234 -0.0907888 1.70628e-05 -0.00128341 0.000218998 -0.00183155 0.000932107 -0.0271548 -0.0518774 -0.151829 0.0344092 -0.0125748 -0.0300172 -0.0448573 0.0534607 0.0200887 -0.0054837 0.000709163 -0.0566432 -0.00452276 0.0632232 0.00897321 0.0349201 -0.0918804 0.0116127 -0.0481844 -0.088677 -0.1522
internal_weight=1296.06 186.331 155.516 149.117 44.6417 6.39919 0.18886 104.475 1109.73 55.228 55.1278 51.7372 21.5657 8.94653 12.6192 30.1715 19.7809 10.3905 1054.5 990.338 961.778 907.359 818.078 89.2811 28.5604 5.12539 54.4188 15.7001 23.435 20.3501 38.7187 64.1654 93.1143 81.3205 11.361 4.58264 30.8148 5.4946 39.7899 6.77831 18.7205 11.7939 2.31606 1.42392
internal_count=129959 47419 7871 6371 1570 1500 48 4801 82540 13881 13862 10624 7269 1819 5450 3355 2157 1198 68659 60346 58213 47566 34561 13005 2133 704 10647 4408 1429 925 6239 8313 2479 2264 2322 242 39548 10318 1003 2080 452 215 1160 213
is_linear=0
shrinkage=0.08


Tree=111
num_leaves=45
num_cat=0
split_feature=2 17 6 12 23 2 3 9 0 0 3 3 1 3 2 5 8 7 20 8 0 8 1 8 8 2 15 4 1 2 17 3 18 1 23 20 17 2 8 4 8 8 18 19
split_gain=4.00797 13.5056 4.72335 5.19884 5.90492 4.03832 10.4324 10.7523 10.5878 16.47 12.7774 11.8094 9.15675 9.68365 9.05591 8.54672 10.3749 8.06942 7.51546 6.90367 5.78053 5.1974 5.24865 9.07547 9.37575 6.63647 7.28074 5.58745 5.23121 5.7028 7.02572 4.40024 7.36301 4.15087 5.83165 3.64108 3.5471 3.51221 3.60544 3.48765 4.04812 3.38869 3.34105 3.15641
threshold=0.93684823947981855 0.68435125246270767 1.0000000180025095e-35 0.89966442953020154 0.66305583003952584 0.52580367163700503 0.44281045751633991 0.36700680272108849 1.0000000180025095e-35 0.29285714285714287 0.60922587486744451 0.83047895500725699 0.64899964899964913 0.83438818565400863 0.93158312447786151 0.52689415847310594 0.5300120048019209 0.13392857142857145 0.94297328687572601 0.73746867167919816 0.2678571428571429 0.30877573131094266 0.22378716744913932 0.28035087719298252 0.28743545611015497 0.36086927263397856 0.4967736563839974 0.26766169154228864 0.21483516483516488 0.41335722819593795 0.6654088050314465 0.33589743589743598 0.81534090909090928 0.43929241490217102 0.60354956507893665 0.73931311655096832 0.67806351061757264 0.55825315455848101 0.25844402277039852 0.80982519590114543 0.92718275008837059 0.17673086933888607 0.39444444444444454 0.43650793650793657
decision_type=2 2 2 2 2 2 2 2 2 2 2 2 2 2 2 2 2 2 2 2 2 2 2 2 2 2 2 2 2 2 2 2 2 2 2 2 2 2 2 2 2 2 2 2
left_child=5 2 36 4 -4 17 7 37 10 11 15 20 19 -14 -13 16 -8 21 31 -11 -10 22 23 27 -25 41 -27 -1 -23 -30 -31 32 -9 34 -20 42 -2 43 -39 -12 -41 -24 -5 -7
right_child=1 -3 3 35 -6 6 8 18 9 12 39 14 13 -15 -16 -17 -18 -19 33 -21 -22 28 25 24 -26 26 -28 -29 29 30 -32 -33 -34 -35 -36 -37 -38 38 -40 40 -42 -43 -44 -45
leaf_value=0.0017740731374220366 0.084951691112118727 0.061733660416441884 -0.061505646529349624 -0.0076956386325939142 0.033131599633198013 0.022555196129581782 -0.0020026602594112259 -0.076289399276854852 -0.050021896450676347 0.04726293982999611 0.061239833812583369 0.070455551453599205 -0.04958051778114822 -0.00024720376905222911 -0.67695517259474614 0.098435632003754159 -0.19500120592515705 0.085905999036163347 0.0056601185259388303 -0.0054548450986982326 -0.12373584081868172 -0.17343660226837301 0.23481870238916583 0.39478979762959548 0.056222542715939426 0.021094656581919235 -0.029011910080790387 0.060588103724837208 0.14472982742635168 -0.045489524326463027 0.044849890191586035 -0.075912217742915233 0.13040840881101728 0.23699042162423492 -0.16028543003010473 -0.053526543247599083 -0.21599208686986227 -0.087025000370584527 0.053058688965105794 -0.026560691825805571 -0.52519682499368825 0.0290166842572279 0.080148662728720094 0.13231199990567366
leaf_weight=487.92135587021767 5.7522657479566979 29.143736699785222 4.7368528585648155 90.580139054509345 38.640447626879904 3.6758879994449654 69.162060780567117 2.7333706135395905 40.56289626826765 37.338999904197408 35.853623324015643 5.8269610082934369 32.759766529648914 114.35334470121597 0.10563209564134002 5.2893497456680043 1.8297778611595266 7.4315897839696836 14.489916741091291 27.686319056912907 8.1817574558081088 0.7839602172607546 0.97809574555139933 0.73811360512627233 1.8001622821902854 23.718215429486008 85.330649306153646 10.561665802786591 2.8191391432192168 6.9340725668589576 26.818630354333436 37.626783654966857 1.8491301760077474 0.44818263960769478 1.4951650658622391 11.07224916864652 0.26207907788921136 2.3657782097579911 2.3379027126647998 0.53379921786836249 0.12947302659449633 1.0746448359859639 2.8584362828405565 3.0836448029149324
leaf_count=13498 1452 39548 567 2233 1003 97 3682 505 6375 4380 4780 1455 6021 20820 80 82 63 455 1313 2984 1595 20 13 37 44 3063 2656 317 48 1709 380 5625 10 3 15 2322 48 57 74 164 14 40 246 66
internal_value=0.000831697 0.0117973 0.00234111 -0.000485196 0.0227971 -0.000982111 -0.0068229 -0.0351763 -0.00158669 -0.0102736 0.0189616 -0.0494241 -0.000182845 -0.011233 0.0571476 0.000332238 -0.0069771 0.00301648 -0.0490282 0.0248169 -0.0623947 0.00206803 0.000300118 0.00378852 0.154676 -0.0154311 -0.0181137 0.0030202 0.0310375 0.0354207 0.0262908 -0.066898 0.00711728 -0.00312923 -0.0098616 -0.0101485 0.0718379 0.0356861 -0.0173982 0.0578771 -0.123896 0.127078 -0.00500834 0.0726254
internal_weight=1289.68 183.046 153.902 147.888 43.3773 1106.63 449.72 70.1058 379.614 266.816 112.798 54.6772 212.138 147.113 5.93259 76.2812 70.9918 656.91 58.6425 65.0253 48.7447 649.479 612.123 501.021 2.53828 111.102 109.049 498.483 37.3558 36.5718 33.7527 42.2093 4.5825 16.4333 15.9851 104.511 6.01434 11.4632 4.70368 36.5169 0.663272 2.05274 93.4386 6.75953
internal_count=129959 47419 7871 6371 1570 82540 60260 7765 52495 43710 8785 9505 34205 26841 1535 3827 3745 22280 7471 7364 7970 21825 19668 13896 81 5772 5719 13815 2157 2137 2089 6140 515 1331 1328 4801 1500 294 131 4958 178 53 2479 163
is_linear=0
shrinkage=0.08


Tree=112
num_leaves=45
num_cat=0
split_feature=22 9 16 18 18 17 5 9 3 12 23 9 3 3 9 9 18 9 8 18 15 17 19 14 23 20 17 2 5 23 3 19 3 12 8 15 15 23 17 19 9 19 23 17
split_gain=3.76058 4.70999 4.15773 13.7519 9.81281 7.59635 7.13646 5.51415 4.35653 5.71147 6.0463 6.10235 5.67909 5.10363 4.28131 7.95464 3.24546 3.0369 4.85547 4.82085 3.27865 7.77874 7.22488 5.53207 5.30502 5.03251 5.90974 4.53778 4.26922 5.41778 4.00253 2.8787 2.76419 3.5447 2.72042 3.38539 2.60765 2.60237 2.46631 2.44914 2.44002 2.40019 2.21209 2.20818
threshold=1.0000000180025095e-35 0.21244358478401035 0.67658115877930136 0.40588235294117653 0.46862745098039221 0.71654228855721402 0.94360822556709789 0.72821969696969713 0.10367218987908645 0.10063291139240506 0.30171633066857939 0.86240703177822864 0.11189358372456966 0.60922587486744451 0.74388789505068587 0.79814814814814827 0.162280701754386 0.23582887700534763 0.20144927536231885 0.70714285714285718 0.32737905369484321 0.37709601873536308 0.35416666666666669 0.04819976771196284 0.925006047411708 0.36898982894128535 0.82250527585167332 0.49285418882193083 0.089719939627704207 0.36454831393468301 0.10596491228070178 0.43650793650793657 0.45222154595252601 0.20126582278481012 0.22401433691756276 0.81558821934154158 0.47641299510458396 0.49730696707440897 0.70991117344553545 0.43650793650793657 0.42980295566502463 0.30952380952380959 0.38317007597895975 0.99852507374631283
decision_type=2 2 2 2 2 2 2 2 2 2 2 2 2 2 2 2 2 2 2 2 2 2 2 2 2 2 2 2 2 2 2 2 2 2 2 2 2 2 2 2 2 2 2 2
left_child=17 34 8 36 14 7 -7 -6 16 10 11 -10 -11 -14 -5 -16 -3 18 19 -1 21 22 40 -22 25 26 -25 -27 30 -30 39 -20 -33 -34 37 -36 -4 41 -38 -23 -19 -2 -43 -44
right_child=1 2 3 4 5 6 -8 -9 9 12 -12 -13 13 -15 15 -17 -18 20 31 -21 23 28 -24 24 -26 27 -28 -29 29 -31 -32 32 33 -35 35 -37 38 -39 -40 -41 -42 42 43 -45
leaf_value=-0.10283304006973794 -0.12020918766050002 -0.12661035689327685 0.21435305744346633 -0.054787894884071542 0.17006085065972243 0.0058958787759832432 0.058551808348197065 -0.020541832772794203 -0.092461225429336061 0.077379880294728892 -0.18383418527635673 0.029210685080012379 -0.013446756617537678 0.0077627795280480888 -0.6607143375753044 -0.14286725502096947 0.044262425202563953 -0.057369960999984641 0.10724224423114381 0.035951638836510175 -0.081618094805205696 -0.048739658848449531 -0.11792046092801187 -0.067668774083141967 0.080075397190068426 0.0010050954925095873 0.018147652225504154 -0.0143494049746377 0.090361209676624143 -0.073031297449567475 -0.14645448827096436 0.080565587011450446 0.090066824427287251 -0.166884024897862 -0.044246876701703068 0.10706591192814507 -0.015943882004561771 -0.25351802232879894 0.10485604167226251 0.072981199680140232 0.0049811841483943303 -0.092799487486096885 0.070246107503909028 -0.08359243377585221
leaf_weight=2.6490599785465738 2.6980011572886706 0.73930603283224883 1.1999001594667777 2.4807557964813891 3.2960352764566769 180.57543486068607 18.126401531131705 1.3773319454630835 5.156503558624534 6.1208474516752167 1.9411583411274467 5.4017227851436473 118.45542011669022 187.60999260745302 0.22995597845874716 1.0883554097817976 18.843341462081298 4.1754108841996631 5.4340510378242453 4.0520764030516148 6.2212674208567469 1.7262486160325377 3.2775746589759356 17.128172664379239 4.5705550389684495 325.02883695326454 7.3352194977051104 198.36055088352441 13.586737166624514 1.4360602380766057 1.0697172706422859 1.6996585349552336 0.55324491392821051 0.90678448349353857 2.7530457990942523 1.441978368849959 1.2416543417493802 0.47559912456199516 8.3949001532455423 2.7327036510687321 105.76454528659815 1.843199831957463 1.8508325649891051 0.88158234488219012
leaf_count=83 96 65 38 62 95 12845 22938 198 229 111 25 111 11336 13225 9 91 356 67 65 52 4571 48 78 201 14079 9716 166 34164 207 380 46 33 8 40 133 212 96 24 557 31 2857 125 44 46
internal_value=0.000775091 0.00558539 0.00664138 0.0152861 0.0106909 0.0130705 0.0106994 0.113887 0.00116703 -0.00104309 -0.0540699 -0.0302123 0.00108001 -0.000445873 -0.116697 -0.233196 0.0378114 -0.00312791 0.0321325 -0.018912 -0.00390678 0.00734301 -0.000876221 -0.00660057 -0.00575574 -0.0064718 -0.0419372 -0.00481414 0.0526226 0.0747422 -0.00748203 0.0719355 0.0112148 -0.0695183 -0.0441261 0.00776469 0.103139 -0.072217 0.0892912 0.0258579 0.00261315 -0.0603623 -0.0250738 0.0206119
internal_weight=1281.93 574.223 562.279 218.011 207.174 203.375 198.702 4.67337 344.268 324.686 12.4994 10.5582 312.186 306.065 3.79907 1.31831 19.5826 707.708 15.2949 6.70114 692.414 133.769 113.218 558.645 552.423 547.853 24.4634 523.389 20.5515 15.0228 5.52867 8.59374 3.15969 1.46003 11.9442 4.19502 10.8365 7.74922 9.63655 4.45895 109.94 7.27362 4.57561 2.73241
internal_count=129959 63067 62387 36929 36238 36076 35783 293 25458 25037 365 340 24672 24561 162 100 421 66892 281 135 66611 3714 3002 62897 58326 44247 367 43880 712 587 125 146 81 48 680 345 691 335 653 79 2924 311 215 90
is_linear=0
shrinkage=0.08


Tree=113
num_leaves=45
num_cat=0
split_feature=22 9 18 23 20 14 14 3 16 16 6 23 3 7 1 0 19 9 15 16 15 17 16 16 17 16 13 14 15 6 1 8 12 0 19 18 8 18 9 9 14 17 15 8
split_gain=3.20373 4.03386 3.97915 7.31523 5.83443 4.57163 5.78519 6.05062 5.72084 4.39676 3.88248 3.81358 3.36972 3.5735 2.92475 4.83454 2.71706 2.66381 2.88787 7.70205 6.0525 6.29138 4.84222 7.1463 4.3188 4.85694 4.75817 4.91286 7.0208 4.8808 4.50499 6.65954 5.05994 3.71718 3.55721 2.81834 2.60285 2.63566 2.41132 4.07407 13.8597 2.28918 2.21806 2.1966
threshold=1.0000000180025095e-35 0.21244358478401035 0.18898809523809526 0.83492124006801871 0.22749774977497753 0.09232954545454547 0.096006144393241177 0.11374663072776282 0.43218209692530452 0.30028901734104052 1.0000000180025095e-35 0.18390470563617797 0.7206557377049182 0.41428571428571431 0.60120481927710856 0.58571428571428574 0.30952380952380959 0.21244358478401035 0.37053001277139214 0.3385429385429386 0.37294861447403826 0.80131578947368431 0.34296141814389997 0.38154091877091578 0.40749517289801657 0.31755368814192347 1.0000000180025095e-35 0.075498575498575513 0.31151659939039467 1.0000000180025095e-35 0.095811818703384968 0.042109929078014141 0.10596491228070178 0.73214285714285732 0.43650793650793657 0.65476190476190488 0.16108108108108113 0.58578431372549034 0.70087719298245621 0.71525096525096543 0.070197044334975381 0.99852507374631283 0.40586884775434073 0.20144927536231885
decision_type=2 2 2 2 2 2 2 2 2 2 2 2 2 2 2 2 2 2 2 2 2 2 2 2 2 2 2 2 2 2 2 2 2 2 2 2 2 2 2 2 2 2 2 2
left_child=17 36 4 5 10 8 7 -7 11 -8 -3 -4 13 16 -12 -16 -5 43 24 35 21 -21 34 -24 26 -26 29 -28 -29 -19 31 -27 -32 -31 -22 -20 41 -38 -6 40 -40 -2 -41 -1
right_child=1 2 3 12 38 6 9 -9 -10 -11 14 -13 -14 -15 15 -17 -18 18 19 20 22 -23 23 -25 25 30 27 28 -30 33 32 -33 -34 -35 -36 -37 37 -39 39 42 -42 -43 -44 -45
leaf_value=-0.00070972533550661763 -0.063897170030497982 0.072394865390452451 0.10181990281220486 -0.34912065546408583 -0.08377370954291205 -0.52470610491762248 -0.072832303125575176 -0.067296478363156872 0.10732528526990695 0.0068559502555844698 0.081183096280857792 0.0034994835423096454 0.072107103873369577 0.080449373928525539 -0.069158297716940514 0.0017225426197235902 0.08010800728266089 0.080914934573265235 -0.092264606036629948 -0.090382789528964128 -0.087705532235697686 -0.51480058525784733 -0.077876967954958756 -0.0044008971729585372 0.081399942969886716 -0.007060324807814186 -0.081327109063971822 -0.08597442951666423 0.067208180077718241 -0.018755387201967559 -0.091324022678666822 0.099037103886996006 0.009939326864027296 0.012960680809464853 0.17369904655928611 -0.27813088937453484 -0.10705683255097766 0.01226328425745201 -0.0001629627683151107 -0.056334539815815807 0.65725755733554547 -0.21802179492689056 0.0068876877221077885 0.076964314703139053
leaf_weight=4.4930643374973425 3.6682090177491755 4.8149291476001954 2.9936221260577502 0.355729559727476 6.3220791685453177 0.25661833817139168 4.4808640697738147 0.66396046819863841 6.2013983580982304 399.98970936553087 2.6489080637693396 16.121448433783371 14.915758169765468 0.43626593743101694 6.7268745037727049 72.892527497373521 0.12847202888224274 5.1002585297683245 1.9539133678481442 1.5078936455247447 0.42167177869123351 0.26243514567613591 8.6125986076513055 517.73826638683386 8.647169628296977 7.5252023274806543 9.0550667691131839 3.2279731812304808 4.7075033058063127 38.598961791023612 4.0710110658546936 7.6205714910320239 14.082378999766659 61.066875757649541 1.587350186309777 0.71252083033323277 1.4871546033828051 5.827315759321209 1.4909136147762208 12.520413498306882 0.23799511999823142 0.74142020568251599 4.9578376463323357 4.840371038793819
leaf_count=99 165 1077 28 12 2419 3 180 81 184 29741 15 547 22565 329 44 920 109 1034 525 221 94 2 2033 56717 77 173 2787 81 317 228 57 204 1406 742 13 4 125 380 153 2903 27 10 1050 78
internal_value=0.000721402 0.00517745 0.00615121 0.00954027 -0.00728749 0.00757688 0.00551721 -0.194803 0.0405583 0.00597314 0.00257184 0.0188975 0.0629398 -0.0856126 -0.0015147 -0.00426603 -0.235234 -0.00288267 -0.00345159 -0.00630698 -0.00562482 -0.153299 -0.00513002 -0.00560317 0.00584174 0.02798 -0.00178508 -0.0410559 0.00489694 0.00458371 0.0141078 0.0463224 -0.0127696 0.000677562 0.118833 -0.141932 -0.0412639 -0.0119965 -0.0409188 -0.0268131 0.0903351 -0.0898112 -0.0384011 0.0395725
internal_weight=1276.71 570.88 559.156 446.544 112.612 430.708 405.391 0.920579 25.3165 404.471 87.0832 19.1151 15.8362 0.920468 82.2683 79.6194 0.484202 705.833 696.5 532.797 530.13 1.77033 528.36 526.351 163.703 41.9463 121.757 16.9905 7.93548 104.766 33.2992 15.1458 18.1534 99.6658 2.00902 2.66643 11.7241 7.31447 25.5292 19.2072 1.72891 4.40963 17.4783 9.33344
internal_count=129959 63067 62387 53779 8608 30764 30005 84 759 29921 2056 575 23015 450 979 964 121 66892 66715 59609 59080 223 58857 58750 7106 1917 5189 3185 398 2004 1840 377 1463 970 107 529 680 505 6552 4133 180 175 3953 177
is_linear=0
shrinkage=0.08


Tree=114
num_leaves=45
num_cat=0
split_feature=2 17 4 20 4 2 12 23 6 1 12 3 23 15 17 9 2 18 18 16 18 9 8 3 3 3 8 12 2 20 12 17 18 4 16 16 3 3 14 7 7 3 6 2
split_gain=2.81463 11.3543 4.37668 5.00739 9.00106 3.6147 4.78575 4.92072 3.98684 3.58134 4.87255 5.00092 3.03577 3.02015 5.42577 2.85932 5.49687 3.5857 4.04076 12.1356 4.07887 2.97708 6.10624 8.56349 4.69103 5.85796 3.76295 8.45479 13.8714 7.00319 6.88117 6.63069 2.97564 2.76 2.68284 7.52901 3.15268 7.27022 10.2693 3.26431 3.05983 2.46205 2.41317 2.07628
threshold=0.93684823947981855 0.68435125246270767 0.83398950131233607 0.83269720101781186 0.83250825082508273 0.94482793657022346 0.89966442953020154 0.65771714912854928 1.0000000180025095e-35 0.80196078431372564 0.87206764866339348 0.79795918367346952 0.66749741200828161 0.9303336703741153 0.95256842894638183 0.97100840336134464 0.36086927263397856 0.18898809523809526 0.26491228070175443 0.49130369026013315 0.39444444444444454 0.33558558558558566 0.17673086933888607 0.27361853832442073 0.22474747474747478 0.25227272727272732 0.041241496598639467 0.10596491228070178 0.42577314326540344 0.98555937858408937 0.080540540540540509 0.85258609734400825 0.46862745098039221 0.26766169154228864 0.57205789804908758 0.56106334444639427 0.93127066603684472 0.92805383022774335 0.48913043478260876 0.64583333333333337 0.15476190476190479 0.080540540540540509 1.0000000180025095e-35 0.93963009899852012
decision_type=2 2 2 2 2 2 2 2 2 2 2 2 2 2 2 2 2 2 2 2 2 2 2 2 2 2 2 2 2 2 2 2 2 2 2 2 2 2 2 2 2 2 2 2
left_child=9 2 3 -2 -5 43 12 -8 -9 15 34 -12 -7 -3 -15 21 -17 -18 19 -19 -20 22 23 32 -24 -26 30 29 -29 -28 41 -32 -1 -25 35 40 37 39 -39 -36 -11 -23 -42 -4
right_child=1 13 5 4 -6 6 7 8 -10 10 11 -13 -14 14 -16 16 17 18 20 -21 -22 26 24 33 25 -27 27 28 -30 -31 31 -33 -34 -35 36 -37 -38 38 -40 -41 42 -43 -44 -45
leaf_value=-0.035441681733968729 0.038452454296167976 0.071007116434403911 0.071304684937423993 0.0032754520760994721 0.70997193189450303 -0.052459288550805817 0.25923546127017594 0.08588075411972175 -0.011104722097550151 -0.21654554808487358 -0.1482871032117995 0.055642539209841274 0.038271355051050067 -0.088167188511305353 0.080109215194316616 -0.24082872574079889 -0.050008464259814235 0.036816844898312787 -0.04474939233063302 0.4225041012110039 0.022796515189184449 0.034898169897568589 0.20251886266356856 -0.053172613156984579 -0.18225365081981665 0.021436561398382764 -0.026754196303262402 0.020311444466194324 -0.0072790870556506361 0.058079678016192161 0.0085972060446962758 0.06810883803202275 0.087525810019432979 0.10250827915624081 0.027593592530620624 -0.4711405194757991 0.051125409743549892 -1.445193414195719 -0.2162749103950006 -0.08323226941997898 0.0095288876388737627 -0.088227052297698255 -0.073222769998925519 -0.081879160711441107
leaf_weight=1.6825449235911971 10.701761184871426 21.705542406314638 0.6376353616360565 0.2703113018942539 0.201206213561818 2.6031017323548467 0.44101091037737106 2.7861069231294087 102.90325234617922 0.76236849749693902 0.87988031769054842 6.1407787788921269 25.288491763116326 2.2980318670306579 2.6294396875309758 0.53499492732225817 4.8612756325455839 3.0694819588679816 6.3023066477326202 0.62913799416855898 62.102258384300512 1.2835413986467745 0.9035719187813801 19.968023934459783 0.91324755712412198 85.714631570663187 129.98698663113464 152.52635694143828 495.42920490615506 6.5412343129719366 66.905425631586695 14.59621100372169 5.0084357350133359 0.75642611010698502 3.3924511156219506 0.29380114364903498 3.1316689634986687 0.05241299420595158 0.25644527756958269 3.4113588388136122 3.0810675365501075 5.4645527981629129 8.4155583051324356 5.0612133681715932
leaf_count=173 449 29230 66 109 16 390 24 912 4754 32 31 4291 925 1160 9158 11 790 243 484 52 5683 83 6 525 15 2659 3939 3829 51944 414 1117 967 71 19 1442 12 1886 16 98 527 263 397 521 226
internal_value=0.000669695 0.0100139 0.00151403 0.049694 0.304837 -0.00233886 0.000314535 -0.00743532 -0.00854806 -0.000845238 -0.0281903 0.0300846 0.0298035 0.0581714 0.00162991 -7.97615e-05 0.0147171 0.0164934 0.0209771 0.102423 0.0165733 -0.00124081 0.0108615 -0.0220853 0.0211807 0.0192892 -0.0028348 -0.00459669 -0.000784377 -0.0226897 0.0128273 0.0192552 0.0566038 -0.0474904 -0.0461368 -0.0709293 -0.0157577 -0.0452059 -0.424821 -0.0279733 -0.0613377 -0.0648077 -0.0510455 -0.0647397
internal_weight=1272.52 177.527 150.894 11.1733 0.471518 139.721 134.022 106.13 105.689 1095 29.8178 7.02066 27.8916 26.633 4.92747 1065.18 77.4995 76.9645 72.1032 3.69862 68.4046 987.68 114.947 27.4154 87.5315 86.6279 872.734 784.484 647.956 136.528 88.2497 81.5016 6.69098 20.7245 22.7971 12.5528 10.2443 7.11267 0.308858 6.80381 12.259 6.74809 11.4966 5.69885
internal_count=129959 47419 7871 574 125 7297 7005 5690 5666 82540 9119 4322 1315 39548 10318 73421 7263 7252 6462 295 6167 66158 3468 788 2680 2674 62690 60126 55773 4353 2564 2084 244 544 4797 828 3969 2083 114 1969 816 480 784 292
is_linear=0
shrinkage=0.08


Tree=115
num_leaves=45
num_cat=0
split_feature=8 2 7 8 9 8 5 3 16 0 3 0 12 3 17 2 4 9 8 8 2 17 18 14 14 9 7 16 16 3 12 2 23 1 8 1 17 16 17 7 1 8 20 9
split_gain=2.8254 10.6584 12.335 8.70811 10.0585 6.825 24.7042 10.2637 9.87177 8.40833 17.3729 8.94055 16.233 12.4489 9.94381 9.5369 7.3831 6.81069 6.7401 5.31131 6.56946 5.25034 7.14287 5.11901 13.8508 44.5683 6.39323 7.93894 5.0662 4.78829 4.71665 4.63564 4.20997 3.96385 5.49411 4.55938 4.51309 7.78847 5.1426 3.8051 3.58282 7.14213 5.91459 3.39237
threshold=0.38013136288998362 0.52580367163700503 0.22500000000000003 0.13484848484848486 0.71525096525096543 0.97825059101654854 0.97801932367149769 0.83438818565400863 0.77150108774474269 1.0000000180025095e-35 0.56465997770345611 0.29285714285714287 0.65771449170872398 0.56465997770345611 0.63661757237176242 0.89091507177033502 0.56736587333602273 0.86425061425061445 0.45534290271132383 0.48714568226763355 0.68730856370301463 0.67806351061757264 0.40588235294117653 0.63818181818181829 0.64495798319327746 0.48749218261413391 0.64583333333333337 0.88201942984551696 0.26115373685706172 0.71535181236673784 0.17817460317460324 0.79961001642036134 0.61614606675890038 0.35368577810871188 0.30877573131094266 0.21483516483516488 0.6654088050314465 0.34296141814389997 0.69705627705627715 0.13392857142857145 0.22378716744913932 0.28035087719298252 0.45956843940714914 0.92380261248185791
decision_type=2 2 2 2 2 2 2 2 2 2 2 2 2 2 2 2 2 2 2 2 2 2 2 2 2 2 2 2 2 2 2 2 2 2 2 2 2 2 2 2 2 2 2 2
left_child=1 33 3 43 21 7 -7 9 32 10 16 13 29 17 -15 -14 18 -11 -2 -12 -21 30 -23 -9 25 -25 -26 -28 -6 -13 -5 -30 -8 34 39 -36 37 -37 -38 40 41 -1 -42 -3
right_child=5 2 -4 4 28 6 8 23 -10 11 19 12 15 14 -16 -17 -18 -19 -20 20 -22 22 -24 24 26 -27 27 -29 31 -31 -32 -33 -34 -35 35 36 38 -39 -40 -41 42 -43 -44 -45
leaf_value=0.002649620095829953 0.0027714717293308884 -0.014101108078507984 0.1054328343878487 0.16564658575279931 0.12766800034361725 -0.13320575824418648 -0.038918017783209725 0.057390831370747922 0.066743610283759205 -0.044148974420824542 0.098114391465077 0.023329995344971693 -0.079376209041659873 0.0053948127925380332 -0.12085732534931348 0.027144700219107313 0.1457186001181594 0.093656291202329434 -0.068351518288412891 -0.0010935974997160873 0.094349577653060304 0.12930871904069635 -0.0091607735604872665 -4.7432118037181583 0.058305675398729648 0.080053514825437516 -0.27248316063080202 -0.015482664673844838 -0.067117040193563834 0.092170179285132187 -0.063878955062884796 0.16509106883734792 0.00061361496985355365 -0.064630072687380538 -0.17456231780743672 0.16412244358511505 0.19451314632197483 -0.081507949094698606 0.047154570139420406 0.085015068911612882 0.051617796619955254 0.13372098663506682 -0.018312545545532046 0.10832434451629498
leaf_weight=493.44232745241607 34.185806697205408 2.2543173101876155 4.6481916410266413 0.59539776429301028 0.89624185999855299 9.0369206981122243 18.643782432889566 45.124626954093401 13.976450869224207 4.3813100029365177 16.749652404134395 18.036169420927767 15.316067628577004 5.5896706530984401 13.973841489496406 8.291156225561279 1.9065901365829621 4.8208944247453474 11.361749970092204 11.69868323786068 7.6230515499337335 2.4832094905432305 59.803190740814898 0.01658219040837039 6.9971647725469648 0.047049542292370461 0.90549860622559197 5.1129399467172334 46.181428644747939 10.081003512605092 15.229443730800993 0.55685268499655549 229.19059202081553 5.6707827961072317 0.63255306045175785 1.0596518466190925 1.6389947468414927 3.7494923021877185 20.1476285608951 3.4285022486001244 8.4024045327678305 2.6751002584933294 98.272991568897851 4.05281244503567
leaf_count=13815 2323 139 207 27 16 1251 1738 14864 26430 254 294 1677 2443 1167 586 2455 19 180 361 496 1548 49 1080 2 13213 82 1035 4938 9793 1460 5796 28 12392 560 19 43 40 1250 229 75 107 81 5337 60
internal_value=0.000630165 -0.00237931 -0.0226543 -0.0271629 -0.0317638 0.00536545 -0.00315999 0.0157565 0.0013288 0.00551453 0.0232958 -0.0129373 0.00694607 -0.0486902 -0.0847847 -0.0419647 -0.00851395 0.0280451 -0.01497 0.0651436 0.0365618 -0.0140947 -0.00364033 0.0446179 0.000549956 -1.17687 0.00630623 -0.0541494 -0.0607376 0.0480116 -0.0552432 -0.0643504 -0.00236022 0.00195729 0.0025534 0.0377085 0.0427571 -0.0273855 0.0582403 0.000974415 0.000496417 0.00335637 -0.0128044 0.0645666
internal_weight=1268.89 775.822 136.701 132.053 125.746 493.067 270.848 222.22 261.811 164.016 83.5255 80.4901 51.7244 28.7657 19.5635 23.6072 47.4541 9.2022 45.5476 36.0714 19.3217 78.1112 62.2864 58.2039 13.0792 0.0636317 13.0156 6.01844 47.6345 28.1172 15.8248 46.7383 247.834 639.12 633.45 27.2283 26.5958 4.80914 21.7866 606.221 602.793 496.117 106.675 6.30713
internal_count=129959 38751 17195 16988 16789 91208 41811 49397 40560 15263 5041 10222 8035 2187 1753 4898 2703 434 2684 2338 2044 6952 1129 34134 19270 84 19186 5973 9837 3137 5823 9821 14130 21556 20996 1581 1562 1293 269 19415 19340 13896 5444 199
is_linear=0
shrinkage=0.08


Tree=116
num_leaves=45
num_cat=0
split_feature=14 17 17 14 3 4 8 8 16 22 14 9 12 0 1 18 16 16 20 9 15 16 17 16 2 2 16 8 17 2 20 9 8 5 9 12 15 15 15 14 4 18 2 18
split_gain=2.77739 3.51602 5.55548 27.8919 3.73468 3.89242 3.9699 3.82479 3.27622 3.19463 4.49723 5.5449 7.22196 4.42542 8.7957 5.37066 4.0375 3.55019 3.87299 3.36353 3.03164 6.75845 3.71883 2.81769 2.80196 3.99266 2.7816 6.91169 5.25086 4.42122 4.00247 3.84206 2.74084 1.80828 1.78412 1.02066 0.93325 1.58847 0.863518 7.82315 53.0268 0.696863 0.983418 0.605379
threshold=0.77097902097902116 0.94757979285563321 0.94908607510800946 0.78759398496240618 0.77003205128205143 0.36474501108647456 0.27072835547411828 0.11215932914046124 0.97624689686301069 1.0000000180025095e-35 0.67424242424242431 0.79814814814814827 0.075710532600907557 0.78888888888888908 0.79337712096332802 0.84807692307692317 0.94290004290004292 0.97067423460612334 0.99717514124293805 0.12861869313482219 0.37053001277139214 0.3385429385429386 0.40749517289801657 0.94923064906662513 0.92727671451355687 0.92810366960366963 0.94290004290004292 0.03670033670033674 0.92089677095532896 0.42577314326540344 0.96441236068895653 0.23582887700534763 0.43826219512195125 0.1680790960451978 0.93582704186684984 0.070802005012531324 0.90818791284629807 0.90940656565656564 0.98557658969558304 0.70710784313725505 0.37248718959400873 0.89181286549707617 0.77832221734599727 0.82843137254901966
decision_type=2 2 2 2 2 2 2 2 2 2 2 2 2 2 2 2 2 2 2 2 2 2 2 2 2 2 2 2 2 2 2 2 2 2 2 2 2 2 2 2 2 2 2 2
left_child=8 35 3 -3 5 6 7 -4 9 10 16 13 -13 15 -15 -12 20 43 -19 -11 22 -22 -1 -14 32 -26 28 -28 30 -29 -21 -30 -7 -6 -8 -2 -37 -38 -10 40 -40 42 -35 -18
right_child=1 2 4 -5 33 24 34 -9 38 19 11 12 23 14 -16 -17 17 18 -20 26 21 -23 -24 -25 25 -27 27 29 31 -31 -32 -33 -34 41 -36 36 37 -39 39 -41 -42 -43 -44 -45
leaf_value=-0.0011098983210687512 -0.058685261333168696 -2.7339007885677948 0.037956201628278223 0.043689110965504041 -0.11935368966489916 -0.058717164821818317 0.060716706756746806 -0.025513384703811464 0.085052543476532905 -0.10603325015513738 -0.083110479162986181 -0.62921383401216791 0.028844963000766013 -0.69251292679109777 -0.080844672740932669 -0.0072073525645296012 0.094343975718452266 0.087988920609083573 -0.24448009269524243 0.0010292517712916997 -0.13728725185169866 -0.0060338715254557185 0.026594275110874956 -0.068561799560179257 -0.67019833742473001 0.08012228283001506 -0.68982569622466994 0.061174237947917119 -0.068316386679292962 -0.06746960052012009 0.028685389412530782 0.042943396287221582 0.02379926872109937 -0.11490221241088223 -0.039018756274124294 0.074325891466958907 -0.17878411199867691 0.054682474498160681 -4.8663717650438398 0.081333359666846128 0.080118015143212581 0.080245815985657623 0.080241811629507553 -0.0022673455916399159
leaf_weight=120.55330461736594 0.43979074480011959 0.028423272917278974 9.4022529268404487 0.12442709978495259 0.33075552992522617 8.09740815032273 11.695412718108853 17.179268588544801 3.6278029449313172 1.7728930234443385 12.72926548357646 0.11272292654029925 12.164305158861678 0.20408383972244237 0.57261451176600531 11.228955245576797 4.886356659786542 0.42919563292525698 0.46960367191059049 464.07638823604066 2.5254306764691128 432.39961307904014 41.748408059749636 2.252574086218373 0.10511901229620058 0.079879645141772926 0.10363620496354897 2.3454554476775211 2.1217210343747857 6.3088075591731467 36.095700969060999 31.146602869230264 3.7783042311493782 0.2947510797966969 1.2728327112272371 8.4987135902192641 0.25807546039141094 0.67261674286419293 0.016171532217413076 0.88395687892625574 0.097463274491019547 6.3519095705269137 0.37624821485951543 0.45363502558029711
leaf_count=5193 23 21 1749 110 9 130 278 466 1515 90 504 15 3123 21 115 1038 1140 100 63 38846 530 30628 1924 572 1 73 6 58 35 2218 4172 10562 1318 44 19 3512 10 488 2 467 126 17790 829 26
internal_value=0.000631956 0.0162384 0.00885903 -0.472817 0.0101077 0.0025078 0.0146402 -0.00306331 -0.000271767 -0.000533684 -0.00435228 -0.0305869 0.00863834 -0.0536282 -0.241566 -0.0475355 -0.00264532 0.0613782 -0.0857191 0.00397818 -0.00331413 -0.00679601 0.00601637 0.0136256 -0.0372769 -0.346221 0.0043379 -0.0403821 0.0050721 -0.0326049 0.0030251 0.0358477 -0.0324642 0.063446 0.0509277 0.0604412 0.0659973 -0.0100564 0.0669264 0.00100949 -0.623824 0.0720552 -0.00547946 0.0861368
internal_weight=1260.31 68.9862 59.117 0.15285 58.9641 51.6105 39.5498 26.5815 1191.33 1186.7 642.73 39.2645 14.5296 24.7349 0.776698 23.9582 603.466 6.23879 0.898799 543.971 597.227 434.925 162.302 14.4169 12.0607 0.184999 542.198 8.7579 533.44 8.65426 500.172 33.2683 11.8757 7.35366 12.9682 9.8692 9.42941 0.930692 4.62539 0.997592 0.113635 7.02291 0.670999 5.33999
internal_count=129959 26870 22837 131 22706 4034 2512 2215 103089 100979 44992 5388 3710 1678 136 1542 39604 1329 163 55987 38275 31158 7117 3695 1522 74 55897 2282 53615 2276 43018 10597 1448 18672 297 4033 4010 498 2110 595 128 18663 873 1166
is_linear=0
shrinkage=0.08


Tree=117
num_leaves=45
num_cat=0
split_feature=1 19 19 0 19 8 18 2 0 2 12 15 15 15 20 9 23 23 17 8 8 20 9 15 9 23 23 8 3 12 23 9 15 9 15 20 11 23 18 8 1 9 16 20
split_gain=2.68052 2.69106 9.29904 7.33378 4.88858 5.85368 6.0475 4.64328 6.94722 6.30848 7.99285 4.58097 4.92765 4.53857 7.62158 6.05018 5.52704 5.40569 14.8252 10.9453 4.28408 3.46522 3.38428 4.00248 3.31399 3.28236 4.578 4.16619 4.71111 8.97016 4.1821 3.80677 5.78702 5.42732 3.3671 3.23963 3.02303 2.99925 2.55597 2.4966 5.5462 15.7347 2.12613 1.81372
threshold=0.044949494949494913 0.30952380952380959 1.0000000180025095e-35 0.38750000000000007 0.19090909090909094 0.55245781364636837 0.65476190476190488 0.54327928406875781 0.35416666666666669 0.84421443114941586 0.67006802721088454 0.45965237427369271 0.45724037055095085 0.68769904458598741 0.78307569902250529 0.96824596774193561 0.44755117840417297 0.37818938343210196 0.69705627705627715 0.039607843137254913 0.033615819209039562 0.66789215686274517 0.78629976580796257 0.42182185374149667 0.53378995433789966 0.28667349726775965 0.29514183814730527 0.035401002506265662 0.10933997509339978 0.1021295089091699 0.25961330908617036 0.48038461538461547 0.74020861028735052 0.48749218261413391 0.50108225108225113 0.4839989759344599 1.0000000180025095e-35 0.18390470563617797 0.24264705882352944 0.83047895500725699 0.78979857050032498 0.65751879699248128 0.43218209692530452 0.62544964028776995
decision_type=2 2 2 2 2 2 2 2 2 2 2 2 2 2 2 2 2 2 2 2 2 2 2 2 2 2 2 2 2 2 2 2 2 2 2 2 2 2 2 2 2 2 2 2
left_child=-1 2 25 7 37 6 20 13 9 10 -9 12 22 14 15 -3 -16 19 -19 -15 -6 -8 23 -5 -7 27 35 30 29 -29 -2 32 -28 -33 -30 -27 -11 -4 -24 40 43 -42 -26 -13
right_child=1 3 4 11 5 24 21 8 -10 36 -12 39 -14 17 16 -17 -18 18 -20 -21 -22 -23 38 -25 42 26 31 28 34 -31 -32 33 -34 -35 -36 -37 -38 -39 -40 -41 41 -43 -44 -45
leaf_value=-0.078195499762091225 -0.11567485785338277 0.002885787150100805 0.065616149082104655 -0.014867447215794492 0.15664354363164154 -0.21787517150097049 0.052608390266853877 -0.010318237120431987 -0.58311289952722078 -0.078305965438604047 -0.10618160620451404 -0.023876753687363476 -0.26138227030901917 0.10394754658025464 -0.035454904441664319 0.044596361685403298 0.019493234768344751 0.27195883420428224 0.022099519363448325 -0.046667234363418311 -0.058438244098160348 -0.043826971158226764 -0.00098932330814074433 -0.20777776216861465 -0.014891879555073735 0.027272047246538596 0.02772427293815671 0.032799322185334427 -0.016747041812202434 0.18382607629950604 0.056814362545529677 -0.11475669369289301 -0.0089953058125523972 -0.0035828347689176063 0.045960666102239069 -0.11679085286270142 0.076284217818598815 -0.095873505789133062 0.07253379336509512 0.075428918314284582 -1.4199776127017416 -0.035782739594036765 0.098516033054767735 0.064593436106929247
leaf_weight=2.7511792615114237 2.7361398869834366 178.72723424539436 0.79671198493451711 5.6907101528922857 0.60610664277919823 0.27367182396119361 6.6547000217251462 118.2133972105803 0.13569379779801138 0.91439583554892934 5.8414882262586607 1.6826973108836707 0.44321442888030915 3.7816588066052672 51.798624214759911 25.422211273573339 15.139953794016035 1.5414213942131016 108.41420308420493 16.833813377888873 26.781595421678503 3.7165574608370662 6.4685501506901328 0.78304876197944384 1.4550741049461065 1.373049032408743 64.902073399774963 21.549040135403633 18.648794441833164 2.8497947754804036 1.3402572862105442 2.8283754984731777 47.625558296975214 440.868898671848 7.7607651767029884 3.6672572298557498 7.0624236686780932 9.6659095812501601 5.686309295007959 15.120589646357983 0.053321921936002936 3.6710586498811608 3.8769415524875512 12.499708311013817
leaf_count=440 56 4482 38 337 34 20 54 10532 29 644 1002 309 59 130 4701 444 381 25 4038 417 6617 63 78 187 81 17 1958 407 428 31 19 170 529 29994 177 89 6996 2528 1722 37055 77 4024 253 8287
internal_value=0.000684165 0.000856959 -0.00260614 0.00481684 -0.0344937 -0.0226515 -0.0339765 0.00202077 -0.010986 -0.010398 -0.0148322 0.0334663 0.00224914 0.00630069 0.000398831 0.0080799 -0.0230269 0.018554 0.0256022 -0.0190388 -0.0536784 0.0180506 0.00852149 -0.0382014 0.0536323 0.000179577 -0.00164634 0.0188519 0.025095 0.0504393 -0.058963 -0.000958567 0.0121833 -0.00429152 0.00168037 -0.0775461 0.0585633 -0.0835763 0.0334064 0.0514929 0.0312812 -0.0556002 0.0675677 0.0540967
internal_weight=1258.65 1255.9 669.977 585.926 53.8273 43.3646 37.759 533.827 132.167 132.032 124.055 52.0992 19.0718 401.659 271.088 204.149 66.9386 130.571 109.956 20.6155 27.3877 10.3713 18.6286 6.47376 5.60569 616.15 561.265 54.8848 50.8084 24.3988 4.0764 556.225 112.528 443.697 26.4096 5.04031 7.97682 10.4626 12.1549 33.0274 17.9068 3.72438 5.33202 14.1824
internal_count=129959 129519 43563 85956 9688 7122 6768 33821 19203 19174 11534 52135 2383 14618 10008 4926 5082 4610 4063 547 6651 117 2324 524 354 33875 32757 1118 1043 438 75 32651 2487 30164 605 106 7640 2566 1800 49752 12697 4101 334 8596
is_linear=0
shrinkage=0.08


Tree=118
num_leaves=45
num_cat=0
split_feature=8 1 7 14 20 8 5 3 16 0 3 0 12 3 17 2 4 9 8 5 8 8 2 3 5 2 8 9 7 0 4 14 7 23 18 2 4 15 16 18 14 20 14 17
split_gain=2.58548 9.21098 11.1211 8.83854 6.42073 6.32797 22.2116 9.22024 8.44821 7.58106 15.6449 7.20454 13.6173 10.3326 8.18992 7.6682 6.71954 6.00731 5.65998 5.09907 5.23083 4.59111 5.52377 4.46693 4.40303 4.28831 3.9954 4.97275 3.91531 3.79416 5.42877 3.72297 6.08763 5.00188 4.91311 4.69327 3.5257 14.5963 29.6562 3.49874 4.95176 5.1159 5.40092 4.40898
threshold=0.38013136288998362 0.3246621621621622 0.22500000000000003 0.4188596491228071 0.26639784946236561 0.97825059101654854 0.97801932367149769 0.83438818565400863 0.77150108774474269 1.0000000180025095e-35 0.56465997770345611 0.29285714285714287 0.65771449170872398 0.56465997770345611 0.63661757237176242 0.89091507177033502 0.56736587333602273 0.86425061425061445 0.45534290271132383 0.27072835547411828 0.14907407407407411 0.48714568226763355 0.68730856370301463 0.71535181236673784 0.73765182186234834 0.50368069933287329 0.13484848484848486 0.92380261248185791 0.13392857142857145 0.5634920634920636 0.73375527426160347 0.63818181818181829 0.35416666666666669 0.77334765485141432 0.91833333333333345 0.88572330447330461 0.54641148325358857 0.91493668705314846 0.93110428591372341 0.18898809523809526 0.09232954545454547 0.60221163245356812 0.087595907928388769 0.37709601873536308
decision_type=2 2 2 2 2 2 2 2 2 2 2 2 2 2 2 2 2 2 2 2 2 2 2 2 2 2 2 2 2 2 2 2 2 2 2 2 2 2 2 2 2 2 2 2
left_child=1 28 3 4 -3 7 -7 9 29 10 16 13 23 17 -15 -14 18 -11 -2 -5 -21 -12 -23 -13 -9 -22 27 -6 39 -8 -31 32 33 -26 35 -33 37 -10 -39 -1 41 43 -43 -41
right_child=5 2 -4 19 26 6 8 24 36 11 21 12 15 14 -16 -17 -18 -19 -20 20 25 22 -24 -25 31 -27 -28 -29 -30 30 -32 34 -34 -35 -36 -37 -38 38 -40 40 -42 42 -44 -45
leaf_value=-0.038730430703123951 0.0026643701689995926 0.040481282255297207 0.10528035815995442 0.13742031860410783 -0.12077614142780624 -0.13038260637011065 -0.034773680851423253 0.098620163153308363 0.080502034664865968 -0.040787155661585514 0.09454694126546849 0.021296790991680199 -0.070642595071911757 0.0059295758970533208 -0.10873961701891932 0.025627041892393298 0.14424648476378726 0.089961486904262297 -0.062944520710809054 0.082309633158788281 0.044302119739275544 0.0031806280733675985 0.091830753780509561 0.089723278299143491 -0.035345207015147255 -0.031392342562949073 -0.074507213592929902 0.11426210952065771 0.076341298810520486 0.031454711894680215 -0.0041205635544675568 0.080764414336219559 0.068883820150597033 0.082071440845392821 0.080182501697019751 -0.06655776586326223 0.070971445714862413 -3.7662833826973721 0.080152187921955775 -0.042846500376226601 6.1993844536116312e-06 -0.08131593396715385 0.20915735205621297 0.04560516492933079
leaf_weight=14.267517597618278 33.998511960991891 3.8519887002184978 3.9370820716721928 1.512187149375676 0.89834271826839485 8.4845983350096486 20.846153387712548 7.9127788225305258 0.20661782436945841 4.3393548839376326 16.052792399073951 17.564642210054448 15.665675868687687 5.5487276666608549 14.156325386196839 7.9992897181218714 1.7951803335454304 4.66860030090902 11.183417087668202 3.4502219737041733 5.597042743000201 11.95049410723732 7.2137880316731744 9.3591750529594702 8.1087816561193886 33.221209172916133 36.4471946161284 1.6060576979944015 4.3805914825934442 31.952794324606657 194.92542072719516 1.7375246765805039 25.032878846242966 3.2536333968600948 3.1600453355713389 6.8008685281456565 12.413015032376277 0.020797511111595668 0.033480353245977312 4.7115696036489743 635.68929850982386 0.52032548148417768 1.9263868963753339 15.37976633213111
leaf_count=4486 2323 39 143 18 126 1251 939 4138 87 254 294 1677 2443 1167 586 2455 19 180 361 51 42 496 1548 1460 1033 542 13241 30 180 880 12311 1510 9069 2867 9577 5940 26298 11 34 106 19176 160 117 294
internal_value=0.000641262 -0.00225095 -0.0262178 -0.0321972 -0.0580473 0.00520446 -0.0030025 0.0153501 0.00114794 0.00565024 0.0226756 -0.011996 0.00617015 -0.0440026 -0.07645 -0.0381013 -0.00754414 0.0269766 -0.0135751 -0.00692404 -0.0120881 0.0629865 0.0365502 0.045083 0.04332 -0.0204783 -0.067791 0.0299525 0.000954243 -0.00211136 0.000889743 0.0342216 0.0468408 -0.00172289 -0.00503829 -0.0365784 0.0648543 -0.226192 -1.39368 0.000463176 0.00131272 0.0381635 0.147384 0.0248626
internal_weight=1253.78 767.397 90.5213 86.5842 42.8036 486.385 268.883 217.502 260.398 161.496 82.1942 79.3018 50.5888 28.713 19.7051 23.665 46.9771 9.00796 45.1819 43.7807 42.2685 35.2171 19.1643 26.9238 56.0065 38.8183 38.9516 2.5044 676.875 247.724 226.878 48.0937 36.3953 11.3624 11.6984 8.53839 12.6739 0.260896 0.0542779 672.495 658.227 22.538 2.44671 20.0913
internal_count=129959 38751 14232 14089 13436 91208 41811 49397 40560 15263 5041 10222 8035 2187 1753 4898 2703 434 2684 653 635 2338 2044 3137 34134 584 13397 156 24519 14130 13191 29996 12969 3900 17027 7450 26430 132 45 24339 19853 677 277 400
is_linear=0
shrinkage=0.08


Tree=119
num_leaves=45
num_cat=0
split_feature=5 1 8 8 1 7 8 8 5 15 3 0 3 14 20 7 2 3 5 3 20 4 18 3 19 14 23 18 18 17 18 8 15 17 18 4 17 19 19 9 20 0 14 17
split_gain=2.39857 3.01791 2.56527 2.35706 8.19477 10.548 9.68464 5.37782 20.1661 8.37785 8.29594 6.49289 13.739 6.3295 5.3067 4.25177 4.37733 6.50142 4.17675 4.14341 3.66586 3.6354 3.09571 2.60055 2.59787 3.45433 1.98902 1.8132 1.64034 1.54889 1.40451 0.819191 0.783718 0.569802 0.561427 0.542558 0.672776 0.530359 0.0948774 0.081071 0.0201575 0.0196424 0.0182585 0.00669447
threshold=0.050641025641025628 0.055946791862284857 0.059262510974539058 0.38013136288998362 0.35767590618336892 0.22500000000000003 0.14907407407407411 0.97825059101654854 0.97801932367149769 0.59102104791759968 0.83438818565400863 1.0000000180025095e-35 0.56465997770345611 0.11882352941176472 0.26639784946236561 0.13392857142857145 0.56391202358004688 0.45512082853855013 0.73765182186234834 0.55848153214774288 0.73931311655096832 0.87206764866339348 0.162280701754386 0.84660633484162906 0.93750000000000011 0.087595907928388769 0.64616960100831078 0.46862745098039221 0.57738095238095244 0.86121248986212506 0.79285714285714304 0.35388994307400384 0.27374686716791985 0.82548911037283146 0.42261904761904767 0.30245854774156666 0.82548911037283146 0.30952380952380959 0.13392857142857145 0.86754385964912295 0.98222187104930481 0.11805555555555557 0.45804195804195807 0.79324593901396423
decision_type=2 2 2 2 2 2 2 2 2 2 2 2 2 2 2 2 2 2 2 2 2 2 2 2 2 2 2 2 2 2 2 2 2 2 2 2 2 2 2 2 2 2 2 2
left_child=30 2 27 4 15 6 19 10 24 20 11 12 -5 -13 -8 16 22 -18 23 -6 -10 -20 -3 -12 29 -26 -11 32 -29 -9 39 34 -2 -33 -7 41 -37 -30 -4 40 42 -17 -1 -39
right_child=1 3 38 7 5 31 14 8 9 26 18 13 -14 -15 -16 35 17 -19 21 -21 -22 -23 -24 -25 25 -27 -28 28 37 -31 -32 33 -34 -35 -36 36 -38 43 -40 -41 -42 -43 -44 -45
leaf_value=-0.082378195539313318 0.077774105561493279 -0.048401519477107871 -0.12515401652665112 -0.0069637846821400621 -0.1555889835526901 0.16098542959051218 0.051407674086258334 -0.090350627027380864 -0.00027512858552688427 -0.1368780866576515 0.20955565964603232 0.051445146744688995 0.059744696898600402 -0.019195876268005976 -0.056311166408301902 0.095110629897931995 -0.055437833421226219 0.027621225108563519 0.020750146474205873 0.077358857432855269 -0.037443778470637568 0.07453548786852314 0.0017141244077119131 0.077367745940909019 -0.094344403802072319 -0.51061291718498203 0.050800815763472923 0.16716978866154214 -0.006551965451764675 -0.16783941148839901 -0.0051229939623641261 -0.067801008985242786 -0.090928838549349411 0.082873167369684392 0.090039381106680957 -0.067466981303497126 0.081828341470179158 0.074288364577141386 -0.06193543365771851 -0.11840256774382212 -0.046987674513540245 0.082929572520995198 -0.1007018109800827 0.085960097901026086
leaf_weight=1.8054385538125646 0.27496068365871806 7.9852822717220979 0.29687394568463776 46.7586148987466 0.53579886371153307 1.2978758130921049 3.1154452096670857 5.0123719991388489 219.22055710549466 0.36735539500660053 1.1232968035765214 9.1836236337840074 34.220100849590381 69.942267887177877 48.387025764328428 1.1995427939109493 20.271991977802831 8.5858021416352113 36.162892008840572 5.5562514000630472 18.408575961009774 10.343069836286302 650.77522558893543 6.264125220644928 0.25522779836319376 0.25510943688277621 22.290423699298117 1.5744697332847866 0.5619514910504223 2.4617169604898663 2.1121820388361812 0.26346954659675237 0.49083840477396734 0.41152557550230995 1.5864637620397841 0.35560858278768126 0.42292437664582394 0.41663442831486475 0.31119681814743672 0.55725848884321738 0.088525463099358492 2.8846776710706763 0.43114594835788 1.2829898493364451
leaf_count=562 2 3306 8 2703 51 7 28 1136 6255 104 259 1556 2338 8666 10378 10 2625 500 14581 212 6908 15415 20461 3879 4 59 27293 9 9 52 27 7 62 40 67 27 43 8 38 8 39 145 4 68
internal_value=0.00064705 0.000869704 0.0616293 0.000613574 -0.00218121 -0.030253 -0.0385125 0.00498093 -0.00256418 0.00127739 0.0144396 0.00530092 0.021226 -0.010997 -0.0497951 0.000297849 -0.000229306 -0.030726 0.0415885 0.056871 -0.0031545 0.0327122 0.00110664 0.0974676 -0.127797 -0.30243 0.0477579 0.082035 0.104472 -0.115873 -0.054681 0.103397 -0.0303559 0.0240608 0.121963 0.0748403 0.0136351 0.0608227 -0.0928002 -0.0909968 -0.0844285 0.0865072 -0.0859104 0.083099
internal_weight=1246.11 1241.11 5.20992 1235.9 753.635 61.1539 57.5945 482.269 268.271 260.287 213.998 160.105 80.9787 79.1259 51.5025 692.481 687.618 28.8578 53.8934 6.09205 237.629 46.506 658.761 7.38742 7.98443 0.510337 22.6578 4.60184 3.83605 7.47409 4.99455 3.55933 0.765799 0.674995 2.88434 4.86275 0.778533 2.26158 0.608071 2.88237 2.32511 4.08422 2.23658 1.69962
internal_count=129959 129319 204 129115 37907 10790 10669 91208 41811 40560 49397 15263 5041 10222 10406 27117 26892 3125 34134 263 13163 29996 23767 4138 1251 63 27397 158 94 1188 640 121 64 47 74 225 70 85 46 613 605 155 566 76
is_linear=0
shrinkage=0.08


Tree=120
num_leaves=45
num_cat=0
split_feature=16 14 14 14 23 20 17 7 4 0 8 15 1 20 23 16 16 15 15 17 6 2 16 17 20 3 8 9 20 15 8 17 15 16 3 3 4 3 4 3 23 4 3 15
split_gain=2.25288 7.29156 6.03223 6.63813 4.52902 3.45586 11.1353 4.92326 6.68098 6.23018 6.10251 16.7438 6.24661 5.61086 11.8952 4.21304 8.51589 4.43713 3.59162 4.69826 4.2415 3.44664 3.34915 8.49115 7.05208 3.29423 2.72598 2.66248 2.5597 6.701 7.30342 3.60839 2.66356 7.40153 2.58859 2.15263 4.11555 2.12477 1.9215 2.0174 1.79474 1.3879 5.08919 1.1557
threshold=0.81977395377252837 0.37715517241379315 0.4045454545454546 0.43167701863354041 0.925006047411708 0.72104203935599298 0.45476087893149514 0.2678571428571429 0.71148775894538618 0.19090909090909094 0.70659971305595415 0.83151981076286241 0.22378716744913932 0.75655034324942794 0.75339636888932671 0.79422194409678781 0.79082906319800295 0.43379868681073502 0.40586884775434073 0.45727098014093537 1.0000000180025095e-35 0.50976062923431353 0.84487368615157676 0.84756987316197119 0.96441236068895653 0.74464204286365721 0.22401433691756276 0.18301435406698566 0.71199280945043675 0.67507961783439507 0.0439613526570048 0.69705627705627715 0.56615139804501025 0.70861642294713179 0.10367218987908645 0.40270270270270275 0.67962264150943408 0.34960317460317464 0.64747307373653695 0.45512082853855013 0.49730696707440897 0.29818990155604957 0.40967365967365971 0.87526824034334771
decision_type=2 2 2 2 2 2 2 2 2 2 2 2 2 2 2 2 2 2 2 2 2 2 2 2 2 2 2 2 2 2 2 2 2 2 2 2 2 2 2 2 2 2 2 2
left_child=5 35 43 21 22 15 -7 8 10 -9 12 -12 -8 14 -10 16 28 -17 19 -11 -20 40 24 -24 -5 -15 -23 -19 32 30 -30 -31 34 -34 -1 -2 38 -28 39 -37 -4 -29 -43 -3
right_child=1 2 3 4 -6 6 7 9 13 18 11 -13 -14 25 -16 17 -18 27 20 -21 -22 26 23 -25 -26 -27 37 41 29 31 -32 -33 33 -35 -36 36 -38 -39 -40 -41 -42 42 -44 -45
leaf_value=0.018852211280140498 0.12340125312366361 -0.1089447947585494 0.066738901965365291 0.0025312709989419291 0.080069715220022916 -0.084339641672793328 0.0027044175360868544 -0.48786597216082445 -0.91848515884286497 0.37313334339829529 0.17304333573616287 -1.1120788440482252 -0.021474094846161015 -0.20962702324519328 -0.111006007407215 0.33426000075795925 -0.24095629097798557 -0.21356728203760103 0.03649439622036612 0.065837264623298197 -0.011305589542637924 -0.25366647813678012 -0.15674328248622441 -0.00015987771615963144 0.082889683137800457 -0.029166007255061164 -0.16920870635342741 0.090402741313789545 0.13895231877525763 0.37267757917482625 -0.043511875810471869 0.10962828214895906 -0.022257283588617126 0.032536033941761903 0.0015521910783466131 -0.097011699854532479 0.10983164576461135 0.047331732842944632 -0.27229177211765082 0.082498951511040572 0.15688149010386773 -0.44493799846210941 0.04406198310192453 -0.0059324795771898246
leaf_weight=62.923394248544355 3.9895789469592255 3.496001918516412 2.8627061913721246 24.976049759905436 4.8682056301549883 11.69336426972586 146.24712674200418 0.15545500279404123 0.16397017618873988 0.35085885378066395 1.963864324257883 0.067102329834597074 128.44882244022301 0.85432671121088821 0.40551620782207465 0.37577367437188414 0.92429733439348538 0.23427213728427876 24.565476648414915 3.444261265307432 23.00846281307895 0.22448972985148419 2.2420149244207996 194.26395616697118 9.7052235687078774 2.6727545825124253 0.31197958439588536 3.6960603572661057 1.8639911033242222 0.38447671127505634 5.6884812299977057 2.5295015020674327 75.93889529601438 19.915675306598132 460.15241516898823 0.91790702193975426 2.4454315809198306 4.118400126164488 0.21657219657208759 0.71105688155512325 2.7925038823595969 0.14747217297554005 1.7836852515756616 0.87060296678828297
leaf_count=1130 34 173 33 2641 22356 11370 3891 6 18 10 574 80 14609 35 57 10 120 1 5127 270 5398 3 125 30648 595 401 2 63 39 11 788 158 2959 1964 19758 9 930 2379 19 142 16 1 932 74
internal_value=0.00060254 0.00723846 0.00479917 0.00645116 0.00370676 -0.00115025 -0.00761031 -0.00491065 -0.00908137 0.0178209 -0.00758003 0.130583 -0.00860154 -0.110498 -0.343501 0.00234122 0.0016938 0.0677675 0.0193513 0.0942468 0.0133766 0.0692858 0.00209875 -0.0019464 0.0250188 -0.0728771 0.0183025 0.050683 0.00205014 0.0412824 0.00152128 0.144336 0.0013867 -0.0108729 0.0036333 0.0810994 0.0417688 0.0320833 -0.048418 -0.0186537 0.111251 0.0616843 0.00671967 -0.0884065
internal_weight=1239.61 259.013 250.732 246.366 236.055 980.6 344.041 332.348 280.823 51.5245 276.727 2.03097 274.696 4.09657 0.569486 636.558 630.321 6.23726 51.3691 3.79512 47.5739 10.3101 231.187 196.506 34.6813 3.52708 4.65487 5.86149 629.397 10.4665 7.55247 2.91398 618.93 95.8546 523.076 8.28055 4.29097 4.43038 1.84554 1.62896 5.65521 5.62722 1.93116 4.3666
internal_count=129959 60179 59045 58798 56365 69780 41846 30476 19665 10811 19154 654 18500 511 75 27934 26927 1007 10805 280 10525 2433 34009 30773 3236 436 2384 997 26807 996 827 169 25811 4923 20888 1134 1100 2381 170 151 49 996 933 247
is_linear=0
shrinkage=0.08


Tree=121
num_leaves=45
num_cat=0
split_feature=19 19 10 19 8 18 15 17 8 8 16 3 15 15 3 15 20 15 20 16 14 14 20 18 3 15 15 16 14 15 8 9 12 1 9 16 8 4 9 12 9 15 14 20
split_gain=2.37789 7.80743 6.06862 4.50226 4.8722 5.21151 4.04077 3.46478 3.69898 3.35673 3.53662 6.36642 4.74604 6.18952 3.27706 3.16552 3.01302 2.99989 3.4839 5.76 6.83358 4.66265 5.51756 6.4727 4.65701 4.69255 4.23843 9.00761 5.75416 4.18661 3.39754 2.81513 2.79329 8.23382 7.74866 10.8607 11.4335 6.75592 9.23164 6.95237 6.49831 6.98522 4.67849 8.10169
threshold=0.30952380952380959 1.0000000180025095e-35 0.63333333333333341 0.19090909090909094 0.55245781364636837 0.65476190476190488 0.45965237427369271 0.30996833715471123 0.033615819209039562 0.039607843137254913 0.62580860565084939 0.10367218987908645 0.38004524886877833 0.36787031012795496 0.093933823529411778 0.45724037055095085 0.66789215686274517 0.96984848484848496 0.91693205944798317 0.89482604817127576 0.82480818414322254 0.70710784313725505 0.93156539046950015 0.88562091503267981 0.097960815673730509 0.90630852059925104 0.71946832777680303 0.76349757113115901 0.37715517241379315 0.70620204603580572 0.20761494252873566 0.53378995433789966 0.10367218987908645 0.14670014347202301 0.96824596774193561 0.30028901734104052 0.04040816326530617 0.17712418300653601 0.68801229508196726 0.2184659090909091 0.93798076923076934 0.35726558664702995 0.44722222222222224 0.75521059487624853
decision_type=2 2 2 2 2 2 2 2 2 2 2 2 2 2 2 2 2 2 2 2 2 2 2 2 2 2 2 2 2 2 2 2 2 2 2 2 2 2 2 2 2 2 2 2
left_child=1 17 9 -3 5 7 15 -5 -9 10 11 12 13 -2 -14 -4 -7 18 19 26 -21 22 23 -20 -23 -26 27 -1 -28 -24 -22 -6 34 42 40 -36 -37 39 -39 -35 41 -11 43 -34
right_child=2 3 6 4 31 16 -8 8 -10 32 -12 -13 14 -15 -16 -17 -18 -19 21 20 30 24 29 -25 25 -27 28 -29 -30 -31 -32 -33 33 37 35 36 -38 38 -40 -41 -42 -43 -44 -45
leaf_value=0.001736786475562996 0.030011005901828817 -0.081553493227750254 0.0075960600379230934 0.068888459769730639 -0.18683466552761188 0.049495666022266412 0.049168867290960198 0.1277320997958554 -0.062989518368801151 0.049476294381407541 0.061482442437738975 -0.10828857573405933 0.052245277936651909 0.20133223452576637 -0.023111044683353881 -0.18907539803541976 -0.041534647212086349 0.067216594315876704 -0.0500492956246145 0.081717841509398634 -0.19039403100075789 -0.32277131469525699 -0.023382975743954752 -0.42989375975185218 -0.0052858145089149646 -0.086974254947251167 0.023266970958552805 0.069853097112107354 -0.028424102666676016 0.015870051784677701 -0.0031083805781831949 0.064088606546077537 0.025708291880290304 -0.070414143344117955 -0.41610596075525841 -0.27532912222868894 0.053027351334706929 0.012126782923922755 -0.01762077474411165 0.044297066547779054 -0.079865598754122136 -0.024165020582720877 0.057792317721152328 -0.049111258774942497
leaf_weight=395.42407117092807 4.654859282585682 9.7665299708314688 18.151391504587085 1.4638846699381272 0.30327966259210271 6.5077735385857505 30.469792027550284 0.66902945649053691 23.914707693853416 9.5854867038724461 11.60966605809517 2.6829052754910654 5.3107912446721484 1.900725958010298 12.1273947005684 0.53933481402054795 3.6223826911300421 4.1971386178047387 10.035369337856533 11.243814709698198 0.80770045705139581 0.39346571499482053 27.484274930407992 0.29556979340850453 9.3615265879925591 8.6674930250737798 17.911641795915784 12.827803267529815 59.788205952267163 47.347753753769211 2.6664528725959826 5.0667750994471135 61.089385296480032 16.712970503023829 0.33849498629570263 0.70446414221078413 18.545432854676619 162.6469296176947 113.25842006204766 4.2391088635486076 11.090766883222384 58.886751478567021 20.366338737308979 10.917809627513632
leaf_count=17955 89 2614 2324 30 20 54 50187 41 6675 201 889 157 135 17 227 59 63 1080 1009 1728 15 15 3694 8 499 277 989 811 3020 2374 497 334 786 457 6 32 576 9747 15419 145 422 2075 1863 344
internal_value=0.000567502 -0.00271118 0.00432411 -0.0326781 -0.0211891 -0.0317439 0.0312053 -0.0506793 -0.0577992 0.00181496 0.0246256 0.00858553 0.021654 0.0796839 -0.000161312 0.00192096 0.0169447 -0.000183894 -0.000652056 0.00211098 0.0514168 -0.0140069 -0.00611275 -0.0609167 -0.0504998 -0.0445577 0.000617659 0.00387709 -0.0165081 0.00145322 -0.0466501 0.0499174 2.67367e-05 0.00308035 -0.0119606 0.0331117 0.0410109 -0.00341028 -8.45112e-05 -0.0472053 -0.0230574 -0.0138559 0.023939 0.0143641
internal_weight=1235.6 659.767 575.829 51.3144 41.5478 36.1778 49.1605 26.0476 24.5837 526.669 38.2863 26.6767 23.9938 6.55559 17.4382 18.6907 10.1302 608.452 604.255 500.67 14.718 103.585 85.163 10.3309 18.4225 18.029 485.952 408.252 77.6998 74.832 3.47415 5.37005 488.382 389.231 99.1514 19.5884 19.2499 296.857 275.905 20.9521 79.563 68.4722 92.3735 72.0072
internal_count=129959 43802 86157 9831 7217 6863 52570 6746 6716 33587 1514 625 468 106 362 2383 117 33971 32891 25015 2240 7876 7085 1017 791 776 22775 18766 4009 6068 512 354 32073 28761 3312 614 608 25768 25166 602 2698 2276 2993 1130
is_linear=0
shrinkage=0.08


Tree=122
num_leaves=45
num_cat=0
split_feature=1 17 17 18 18 14 15 15 14 15 9 15 8 20 23 2 23 23 15 19 12 18 12 1 3 17 20 17 9 14 16 1 15 9 19 9 8 8 17 14 16 9 23 15
split_gain=2.25707 2.19539 7.9064 4.26357 3.69198 3.5879 3.25763 5.75044 13.1986 4.77815 4.61447 16.7103 5.59117 3.10573 2.95494 7.50399 4.3542 2.93566 2.97963 5.44298 4.74521 2.01156 1.95066 9.10243 7.3572 1.93144 1.83007 1.59672 1.39811 1.34266 0.783643 1.16235 0.455252 0.250964 0.229237 0.138427 0.101791 0.0329763 0.0112278 0.00659716 0.00324968 0.000455611 0.000242046 5.83968e-05
threshold=0.044949494949494913 0.92089677095532896 0.92203186884037958 0.79285714285714304 0.91287878787878796 0.22902097902097904 0.90418245409501619 0.90630852059925104 0.62828947368421062 0.90288488210818318 0.66939890710382521 0.95896025151583209 0.72438780609695164 0.90038167938931302 0.40912774357921922 0.41031339031339037 0.51756920888499847 0.925006047411708 0.67507961783439507 0.63333333333333341 0.34002408671216389 0.77350427350427364 0.1021295089091699 0.095811818703384968 0.11189358372456966 0.92543166520339482 0.90392307692307705 0.91962412954106909 0.52223320158102771 0.56385869565217395 0.494185260311021 0.27812939521800289 0.89749843652282701 0.89237451737451756 0.30952380952380959 0.5480030721966207 0.38327018361993598 0.51925925925925942 0.8578167115902966 0.4188596491228071 0.79422194409678781 0.79814814814814827 0.28667349726775965 0.90818791284629807
decision_type=2 2 2 2 2 2 2 2 2 2 2 2 2 2 2 2 2 2 2 2 2 2 2 2 2 2 2 2 2 2 2 2 2 2 2 2 2 2 2 2 2 2 2 2
left_child=33 4 13 14 6 -6 9 8 29 22 12 -12 -9 34 15 35 25 18 20 -20 -5 -18 24 -24 -2 -16 -15 30 -11 -8 -7 -32 -28 38 36 -4 -3 -38 41 -36 -30 42 -1 -41
right_child=1 2 3 17 5 27 7 10 -10 28 11 -13 -14 26 16 -17 21 -19 19 -21 -22 -23 23 -25 -26 -27 32 -29 40 -31 31 -33 -34 -35 39 -37 37 -39 -40 43 -42 -43 -44 -45
leaf_value=-0.080716150798522485 -0.00090631036602697741 -0.086690740802731703 0.036978028095448479 0.0070290548383341259 -0.16997224432225685 -0.017840462753190595 0.081155376021263687 -0.038716443333185968 -0.64283694571192529 0.28215553077320121 0.075137010887403405 -1.2950253291366207 -0.29900090629129944 0.44609596990548334 0.20082172965367914 -0.16879680355285737 0.040462126992216602 0.080062444948850842 -0.020797924373486439 0.0123226261835255 0.089601309195267001 -0.086991757909400377 0.065292790267677411 -0.00036108328345907007 -0.042220054090202089 0.090678279221613756 0.080898375060317967 -0.12304705558568246 0.096125565065344892 -0.11961461190877438 0.089795549682798459 0.034575901497909144 0.2423251629017254 -0.023335359379391074 0.098150357820625506 0.087680142286608656 -0.0055521455882090584 0.080165822588045374 -0.094041326147313975 0.080412457865411416 0.083769376452112201 -0.087421937299598448 -0.083455267536711425 0.082595823988944342
leaf_weight=0.65828266314201733 153.8349040808971 0.071222782135008655 0.44191685505211697 17.830787787286685 0.47841062024235625 0.78492615968570767 0.30399462211789596 3.5139056637563044 0.32853871025145043 0.43718543066643079 3.1321261051489278 0.058022029159474076 0.62162250491383009 0.29434612393379211 1.3990453312871958 1.3247189581452401 6.9652838211331982 3.1187691382074254 59.753864307858748 67.773151296358265 5.9373396915834737 0.89426362658559799 13.73788170958869 833.10834048228571 33.615057935952791 3.7502320451894775 0.1478052775200922 0.31718785992416165 0.28068563638953492 0.713605992263183 5.4794441515114141 4.3977028940207674 0.45911897944461089 0.47789577121147875 0.30145418643951416 1.5653535528108475 0.060768090188503265 0.054470147122628987 0.96518309647217382 0.14016721995722037 0.26467686294927262 0.093628994014579803 0.3008226512465626 0.17791145227965899
leaf_count=402 3402 1 5 720 4 22 87 82 35 12 1135 13 151 1 16 19 2229 17295 4693 19451 2702 225 210 72523 1315 73 81 58 2 21 253 2206 34 4 1 65 3 42 14 153 135 5 15 44
internal_value=0.000536585 0.000691066 0.00905928 0.00734652 -0.000676367 0.0444886 -0.00117207 -0.0500007 -0.201973 -0.000763062 -0.0220748 0.0502167 -0.0778405 0.180364 0.046206 -0.0210135 0.0634231 0.00323423 0.00165051 -0.00319629 0.0276558 0.0259604 -0.000930573 0.00070398 -0.00831503 0.120604 0.282401 0.0538335 0.175571 -0.0596373 0.0590955 0.0652095 0.203013 -0.0754638 0.0662644 0.0765177 -0.0115043 0.0349645 -0.0878091 0.0896704 0.0901288 -0.0820953 -0.0815753 0.0816337
internal_weight=1230.37 1227.87 172.462 170.755 1055.41 11.4577 1043.95 8.67182 1.34614 1035.28 7.32568 3.19015 4.13553 1.70726 16.3408 3.33199 13.0088 154.414 151.295 127.527 23.7681 7.85955 1034.3 846.846 187.45 5.14928 0.90127 10.9793 0.982548 1.0176 10.6621 9.87715 0.606924 2.49581 0.805994 2.00727 0.186461 0.115238 2.01792 0.619533 0.545362 1.05273 0.959105 0.318079
internal_count=129959 129519 47853 47493 81666 2543 79123 1524 143 77599 1381 1148 233 360 2632 89 2543 44861 27566 24144 3422 2454 77450 72733 4717 89 116 2539 149 108 2481 2459 115 440 244 70 46 45 436 198 137 422 417 197
is_linear=0
shrinkage=0.08


Tree=123
num_leaves=45
num_cat=0
split_feature=22 9 19 20 20 9 12 11 3 23 14 9 12 18 3 5 16 16 20 9 17 17 19 23 12 9 8 18 15 17 19 20 14 17 9 17 5 3 16 3 20 14 14 17
split_gain=2.0535 2.99487 2.93193 6.28092 5.22792 5.13671 4.02928 3.86005 3.8348 3.64042 4.68835 4.69301 4.34764 3.57116 3.56685 3.42085 3.39493 4.23881 3.20457 3.0752 2.48875 3.28745 3.07067 4.37133 15.3519 2.2926 3.49852 4.13221 2.33202 4.91975 5.94778 4.59785 6.38004 4.9816 5.85012 4.3931 3.85247 4.32485 4.71182 3.22715 3.13907 3.03917 4.48922 2.94508
threshold=1.0000000180025095e-35 0.21244358478401035 0.43650793650793657 0.92334401709401726 0.89202437731849515 0.26975051975051983 0.070802005012531324 1.0000000180025095e-35 0.093933823529411778 0.39092393904613804 0.36602870813397131 0.64760348583878014 0.17817460317460324 0.84412955465587058 0.091431556948798356 0.059262510974539072 0.96881944444444457 0.87526824034334771 0.62544964028776995 0.25186567164179113 0.77568613652357499 0.82007194244604331 0.30952380952380959 0.51756920888499847 0.16271373414230558 0.23582887700534763 0.20144927536231885 0.70714285714285718 0.32737905369484321 0.37709601873536308 0.35416666666666669 0.36898982894128535 0.05634920634920635 0.81705285476298661 0.69309262166405039 0.47731949120838019 0.089719939627704207 0.12276295133437994 0.28637566137566145 0.10596491228070178 0.4839989759344599 0.063508064516129045 0.087595907928388769 0.41297335203366065
decision_type=2 2 2 2 2 2 2 2 2 2 2 2 2 2 2 2 2 2 2 2 2 2 2 2 2 2 2 2 2 2 2 2 2 2 2 2 2 2 2 2 2 2 2 2
left_child=25 20 8 4 5 18 -6 -7 -3 12 11 -11 14 -8 -5 -10 17 -17 -4 -12 -2 -22 -23 -24 -25 26 27 -1 29 30 -27 33 -33 35 -35 -30 39 40 -39 -31 -38 43 -43 -34
right_child=1 2 3 9 6 7 13 -9 15 10 19 -13 -14 -15 -16 16 -18 -19 -20 -21 21 22 23 24 -26 28 -28 -29 31 36 -32 32 41 34 -36 -37 37 38 -40 -41 -42 42 -44 -45
leaf_value=-0.099384653322304978 -0.10253611700671134 0.074739717687730342 -0.020249285017386147 -0.15374749288308337 -0.45468749223904781 0.0010494538358921822 -0.05275380998327818 0.038814378310224162 -0.23747630985606513 0.1682666480969478 -0.072861959038443683 0.027929091682894546 -0.10795756297464573 0.055927529123081465 0.053146159112325168 -0.0023766715525102163 -0.21673371529494642 0.031799819230923544 0.11623088650528572 0.04367977040320601 0.081957813516642983 -0.11178356909177931 0.028933854700824414 -0.83806112143338141 0.081105473489708951 0.0031251236228641774 0.063329603407067628 0.034277275716759398 0.017822390975280107 0.016247273102936523 -0.11175688603684462 -0.08221501266348534 -0.081578689628193021 -0.10724119745281209 0.056130464020794114 -0.084389887352866233 0.072521731689118629 0.1243304303898712 -0.022800691534013456 -0.14320398202204981 0.18552413659714084 -0.064262678747848898 -0.0023803202940339422 0.10947435271885438
leaf_weight=2.3671136800840022 2.7592084827192584 4.4039233985240562 1.4572551692253899 0.60471131792291899 0.14836069918237527 110.90463071690465 12.304713160534446 20.528149580437457 0.38907207376905617 3.8873823060130226 1.5340031952655433 2.509567254481226 2.1007931463536806 2.2960628702494423 4.5158557316754013 311.26599137709127 0.46244459389708836 25.098507421578688 4.5046029087825445 26.172484185681242 1.770082850009201 2.4672855399549007 3.8982913770887535 0.17170333117246617 0.36036140382930171 108.05363573183422 8.2394314648845448 3.9511864511296153 3.3710203934460941 4.0565121719992048 2.9633336349215815 6.5600642386780228 0.63773511649924275 1.8759379916591559 5.5616971252457006 13.344726894865742 4.9047074541449529 1.9603535110363735 4.8135136760247406 1.0157641975383738 2.3162619711947627 7.6179895809473228 495.75804401606729 2.7136471694684587
leaf_count=83 264 84 20 29 13 5741 2490 17290 33 145 132 518 283 1317 163 22309 11 2188 104 9517 11 15 198 2 190 2924 146 52 47 79 78 5882 307 18 151 155 37 16 506 46 28 2729 53160 448
internal_value=0.000507618 0.00416146 0.00502689 0.0128959 0.00538357 0.0102423 -0.0398779 0.00694786 0.000570447 0.0405537 0.05148 0.113211 -0.0110463 -0.035663 0.0287131 -0.000398177 -0.000124326 0.000173475 0.0828711 0.0372273 -0.0363638 -0.015299 -0.0402572 -0.000423895 -0.21552 -0.00242001 0.0289867 -0.0157984 -0.00310494 0.00650621 5.86219e-05 -0.00543126 -0.00382612 -0.0395422 0.0149245 -0.063777 0.0440469 0.0656957 0.019779 -0.0156841 0.108769 -0.00281131 -0.00331684 0.0731188
internal_weight=1228.6 546.515 535.089 193.469 152.144 137.395 14.7491 131.433 341.62 41.3248 34.1034 6.39695 7.22136 14.6008 5.12057 337.216 336.827 336.364 5.96186 27.7065 11.4269 8.66772 6.89764 4.43036 0.532065 682.083 14.5577 6.3183 667.525 130.084 111.017 537.441 513.287 24.1534 7.43764 16.7157 19.0671 13.9948 6.77387 5.07228 7.22097 506.727 503.376 3.35138
internal_count=129959 63067 62387 37762 26975 23155 3820 23031 24625 10787 10312 663 475 3807 192 24541 24508 24497 124 9649 680 416 405 390 192 66892 281 135 66611 3714 3002 62897 62526 371 169 202 712 587 522 125 65 56644 55889 755
is_linear=0
shrinkage=0.08


Tree=124
num_leaves=45
num_cat=0
split_feature=1 19 19 2 2 9 9 0 17 8 7 19 8 17 0 5 8 23 8 8 15 20 23 14 15 8 1 12 8 8 8 15 23 23 2 20 17 15 18 16 3 14 20 16
split_gain=1.95767 1.87661 6.7661 5.12759 5.1995 5.71309 7.9593 6.12148 4.98994 5.99062 4.37083 4.19194 4.45005 4.41901 3.91838 7.16117 4.89168 4.05851 3.88511 5.4278 3.64771 6.46621 4.47758 3.15642 3.07883 2.99361 2.75326 4.89658 3.3412 3.32374 2.57258 2.56309 2.59835 2.52453 2.27698 2.01773 2.43733 1.76233 1.56472 1.3555 1.22793 1.47778 1.00519 1.00395
threshold=0.044949494949494913 0.30952380952380959 1.0000000180025095e-35 0.70275165533163475 0.54327928406875781 0.59417229729729748 0.59850746268656729 0.43650793650793657 0.58359213250517616 0.42967032967032975 0.18333333333333338 0.19090909090909094 0.44610281923714762 0.8451542588866533 0.10818713450292398 0.65261756876663723 0.59317129629629639 0.49730696707440897 0.47722567287784684 0.55245781364636837 0.68769904458598741 0.78307569902250529 0.37818938343210196 0.087595907928388769 0.45965237427369271 0.033615819209039562 0.064866760168302964 0.080540540540540509 0.04908160192713041 0.065044949762030693 0.5629401408450706 0.96984848484848496 0.39870828698553956 0.18390470563617797 0.70727805176022507 0.76569538288288297 0.90748521630874579 0.48155706727135306 0.74166666666666681 0.55243357011312821 0.84889995848899968 0.27888888888888896 0.68841813923781148 0.98739473544833445
decision_type=2 2 2 2 2 2 2 2 2 2 2 2 2 2 2 2 2 2 2 2 2 2 2 2 2 2 2 2 2 2 2 2 2 2 2 2 2 2 2 2 2 2 2 2
left_child=-1 2 26 4 10 8 -7 -8 38 -10 20 33 13 25 34 16 30 23 -14 -20 21 -3 -22 -17 -19 -13 28 29 -2 -28 -16 32 -29 -4 -5 -30 -37 -31 -6 42 41 -35 -36 -33
right_child=1 3 11 14 5 6 7 -9 9 -11 -12 12 18 -15 15 17 -18 24 19 -21 22 -23 -24 -25 -26 -27 27 31 35 37 -32 43 -34 40 39 36 -38 -39 -40 -41 -42 -43 -44 -45
leaf_value=-0.072967994158576396 -0.088730921174106109 0.006337126952022821 0.057030798195404603 0.1883055162679029 -0.08501528281078817 -0.31510111126927604 -0.031750159158417342 0.082845611281279749 0.0017182470217815596 0.080779564516903088 0.091184467007783709 0.11183410392597144 0.14490976293205277 0.030879318826183531 -0.078190821443785419 -0.052502340988959915 0.081251142148432876 -0.0035821851463192973 -0.11149152262118406 0.047368359201364826 -0.01857922385776133 -0.022838775174699347 0.022392507720808991 0.18759563877498392 0.036194305419132114 -0.05215355018106424 -0.12635869104231881 0.0091395409601029171 0.10621090515289013 0.085931190848809097 -0.22856601920076336 0.08150948939572189 -0.0032536019631176829 -0.060781137295320066 0.064628310684538462 -0.10875477278341182 0.09177272022313572 -0.053817098619926888 0.098879624077596234 0.077887523999209202 -0.20772049746852761 -0.1353277814476142 -0.10574614850915887 -0.036417741942353053
leaf_weight=2.3186058941573711 0.92315712658455495 199.5725677968876 0.79602357803378154 1.0753586411010463 4.0277338994055745 0.61636836905381542 62.419021378227626 3.1330595991166765 27.553714806548669 7.890128171638934 3.7654516490874803 0.73322352586547523 1.5715601931151448 5.5985913539770982 2.8614422264581658 0.44652669216156882 1.0121606152606544 19.432780797062151 1.8614947582973398 5.2832033942759153 20.359701061155647 64.273347299531451 105.67611890051921 1.6282723497715776 34.67966115631134 25.144981719655334 3.3016568485472808 142.91835676071059 3.9423263857024722 0.89275090181035954 0.97661541026900511 3.3263112165295747 446.62076928818715 5.4712792686041194 0.40360178851551598 0.72380605305079349 0.83595398860052228 1.6356561186839824 0.31962611991912115 5.0494491701138031 0.54861724382499222 2.470327251823619 0.49153985144221224 0.53655047919892229
leaf_count=440 55 4898 38 21 1289 38 6956 703 639 714 462 35 98 67 325 78 444 2743 111 354 546 5059 3946 55 52667 6457 139 4076 42 24 44 936 28363 2458 151 40 7 52 2 4152 21 49 24 141
internal_value=0.000472383 0.000611636 -0.00230565 0.00397845 0.00117222 -0.0145582 -0.0289635 -0.0262731 0.00939632 0.019318 0.00540644 -0.0307499 -0.0195574 -0.033565 0.0245789 0.018069 -0.0751967 0.0261199 0.0310282 0.00597867 0.004578 -0.000770176 0.015774 0.135923 0.0219098 -0.0475072 1.8112e-05 -0.000540419 0.0521079 -0.0734991 -0.116455 0.000176386 -0.000249208 -0.0791941 0.0811816 0.0757383 -0.00128199 -0.00447361 -0.071495 0.0618032 -0.0919662 -0.0839697 -0.0289277 0.0651294
internal_weight=1225.12 1222.8 655.137 567.664 499.607 105.96 66.1684 65.5521 39.7912 35.4438 393.647 49.4793 40.1931 31.4768 68.0574 61.0375 4.85022 56.1872 8.71626 7.1447 389.882 263.846 126.036 2.0748 54.1124 25.8782 605.657 599.232 6.42524 5.83006 3.83806 593.402 589.539 9.28625 7.01995 5.50209 1.55976 2.52841 4.34736 5.94459 8.49022 7.94161 0.895142 3.86286
internal_count=129959 129519 43563 85956 25252 10341 7697 7659 2644 1353 14911 9688 7122 6559 60704 56356 813 55543 563 465 14449 9957 4492 133 55410 6492 33875 33731 144 215 369 33516 32439 2566 4348 89 47 76 1291 4327 2528 2507 175 1077
is_linear=0
shrinkage=0.08


Tree=125
num_leaves=45
num_cat=0
split_feature=22 9 4 23 5 4 18 8 17 20 23 9 16 9 14 14 16 17 23 2 17 12 19 23 9 15 17 19 14 20 15 18 5 23 3 23 8 19 3 9 1 8 18 8
split_gain=1.77502 2.63341 2.55392 6.57433 6.2335 4.96247 7.33325 5.34386 4.75825 4.34103 8.34857 6.21342 3.2488 5.89641 3.13432 9.08323 5.53848 6.67339 5.34815 3.53146 2.33306 2.85494 3.23082 3.64763 1.95043 2.06795 4.13474 5.34652 3.98889 3.73034 4.72274 4.06819 3.33439 3.7345 2.89131 2.87504 3.11057 2.48933 1.83447 1.81238 2.1889 1.48509 3.95331 2.69798
threshold=1.0000000180025095e-35 0.21244358478401035 0.1438923395445135 0.21911548452030113 0.11566332218506127 0.16271373414230558 0.70714285714285718 0.11215932914046124 0.91876178504085493 0.92691828378137808 0.39361923251647862 0.3504385964912281 0.63188142770719913 0.3943381180223286 0.12060606060606062 0.11651583710407241 0.60694221508828261 0.80131578947368431 0.18390470563617797 0.38420085139318899 0.77568613652357499 0.19112850619699936 0.30952380952380959 0.48801021711366549 0.21244358478401035 0.32737905369484321 0.37709601873536308 0.35416666666666669 0.04819976771196284 0.36898982894128535 0.34217562623135384 0.65476190476190488 0.089719939627704207 0.36454831393468301 0.10596491228070178 0.925006047411708 0.076197387518142215 0.43650793650793657 0.12276295133437994 0.41403940886699514 0.78830559112249265 0.20144927536231885 0.70714285714285718 0.23132664437012265
decision_type=2 2 2 2 2 2 2 2 2 2 2 2 2 2 2 2 2 2 2 2 2 2 2 2 2 2 2 2 2 2 2 2 2 2 2 2 2 2 2 2 2 2 2 2
left_child=24 20 4 -4 14 6 7 -5 -8 11 -11 -7 13 -6 15 18 19 -18 -3 -16 -2 22 -22 -24 41 26 27 39 -27 30 -30 -32 34 38 37 36 -31 -28 -34 -26 -41 42 -1 -43
right_child=1 2 3 5 12 9 8 -9 -10 10 -12 -13 -14 -15 16 -17 17 -19 -20 -21 21 -23 23 -25 25 28 32 -29 29 35 31 -33 33 -35 -36 -37 -38 -39 -40 40 -42 43 -44 -45
leaf_value=-0.1016944980413798 -0.10165898230361255 0.065865163162255616 -0.60213756903097504 0.14373064907323715 -0.10519102497593701 0.031657288859590953 -0.25741774174889298 -0.046399951648102004 -0.058899056345994093 -0.09447141074825785 0.027582830425341483 -0.003664293196653544 0.096901299548800876 0.063633239231495164 0.10737071397673841 -0.26513560712618978 -0.055042637880769282 0.020275913906913568 -0.046642459141156549 0.028070181143993757 -0.1243278150433506 0.062239989061625034 0.039886251265019101 -0.13550940720096705 -0.051109120775979962 -0.081612279441406102 -0.058770099143608201 -0.10803516242677351 -0.16270249612469026 0.0040133991171299298 -0.063559087329084024 0.0054065941256478253 0.10092350465228524 -0.071425074964239083 -0.14039351478001066 0.0800539115083512 -0.0086662511266734424 0.068573138423713126 0.039410917972685165 0.019740902300622927 -0.0040174200173420825 0.12084942703679033 0.059818645148119735 -0.0040973833205521027
leaf_weight=1.5248667822015685 2.5640468917117678 4.0343998743046514 0.1152082234621038 1.242181459791025 1.7305242305155832 35.370084498455981 1.5215505355736243 3.969032177090412 1.57010925153736 3.7829751438548547 69.102395498310216 322.42233173384739 8.3313472026493383 5.6366387016605586 4.1363698419299935 0.9596679007518113 12.279859215253966 19.459008023957722 8.2005388027610007 27.411312100361101 2.0674324184656125 2.2690273463085759 3.1753994455502834 0.99713622196577478 3.788935863034566 4.3106876822275799 1.7080286608688791 2.8356943660328389 1.7261707632278582 213.63003367848432 9.8725962006719801 12.286978673524571 7.1209408356808108 1.2390569799463254 0.95468683862418391 2.6598912988338261 294.5530192538281 2.3127056318335235 5.4989708042412531 40.591894147160929 63.868163756647846 2.5746728635858744 2.6649322574958205 1.9389950405020497
leaf_count=56 264 69 1 15 56 907 16 103 39 1086 13111 44139 171 118 100 30 151 1376 378 521 14 240 123 39 63 4576 48 78 26 6336 119 224 65 380 46 14079 37634 31 144 988 1878 20 43 58
internal_value=0.000438571 0.00384954 0.00465433 0.00211294 0.0167602 0.00227152 -0.0589887 -0.00107909 -0.156599 0.00345253 0.0212478 -0.000172527 0.0626786 0.0239769 0.00733501 -0.0281334 0.0147298 -0.00886505 -0.00954372 0.0384677 -0.0347637 -0.0146059 -0.0425492 -0.00202912 -0.0022913 -0.00278085 0.00627928 0.000402679 -0.00496452 -0.00434663 -0.0352476 -0.0253192 0.0409393 0.0611077 -0.0152396 -0.00290178 -0.00333598 0.0144771 0.0741202 0.00324332 0.00521477 0.0353359 0.00103634 0.0671744
internal_weight=1220.01 542.349 531.276 439.096 92.1797 438.981 8.30287 5.21121 3.09166 430.678 72.8854 357.792 15.6985 7.36716 76.4812 13.1946 63.2865 31.7389 12.2349 31.5477 11.073 8.509 6.23997 4.17254 677.662 668.958 129.919 111.085 539.039 534.729 23.8857 22.1596 18.8344 13.859 4.97542 510.843 508.183 4.02073 12.6199 108.249 104.46 8.70347 4.1898 4.51367
internal_count=129959 63067 62387 59417 2970 59416 173 118 55 59243 14197 45046 345 174 2625 477 2148 1527 447 621 680 416 176 162 66892 66715 3721 3007 62994 58418 369 343 714 589 125 58049 43970 79 209 2929 2866 177 99 78
is_linear=0
shrinkage=0.08


Tree=126
num_leaves=45
num_cat=0
split_feature=2 18 12 23 1 9 6 20 15 0 0 13 17 1 3 22 22 23 16 15 17 23 8 8 17 15 9 17 9 2 18 18 16 18 20 20 20 9 9 16 23 3 16 3
split_gain=1.86746 7.11775 4.45229 4.40437 4.38769 6.75228 3.91098 4.99623 3.81492 3.5431 3.88544 3.26301 3.09885 2.90796 2.87268 2.55787 2.4576 3.74099 2.43852 2.31896 3.68575 2.2267 2.12713 2.24801 3.66291 2.07311 2.0587 2.01928 1.98012 4.68321 2.41351 2.91489 6.60063 3.585 2.34996 7.35816 6.51798 5.50823 5.21919 4.95663 4.82579 3.57943 8.19446 5.92813
threshold=0.93684823947981855 0.42261904761904767 0.89966442953020154 0.66305583003952584 0.81173769550868147 0.85329985652797713 1.0000000180025095e-35 0.65069803021610262 0.56265703517587951 0.94444444444444453 0.78888888888888908 1.0000000180025095e-35 0.91962412954106909 0.93127066603684472 0.93788580246913589 1.0000000180025095e-35 1.0000000180025095e-35 0.66749741200828161 0.61266468780919658 0.9303336703741153 0.95256842894638183 0.72669464452943811 0.7590571802706243 0.75716625716625729 0.65020325203252038 0.96390969282535555 0.86159003831417635 0.9737334910309482 0.97100840336134464 0.36086927263397856 0.18898809523809526 0.26491228070175443 0.49130369026013315 0.39444444444444454 0.95720390720390736 0.89202437731849515 0.89668856048166401 0.48038461538461547 0.47413024085637828 0.90148142742465176 0.30171633066857939 0.30901856763925734 0.61266468780919658 0.36237373737373746
decision_type=2 2 2 2 2 2 2 2 2 2 2 2 2 2 2 2 2 2 2 2 2 2 2 2 2 2 2 2 2 2 2 2 2 2 2 2 2 2 2 2 2 2 2 2
left_child=4 2 3 -2 28 9 -4 13 18 10 12 -12 14 26 -6 -10 -5 -18 -9 -3 -21 -15 23 24 -7 -24 -8 -27 34 -30 -31 32 -32 -33 35 37 -37 38 -1 -39 -38 -36 -43 -44
right_child=1 19 6 16 5 22 7 8 15 -11 11 -13 -14 21 -16 -17 17 -19 -20 20 -22 -23 25 -25 -26 27 -28 -29 29 30 31 33 -34 -35 41 36 40 39 -40 -41 -42 42 43 -45
leaf_value=0.0104123192471467 -0.051643290472350646 0.055786847149445311 0.084588253007150893 0.010318724853702775 -0.12357722246454163 -0.11077372097528754 -0.021315817108449951 -0.10460250002194219 -0.12372537707042999 0.082666602716608889 -0.44726624584834745 -0.15150834553925102 0.060879522740277005 -0.04114724711684177 -0.024213579050680823 0.039685578242208509 0.29052280848422279 0.046703765548504882 0.086025030161117635 -0.079735140386733114 0.080095715895937433 0.0059944609726443471 0.058587344325880926 -0.30654735379484727 0.084298023218712409 -0.17362932315206006 -0.097693182961573866 0.080926690232542425 -0.22352174925441884 -0.041678551127623163 0.031663669518586152 -0.045612603340452591 0.29018090670967933 0.019888183383946056 0.026949101052669677 -0.095595047803559513 -0.10731682673193033 -0.0048505877388698741 0.08234529493316109 0.040936722984816161 -0.013412515408539018 -0.085682920160498957 -0.04606133635204282 0.014176459159810728
leaf_weight=151.85133005433454 4.4645709616161176 22.833340154335023 2.8553920028789426 17.083960620628204 5.1093563810718461 1.3920054060581595 8.8115263255021983 7.1135239689610881 0.77358767685655072 0.81188554848631689 0.29501180187799025 1.251635763183004 1.0165884639209242 7.0591199980699448 2.9299986828846158 2.9541200643980119 0.41136318497592839 19.225334140341147 0.45706657001574047 2.174556457677681 1.6048658913205143 70.012428883404937 5.3706089953921037 0.19489135824551329 1.1051544536239815 0.52139635835919751 3.0371095206355667 0.32298169262503507 0.53427733585704018 4.6365386849647612 3.0090026764955833 5.8790742525015949 0.80019779238500621 59.179572321387241 45.288262254623987 7.0888896026735884 3.62052278091869 517.59632189114927 6.7420781882829024 15.58696786087239 107.4402776994466 6.6969029571919227 12.084847310441544 77.567755451418634
leaf_count=5660 578 29533 1046 570 433 63 112 2517 29 259 9 150 1197 230 671 246 36 699 40 1153 9158 1442 3932 12 460 86 30 598 11 799 243 485 52 5788 2355 806 694 32420 317 2611 10023 3025 190 9191
internal_value=0.000410409 0.00816434 0.00115141 0.0233852 -0.000856345 -0.0376667 -0.00773255 -0.0103629 -0.0604737 -0.0784024 -0.0907362 -0.207922 -0.0707222 -0.00399579 -0.0873635 0.00577393 0.0325073 0.0518115 -0.0930936 0.0461791 -0.0118658 0.00167667 0.0145367 -0.0448649 -0.0244419 0.0402668 -0.0408933 -0.0762595 -0.000126978 0.0124749 0.0141903 0.0179517 0.0859703 0.0139692 -0.0011075 -0.00277002 -0.021221 0.000381244 0.0134703 -0.00351205 -0.0164737 0.00839931 -0.000319859 0.00605662
internal_weight=1216.8 170.872 144.259 41.1852 1045.92 20.3215 103.074 100.218 11.2983 11.4145 10.6026 1.54665 9.05594 88.9202 8.03936 3.72771 36.7207 19.6367 7.57059 26.6128 3.77942 77.0715 8.90704 2.69205 2.49716 6.21499 11.8486 0.844378 1025.6 74.0387 73.5044 68.8678 3.8092 65.0586 951.564 809.926 118.15 691.777 158.593 533.183 111.061 141.638 96.3495 89.6526
internal_count=129959 47419 7575 1883 82540 7870 5692 4646 2832 2719 2460 159 2301 1814 1104 275 1305 735 2557 39844 10311 1672 5151 535 523 4616 142 684 74670 7378 7367 6568 295 6273 67292 52531 11523 41008 5977 35031 10717 14761 12406 9381
is_linear=0
shrinkage=0.08


Tree=127
num_leaves=45
num_cat=0
split_feature=8 7 1 8 0 5 23 9 17 9 0 1 7 10 8 3 1 3 20 18 8 20 9 16 2 3 16 3 15 8 3 8 3 1 8 5 1 9 1 20 4 18 14 19
split_gain=1.81858 6.71001 9.66593 8.90149 4.73551 12.2501 7.41375 6.93713 6.33998 5.25402 4.86899 5.23879 4.95736 6.58167 7.36621 5.59267 12.0883 4.3422 4.24892 5.74004 4.10576 5.093 4.00555 3.68558 3.58762 5.28887 5.61187 3.54875 3.36853 3.31404 7.06871 6.96774 5.25565 4.83387 6.93016 3.55023 3.15766 2.58341 2.57516 2.51871 2.39775 2.36141 2.83689 3.39149
threshold=0.38013136288998362 0.18333333333333338 0.35767590618336892 0.14907407407407411 1.0000000180025095e-35 0.40862708719851581 0.63403011357476335 0.52679425837320581 0.89488223320732785 0.78153409090909098 0.12916666666666668 0.42462121212121218 0.2678571428571429 0.36666666666666675 0.95861872146118743 0.68801229508196726 0.65545505935556825 0.6706827309236949 0.26639784946236561 0.67708333333333337 0.38327018361993598 0.81121593291404626 0.66939890710382521 0.85066049065019733 0.56391202358004688 0.45512082853855013 0.98469347910972294 0.55848153214774288 0.95304436314297492 0.45534290271132383 0.60922587486744451 0.54110360360360377 0.50301204819277123 0.41728855721393038 0.39718309859154938 0.41955396256471533 0.30532015065913376 0.85329985652797713 0.41060765718299969 0.45956843940714914 0.80982519590114543 0.162280701754386 1.0000000180025095e-35 0.080128205128205135
decision_type=2 2 2 2 2 2 2 2 2 2 2 2 2 2 2 2 2 2 2 2 2 2 2 2 2 2 2 2 2 2 2 2 2 2 2 2 2 2 2 2 2 2 2 2
left_child=1 2 24 27 5 6 7 20 17 -10 39 36 15 -14 -15 22 -17 -9 -5 -20 -2 -22 -13 -21 41 26 28 -4 -26 33 31 32 -31 35 -35 -7 -12 -29 -37 -6 -32 42 -1 -44
right_child=4 -3 3 18 10 29 -8 8 9 -11 11 12 13 14 -16 16 -18 -19 19 23 21 -23 -24 -25 25 -27 -28 37 -30 30 40 -33 -34 34 -36 38 -38 -39 -40 -41 -42 -43 43 -45
leaf_value=0.10495679776711385 0.13694145033950758 0.07600246628353545 -0.14388713429966216 0.046451876818561458 -0.41109491464044101 0.082119571194168475 -0.38468422614751663 -0.088464579618151906 0.054539419725883012 -0.081225474293765157 -0.17776176569966023 -0.18817218934766916 -0.23668465387797777 0.026095709159568967 -0.0025006344470663291 0.08203458486059878 -0.041410125533853218 0.084365215847206215 -0.082260654992930213 0.00803291701919049 0.051882763832070251 -0.033943202080317182 -0.051122953835080295 -0.056903064446965454 -0.05722071083646655 0.025123140927265152 0.099994419116722813 -0.075426957156037033 -0.24414932165689521 -0.11901600561768588 0.075922780664518394 -0.20977686542005156 0.036358819254833162 -0.041861718552747514 0.14240418646665262 -0.025024926150156154 0.088000006609319933 0.096192943749842469 -0.29449362981902277 -0.088572020452465261 -0.061777114258457264 0.0014299290828380534 0.078778238141047313 -0.086273654687492152
leaf_weight=0.72496610879897971 1.989227263751675 6.977750766236567 0.514536199712892 2.9104652181267729 0.16571010759798754 2.5514797261566846 0.33314455345680372 11.436752948255164 6.1732884254597575 2.5895562643563608 0.30099101341329415 1.515741658542537 0.7303360077785318 73.718493305066659 264.49467644535616 7.4098754130827755 16.125109941203846 1.0127492596802756 22.080538696267467 11.074120114557447 10.549007606168745 7.6224416290642685 13.711542435266891 11.303827365511095 17.098700503644078 8.206614347669527 1.4448334304615844 0.63627521743183013 0.64007333945482869 1.7334884609299495 15.062634082394649 1.0757326321909193 7.099842015071772 1.5412084224517446 8.5692546042846498 2.0426370786299235 5.7944334960338892 4.7674523583846167 0.25534227013122279 2.390156635286985 0.85526754772581703 648.33327884413302 0.93371611313341407 5.4321558660667506
leaf_count=2 45 340 51 27 6 89 23 1616 248 54 71 159 14 31518 45130 523 3344 126 10010 218 358 524 859 123 2598 504 21 121 7 66 4505 39 122 38 203 181 446 91 16 284 601 21130 345 3163
internal_value=0.000383098 -0.0020785 -0.00281866 -0.0356344 0.00428448 0.0216842 -0.00880261 -0.00577593 -0.0377119 0.0144188 0.000569377 0.00130225 0.000114906 0.00321432 0.00373236 -0.0269869 -0.00254416 -0.0744051 -0.0471918 -0.0533222 0.0278259 0.015881 -0.064765 -0.0247684 -0.000257693 -0.0286242 -0.0516169 0.0568694 -0.0639657 0.0528581 0.0355027 -0.017543 0.00586744 0.0828208 0.114315 0.0171592 0.0748767 0.0759851 -0.0549672 -0.109483 0.0685242 0.000927743 -0.0449884 -0.0620646
internal_weight=1211.93 743.079 736.102 53.2872 468.85 82.4931 41.7062 41.373 21.2123 8.76284 386.357 383.801 377.706 338.944 338.213 38.7623 23.535 12.4495 47.369 44.4585 20.1607 18.1714 15.2273 22.3779 682.814 27.3902 19.1836 5.91826 17.7388 40.7869 25.827 9.90906 8.83333 14.9599 10.1105 4.84946 6.09542 5.40373 2.29798 2.55587 15.9179 655.424 7.09084 6.36587
internal_count=129959 38751 38411 10641 91208 8854 2994 2971 2044 302 82354 82064 81547 76662 76648 4885 3867 1742 10378 10351 927 882 1018 341 27770 3130 2626 263 2605 5860 5333 227 188 527 241 286 517 212 197 290 5106 24640 3510 3508
is_linear=0
shrinkage=0.08


Tree=128
num_leaves=45
num_cat=0
split_feature=5 1 8 3 1 2 3 8 0 0 2 9 9 20 8 18 5 15 18 18 12 3 2 4 14 2 14 18 9 18 15 18 3 18 18 5 15 19 19 9 9 20 14 17
split_gain=1.74744 2.5513 2.18364 1.72358 9.3014 11.2118 6.92174 8.86448 5.71708 10.2961 8.35419 7.80072 11.3886 6.82962 9.63209 7.33063 5.49922 5.18162 4.37711 5.80119 4.30936 4.31529 3.70226 2.51296 2.42773 6.9944 4.84487 2.09217 1.70281 1.56509 1.56209 1.31689 1.19861 1.18605 1.02567 0.66428 0.627642 0.529765 0.0729584 0.0612131 0.0528324 0.0334339 0.0100421 0.00708318
threshold=0.050641025641025628 0.055946791862284857 0.059262510974539058 0.44281045751633991 0.27320574162679429 0.42577314326540344 0.40270270270270275 0.27812939521800289 1.0000000180025095e-35 0.19090909090909094 0.6984248500037975 0.70087719298245621 0.70871212121212135 0.88107024988213112 0.19112850619699936 0.74166666666666681 0.25677655677655675 0.99819494584837554 0.94281045751633996 0.93933823529411775 0.27151675485008825 0.37590579710144939 0.43420765967205593 0.80982519590114543 0.25462962962962971 0.54631325464658798 0.38675213675213682 0.54772727272727284 0.57032967032967041 0.46862745098039221 0.57200460829493094 0.79285714285714304 0.77003205128205143 0.57738095238095244 0.39444444444444454 0.27953488372093033 0.27374686716791985 0.30952380952380959 0.13392857142857145 0.86754385964912295 0.58995376208490968 0.98726062966569306 0.45804195804195807 0.79324593901396423
decision_type=2 2 2 2 2 2 2 2 2 2 2 2 2 2 2 2 2 2 2 2 2 2 2 2 2 2 2 2 2 2 2 2 2 2 2 2 2 2 2 2 2 2 2 2
left_child=31 2 29 4 20 16 7 -7 10 11 13 17 -13 14 -5 -15 40 -10 19 -11 24 27 -8 34 25 -3 -26 -22 -23 36 -25 39 -20 -31 -12 -18 -2 -35 -4 41 -6 42 -1 -39
right_child=1 3 38 8 5 6 22 -9 9 18 23 12 -14 15 -16 -17 35 -19 32 -21 21 28 -24 30 26 -27 -28 -29 -30 33 -32 -33 -34 37 -36 -37 -38 43 -40 -41 -42 -43 -44 -45
leaf_value=-0.081946770601106347 0.071085803593729902 0.0054453911397422273 -0.11765848179448471 -0.10381889125447261 -0.069311672481946335 -0.068107605143426439 -0.46903254679850109 0.0010633064819180853 -0.10425323566704592 0.00086991100804841991 0.12501270927704808 0.27330320378151718 -0.032984218783532249 -0.048676741747391769 0.030717060934851177 0.01442300608448433 0.17254642169180887 -0.66570843515286982 0.024556592321069673 -0.53432641410754023 -0.013364533776434283 -0.085285815522997924 -0.065090223910882414 -0.13792805686723997 -0.017257782059069512 0.12508191292160492 0.0033139681534241523 0.12505773138586559 0.07864547971388694 0.15257778542527123 0.08048641412361901 -0.0021043470853569328 0.080395295071575043 -0.012283350229926344 0.07238206092506054 0.10516951562000205 -0.090272567802958795 0.073140488297145381 -0.060279519897546131 -0.11395275234856655 -0.10926416438408271 -0.025765795853403391 -0.096696444796628783 0.085482663768027989
leaf_weight=1.4639343421513324 0.23787279054522414 209.30025350329379 0.28396799671463657 3.5594348716549566 0.3630082658783057 16.362995708273957 0.14602792426012712 43.061424805404386 8.6965445417445153 380.91852886552806 3.1083509133604794 0.81462071072019426 16.800507013474999 20.875866468093591 78.92565202593687 27.053466432436835 1.4310110706137491 0.10648798118927594 4.5762888167082547 0.12966369897549057 0.83603832345397577 1.3868407471309181 26.054862067670911 0.54714459075330601 111.72238236502744 3.174984941200818 212.87522192543838 4.2577114354353398 0.57311324914917339 1.5252743070013823 0.33966548027819954 2.0212851082906127 5.3208687080150412 0.49794281460344803 9.9735908979928336 2.7100618132535601 0.43901985520642484 0.39806475816294562 0.28332914503698703 0.51915336493402708 0.50865823775529861 0.063251917126763035 0.37010543793439854 1.1790709295310078
leaf_count=570 2 8714 8 159 28 1908 9 4702 1888 64975 113 75 3424 1728 3409 733 14 17 1270 131 163 66 3637 88 1588 348 5862 37 30 9 507 27 18718 9 4689 65 62 8 38 8 20 31 4 68
internal_value=0.000354415 0.000539512 0.058478 0.000304926 -0.00255143 -0.0262789 -0.0330868 -0.0179835 0.00353256 -0.00121432 0.0172542 -0.049551 -0.0188198 0.0109562 0.0249115 -0.0130604 0.0900092 -0.111045 0.00205203 0.000687794 0.00140099 0.0635243 -0.0673416 0.0760529 0.00058509 0.0072331 -0.00376657 0.102338 -0.0373504 0.0780384 -0.0542711 -0.049754 0.0545764 0.0990212 0.0848874 0.128453 -0.0335682 0.0596548 -0.0890013 -0.0896115 -0.0926258 -0.082951 -0.0849232 0.0823675
internal_weight=1205.79 1201.36 4.84454 1196.51 634.765 90.638 85.6253 59.4244 561.747 417.364 144.383 26.4182 17.6151 130.414 82.4851 47.9293 5.01274 8.80303 390.945 381.048 544.127 7.0537 26.2009 13.9688 537.073 212.475 324.598 5.09375 1.95995 4.27725 0.88681 4.43773 9.89716 3.60035 13.0819 4.14107 0.676893 2.07508 0.567297 2.41645 0.871667 1.89729 1.83404 1.57714
internal_count=129959 129319 204 129115 27191 10383 10256 6610 101924 90498 11426 5404 3499 6029 3568 2461 127 1905 85094 65106 16808 296 3646 5397 16512 9062 7450 200 96 158 595 640 19988 94 4802 79 64 85 46 613 48 605 574 76
is_linear=0
shrinkage=0.08


Tree=129
num_leaves=45
num_cat=0
split_feature=19 19 3 2 20 3 18 20 14 14 3 17 16 17 20 8 20 16 14 19 9 14 15 14 16 14 16 15 17 16 17 20 8 8 2 23 9 17 14 3 2 16 19 8
split_gain=1.74456 6.89519 5.55909 7.56396 5.79773 6.72724 4.25144 4.46969 4.02559 6.30371 4.94169 3.65298 5.68061 5.29493 13.367 4.09505 3.53098 3.30122 3.2006 6.85974 6.04 5.61257 3.81896 3.50308 8.66312 6.242 7.2438 6.41105 6.1823 5.45397 3.96613 2.95904 4.39637 2.92125 2.72148 2.69721 2.65475 2.51641 3.8052 2.43422 2.38327 2.35002 2.24133 1.85852
threshold=0.63333333333333341 0.77500000000000013 0.41728855721393038 0.55825315455848101 0.29222126188418329 0.11189358372456966 0.42261904761904767 0.77820186598812569 0.1126984126984127 0.13714733542319751 0.11374663072776282 0.70991117344553545 0.70286650286650298 0.73541565386485186 0.35232683982683993 0.57321428571428579 0.87112743532417769 0.97504448398576526 0.70710784313725505 0.58571428571428574 0.79205974842767313 0.78759398496240618 0.55919074555368709 0.62828947368421062 0.84487368615157676 0.60357142857142865 0.91901828298887123 0.89558728098637264 0.86121248986212506 0.83827932370553015 0.84756987316197119 0.9678709677419356 0.045983086680761072 0.96051948051948066 0.40751474135620486 0.48345278682171133 0.73401360544217698 0.65020325203252038 0.22048611111111113 0.31662489557226403 0.95262348178137668 0.90486964016375793 0.23611111111111113 0.27334993773349942
decision_type=2 2 2 2 2 2 2 2 2 2 2 2 2 2 2 2 2 2 2 2 2 2 2 2 2 2 2 2 2 2 2 2 2 2 2 2 2 2 2 2 2 2 2 2
left_child=17 35 3 4 5 -3 7 37 10 -10 -6 12 16 14 -13 -15 -8 18 23 20 21 22 -20 25 29 26 41 28 -27 43 -26 -22 -33 -32 -7 -2 -23 38 -4 -5 -28 -1 -31 -25
right_child=1 2 6 39 8 34 11 -9 9 -11 -12 13 -14 15 -16 -17 -18 -19 19 -21 31 36 -24 24 30 27 40 -29 -30 42 33 32 -34 -35 -36 -37 -38 -39 -40 -41 -42 -43 -44 -45
leaf_value=-0.001195443765456484 0.07070648984960394 0.051476065479301981 0.0058863239856671527 0.097587262059860458 -0.024151274450138569 -0.24401286970616579 0.075179323906263001 -0.082127664239903225 -0.087009408126081864 -0.0010457174652245154 0.081199996585902226 -1.3027135735909174 0.38555017219506832 0.01228518350033341 -0.070840647484678151 0.060393691374885344 -0.03363618155799767 0.068467368469339748 0.06671760527676765 -0.38803610630058871 0.053813823223963365 0.039462973776565907 -0.075544852885699329 0.087194894699449257 -0.23578830287770811 0.038164098902465318 0.098165580975133088 0.081133997216987094 -0.10834993274736038 0.30516494193702171 0.0095523824861825698 -0.25812574445067937 -0.00076647688497144041 -0.11588881928768341 -0.078500219783290262 6.5495890612260578e-06 -0.09523258456949224 0.12595311873540141 -0.17134358923464926 -0.10116082228032922 -0.096206162898155603 -0.062201574502504284 0.10250654134449703 0.004536919573391072
leaf_weight=795.23472056408355 13.787193205163932 1.2658315794542425 14.955255977547498 0.42038993095047672 4.4521863188710977 1.4906225427985194 10.282169185637025 4.9163737715207381 5.6608133557892861 153.44797503453447 7.9161260282126023 0.057829580910037648 0.34170345157326742 59.225852084098733 2.2403014786759741 14.000834882906927 2.3434914285317072 4.2984926715071188 1.2957455346477278 0.32855414448567799 7.9525507127036672 5.8678733132983316 17.76461101595487 5.8249082823749649 0.46521340466279326 2.3117725016418254 5.8472383126791092 1.8706162840462628 9.0935950486600614 0.92717925131728296 16.950820169266084 0.46489304862916458 4.9270794639523956 1.277701411039742 1.1087077138945458 4.6076181003882075 1.1143169861170461 1.0267295710073074 0.81771693874907292 6.3785527785366867 0.43366872201295326 4.0617831835115785 0.56034754908614559 2.483038419894001
leaf_count=57486 434 38 693 5 125 25 879 967 116 5581 287 22 52 2948 464 46192 375 1205 82 51 3057 506 829 62 10 181 440 114 604 25 887 18 509 759 16 1868 156 162 36 369 326 487 39 472
internal_value=0.000327805 0.00548943 0.00250021 -0.00608091 -0.00287066 -0.0997642 0.0166822 -0.0150363 -0.000686645 -0.00410416 0.043277 0.024466 0.0636925 0.0177309 -0.101839 0.0214835 0.0549817 -0.00147164 -0.00181055 -0.0240067 -0.0209701 -0.0433956 -0.0658737 -0.000770194 0.0268069 -0.00172964 -0.000832982 -0.0561384 -0.0786528 0.0877497 -0.00512698 0.0227944 -0.0229559 0.000759766 -0.173416 0.0529972 0.0179663 0.00459774 -0.00330179 -0.0888719 0.0847451 -0.00150546 0.228824 0.0624905
internal_weight=1202.1 310.744 292.349 182.141 175.342 3.86516 110.208 21.7161 171.477 159.109 12.3683 88.4922 12.9674 75.5248 2.29813 73.2267 12.6257 891.357 887.058 39.7156 39.3871 26.0425 19.0604 847.343 28.4892 818.853 805.577 13.276 11.4054 9.79547 18.6937 13.3445 5.39197 18.2285 2.59933 18.3948 6.98219 16.7997 15.773 6.79894 6.28091 799.297 1.48753 8.30795
internal_count=129959 61654 59352 6562 6188 79 52790 1858 6109 5697 412 50932 1306 49626 486 49140 1254 68305 67100 5208 5157 1573 911 61892 2254 59638 58739 899 785 598 1656 3584 527 1646 41 2302 662 891 729 374 766 57973 64 534
is_linear=0
shrinkage=0.08


Tree=130
num_leaves=45
num_cat=0
split_feature=2 17 1 9 12 23 0 15 17 4 4 0 6 17 20 15 16 17 23 20 14 20 20 12 10 2 10 17 4 8 5 3 9 9 20 9 9 8 18 18 14 15 14 15
split_gain=1.64637 6.182 3.87121 5.65647 3.2257 3.18236 2.69336 2.66366 3.03664 2.47491 20.0867 2.54519 2.37625 3.55861 2.8707 3.51732 3.42216 12.0744 3.33641 2.7325 2.53337 2.06257 2.37877 1.96406 2.26715 3.33085 2.7584 2.46985 1.94941 1.77222 10.5207 8.81852 7.98098 7.90577 5.97242 5.24348 9.13351 9.15143 4.95987 8.86761 5.17884 4.00377 3.92985 8.88833
threshold=0.93684823947981855 0.68435125246270767 0.81173769550868147 0.78629976580796257 0.83796653796653808 0.62828143782232748 0.94444444444444453 0.9303336703741153 0.95074615893552894 0.72377109317681587 0.72046511627906984 0.73214285714285732 1.0000000180025095e-35 0.67806351061757264 0.65069803021610262 0.54295175023651854 0.31755368814192347 0.32795559025067234 0.84145395044413285 0.77820186598812569 0.22048611111111113 0.9157260621433102 0.54358379062895745 0.9099909990999101 0.73214285714285732 0.7854750512645251 0.77500000000000013 0.93357843137254903 0.87206764866339348 0.080540540540540509 0.11566332218506127 0.12276295133437994 0.63911657559198554 0.71081871345029246 0.9768778401496927 0.70871212121212135 0.73123827392120078 0.41060765718299969 0.74166666666666681 0.8047619047619049 0.44722222222222224 0.67821089455272376 0.18350168350168353 0.49189094415709655
decision_type=2 2 2 2 2 2 2 2 2 2 2 2 2 2 2 2 2 2 2 2 2 2 2 2 2 2 2 2 2 2 2 2 2 2 2 2 2 2 2 2 2 2 2 2
left_child=2 4 29 6 5 -2 9 -3 -9 10 -4 -11 13 -6 16 20 18 -18 -14 -17 -16 22 -7 24 25 -5 28 -28 -26 30 32 -31 -1 -32 41 38 -37 -38 40 -40 -33 -34 43 -35
right_child=1 7 3 23 12 21 -8 8 -10 11 -12 -13 14 -15 15 19 17 -19 -20 -21 -22 -23 -24 -25 26 -27 27 -29 -30 31 33 35 34 42 -36 36 37 -39 39 -41 -42 -43 -44 -45
leaf_value=-0.060939169727417086 -0.10074659385815299 0.063292942651558257 0.080208730576818862 -0.26594052778706262 0.083334078570272169 0.055198931462014579 0.082840885924508056 -0.079596032855128382 0.068060579478401689 -0.023507655177372071 -2.0218886169113941 -0.12908698575584981 -0.042446603880944338 -0.23303249684559396 -0.089043182201678589 -0.066934650719331995 0.29785996187839392 0.01572533860816239 0.0018567426173226379 0.046130916701181288 0.0018035709907391444 0.1996755117362656 -0.068644309464626352 0.078253424246252368 -0.11826707831919517 0.042399558823188091 0.076892026948870373 -0.080938516848613432 0.079905387289383206 -0.10086915780972407 -0.043892190921025385 0.0012738026838283332 0.0046933599043372893 0.058312530022725635 0.047551683709830775 -0.078059478108362751 -0.022738022035343808 0.011484152470980861 0.039045683142339263 -0.0016145746005650139 -0.031117738764772467 -0.020246665112014797 0.050931684024974791 0.25452352563121639
leaf_weight=12.978144303531733 0.95604765764437516 16.293104983258676 0.12407681991317332 0.2362317501610941 3.3943868729402307 10.558669347024983 0.53306857393909002 1.9693793714395718 1.628477203321381 2.1171929917327361 0.038003439505700953 4.7170899603806902 12.340553163492585 0.2439018134609795 7.2722321972833033 1.9744669941428572 1.0787558220908966 9.7017077391501498 91.852153677493334 4.4535498029435985 2.6916636642999947 0.5679929459292915 1.0956320457480622 1.669752032496034 2.9321206332606384 4.4097910078126006 1.5691167030745421 1.0654062132889519 0.35628767025627883 5.7908883445343227 4.4031564317410838 274.49015519644308 232.48288133894675 4.3271300250198719 18.202529596848763 12.600088360290099 115.11774955405417 88.422052626585355 59.698586119877291 80.775068656592339 35.698375973472139 50.068115292058792 14.752057352103291 2.2437703113537282
leaf_count=1327 61 29230 113 51 1328 242 152 958 9360 801 4 348 357 43 3133 73 56 704 1326 241 89 58 160 2652 348 1842 626 527 406 300 103 19504 4751 68 1399 1764 14165 14735 3228 9649 1043 2185 427 22
internal_value=0.000316664 0.00765903 -0.000879332 -0.0359408 0.00203774 0.0398164 -0.0904998 0.049536 -0.0127631 -0.103707 -0.412676 -0.0963796 -0.00165002 0.0621257 -0.00341636 -0.0347368 0.00104905 0.0439574 -0.00339053 0.011401 -0.0645017 0.0508115 0.0435563 -0.00237529 -0.0151135 0.0267217 -0.0479296 0.013065 -0.0967958 -0.000194486 0.00451779 -0.00257277 0.0004848 0.0537003 0.00313537 -0.00171911 -0.0119629 -0.00787118 0.00319385 0.0156652 -0.00245401 0.000273981 0.073853 0.125313
internal_weight=1199.89 168.073 1031.82 19.7681 148.182 13.1783 7.52943 19.891 3.59786 6.99636 0.16208 6.83428 135.003 3.63829 131.365 16.3919 114.973 10.7805 104.193 6.42802 9.9639 12.2223 11.6543 12.2387 10.569 4.64602 5.92293 2.63452 3.28841 1012.05 339.458 672.593 313.732 25.7261 300.754 666.802 216.14 203.54 450.662 140.474 310.189 282.551 21.323 6.5709
internal_count=129959 47419 82540 7870 7871 521 1418 39548 10318 1266 117 1149 7350 1371 5979 3536 2443 760 1683 314 3222 460 402 6452 3800 1893 1907 1153 754 74670 10282 64388 9662 620 8335 64088 30664 28900 33424 12877 20547 6936 517 90
is_linear=0
shrinkage=0.08


Tree=131
num_leaves=45
num_cat=0
split_feature=19 19 2 1 4 5 20 20 14 9 23 8 16 3 15 2 23 0 5 8 1 17 0 0 14 2 12 17 8 0 1 20 6 17 17 2 5 18 15 16 15 15 16 16
split_gain=1.65163 5.45978 3.92523 4.14786 6.01385 8.63004 3.69407 4.82361 3.54969 5.37454 5.77322 3.25872 3.20403 5.29076 3.97005 3.00046 3.16288 2.96872 5.56198 4.04998 3.61628 2.92842 2.90736 5.96683 3.18143 2.73008 2.77358 2.59571 2.55467 6.26202 2.54751 2.54059 6.18748 8.61211 7.06113 7.1895 6.5445 5.28595 6.41889 4.68841 4.48626 4.77919 4.36029 6.70711
threshold=0.30952380952380959 1.0000000180025095e-35 0.70275165533163475 0.65545505935556825 0.76506899055918676 0.79759036144578332 0.71199280945043675 0.70915538362346886 0.17752100840336138 0.85839598997493749 0.25961330908617036 0.039607843137254913 0.62580860565084939 0.10367218987908645 0.38004524886877833 0.88751700029750535 0.18390470563617797 0.10818713450292398 0.65261756876663723 0.59317129629629639 0.61143790849673219 0.91476344422428502 0.43650793650793657 0.41428571428571431 0.15075757575757578 0.39132370897076779 0.089719939627704207 0.92331216184427201 0.72046511627906984 0.73214285714285732 0.085867895545314946 0.54358379062895745 1.0000000180025095e-35 0.70991117344553545 0.71654228855721402 0.8057728017872946 0.30532015065913376 0.13809523809523813 0.41431417188389302 0.43645592985694515 0.35143325143325149 0.35726558664702995 0.494185260311021 0.50098039215686285
decision_type=2 2 2 2 2 2 2 2 2 2 2 2 2 2 2 2 2 2 2 2 2 2 2 2 2 2 2 2 2 2 2 2 2 2 2 2 2 2 2 2 2 2 2 2
left_child=1 31 3 11 -5 -6 7 8 15 21 -11 12 13 14 -2 16 -3 -4 19 -19 -20 -10 23 24 -13 30 -27 28 29 -8 -14 32 36 39 -35 -36 -1 -33 40 -34 -39 -42 -40 -44
right_child=2 6 17 4 5 -7 27 -9 9 10 -12 22 25 -15 -16 -17 -18 18 20 -21 -22 -23 -24 -25 -26 26 -28 -29 -30 -31 -32 37 33 34 35 -37 -38 38 42 -41 41 -43 43 -45
leaf_value=0.010760563970985793 0.074284143980656872 0.021754285454757338 0.074858100482534579 -0.056163814573882878 -1.3325577084090512 -0.23386384358277959 -0.077807057001888752 0.23619688187557028 0.03529251196970698 0.068421957364279251 -0.086416342518161007 -0.01803970687143211 0.037203614029233341 -0.10407735213053933 0.00050764816892831576 0.079749171749572315 -0.069437508191571864 -0.10403471950530932 0.078082598719304175 0.081207756049397881 0.015854021137046231 0.20105276975390035 0.08024686836565964 -0.2853911820961571 0.002089340262739122 0.25815890251782081 0.081893434814335142 0.084564915928143594 0.079609034593296477 -0.71614421892476787 -0.21276087554232997 -0.080149877852512347 -0.001790779919093922 -0.56390798265288955 -0.38296211162171634 -0.021813730864685722 0.065956025477385688 -0.061840864521073131 -0.054164351475526028 0.08366315008404053 0.23177090391823585 0.050441295976779266 0.10950030604400236 -0.0056208268243478432
leaf_weight=49.156255046837032 6.4184584175236585 2.9776199299667558 6.1863180717737114 1.9617572173374349 0.056430730968713649 0.24185784935252741 11.142308804170163 0.4818553295917799 8.4666734786587767 2.1542868376709512 5.4147538315155543 57.686638989085623 6.0578220895258692 2.3993497408519024 17.117557926278096 1.171577217435696 13.337146644058519 3.7593526666896642 6.8730490862071738 0.94529190949106112 45.829248413829191 0.74187402409734282 2.8504601001113761 0.47101740391371905 389.9278005961678 0.66682997590396542 3.989228508726228 0.69474816307774823 0.65058268601569658 0.099230363965035262 0.27268475119490165 5.8982150721276403 192.55014502978884 0.24565135594457332 0.46430502261500795 1.4687558989098759 19.086569616803899 2.089372684742556 11.687576078067648 4.1986528075067318 1.0077309705666255 12.097991277230902 3.2753721797489552 291.32390644221596
leaf_count=516 106 110 4348 716 1 86 6268 54 250 20 188 8303 488 155 362 43 2739 369 2320 444 53223 18 877 52 13908 12 323 62 78 1 64 6102 2566 5 11 195 2782 236 2754 63 47 881 249 17564
internal_value=0.000302907 -0.00245874 0.00350431 0.00107806 -0.10705 -0.441717 -0.0286082 -0.0151568 -0.0186916 0.00759604 -0.0423465 0.00157898 0.0244288 0.00909034 0.0206271 -0.0439137 -0.052794 0.0222036 0.0165295 -0.0668144 0.0239694 0.0486468 -0.00029193 -0.000804272 -0.000504805 0.0606373 0.107138 -0.0657407 -0.0745217 -0.0834417 0.0264365 -0.000376957 0.00541193 -0.0017188 -0.1599 -0.108559 0.026198 -0.00510118 -0.00372427 3.28215e-05 0.0470278 0.0643842 -0.00624211 -0.0043409
internal_weight=1195.59 641.883 553.711 490.118 2.26005 0.298289 47.3327 34.7458 34.2639 16.7776 7.56904 487.858 36.9219 25.9354 23.536 17.4863 16.3148 63.5933 57.4069 4.70464 52.7023 9.20855 450.936 448.085 447.614 10.9866 4.65606 12.5869 11.8921 11.2415 6.33051 594.55 267.17 198.928 2.17871 1.93306 68.2428 327.38 321.482 196.749 15.1951 13.1057 306.287 294.599
internal_count=129959 43802 86157 25453 803 87 9831 3422 3368 476 208 24650 1510 623 468 2892 2849 60704 56356 813 55543 268 23140 22263 22211 887 335 6409 6347 6269 552 33971 6138 2840 211 206 3298 27833 21731 2629 1164 928 20567 17813
is_linear=0
shrinkage=0.08


Tree=132
num_leaves=45
num_cat=0
split_feature=1 3 8 12 1 9 1 9 15 18 20 22 5 3 18 8 2 8 12 8 1 15 3 19 16 1 18 23 9 8 5 9 3 9 9 3 12 8 18 17 3 17 17 3
split_gain=1.57317 1.50948 16.6199 6.23601 6.27554 5.40569 5.34403 11.3208 5.93228 7.4177 7.00589 5.3105 5.07149 4.97066 4.90346 6.91768 6.35995 4.62565 10.3979 4.35118 4.30056 4.27398 3.83843 3.82294 3.28926 3.21497 4.14027 2.91378 5.44477 2.76953 7.89074 6.09978 5.7707 4.7803 3.4658 2.84539 2.5347 2.42585 2.38223 2.33048 2.16313 2.00297 1.95551 1.88786
threshold=0.044949494949494913 0.10367218987908645 0.068381063705435466 0.1021295089091699 0.095811818703384968 0.82404540763673906 0.074537037037037027 0.70412457912457926 0.36787031012795496 0.77350427350427364 0.44586453923803326 1.0000000180025095e-35 0.09393382352941175 0.13994288045695638 0.69615384615384623 0.059262510974539058 0.37799710424710425 0.050316455696202585 0.080540540540540509 0.0439613526570048 0.085867895545314946 0.68769904458598741 0.10933997509339978 0.11805555555555557 0.57739218818063021 0.080540540540540509 0.74166666666666681 0.36454831393468301 0.89897959183673481 0.080540540540540509 0.11566332218506127 0.71081871345029246 0.13994288045695638 0.63911657559198554 0.79205974842767313 0.44281045751633991 0.070802005012531324 0.038098693759071108 0.46862745098039221 0.58359213250517616 0.10762548262548262 0.55479161761243245 0.94456264775413723 0.093933823529411778
decision_type=2 2 2 2 2 2 2 2 2 2 2 2 2 2 2 2 2 2 2 2 2 2 2 2 2 2 2 2 2 2 2 2 2 2 2 2 2 2 2 2 2 2 2 2
left_child=-1 2 14 6 5 12 7 13 10 22 19 -12 -5 42 15 17 43 18 -2 -8 -11 -16 -10 -19 -18 36 -27 28 -23 30 33 -32 34 -6 -31 -34 -4 -29 39 -9 -7 -42 -3 -17
right_child=1 3 25 4 29 40 8 38 9 20 11 -13 -14 -15 21 16 24 23 -20 -21 -22 27 -24 -25 -26 26 -28 37 -30 32 31 -33 35 -35 -36 -37 -38 -39 -40 -41 41 -43 -44 -45
leaf_value=-0.070042711912502026 -0.089475214565793326 -0.088369041985354932 -0.16221101142795621 0.044423812792723692 -0.12514824956037496 0.0323793935806857 -0.10698791705359773 0.40850447806868362 -0.029167084338818521 -0.065183768314623441 0.10916231497724437 -0.11093358259024937 -0.14022516722647035 0.057406207379750766 0.075690700853705647 -0.049514630017294947 -0.114723210125696 0.12664397083651102 0.015725834181007075 0.017831415738626868 0.035312593098008993 0.036577628772638579 -0.074191330191218652 0.02317475483650009 -0.32234283965424632 -0.10515411257939088 -0.2886278144834562 -0.0096283376113358767 -0.12751615388883217 -0.2237890535895119 -0.038096599547536407 0.068988237887968692 -0.0070981140879940252 0.0041280328380265928 -0.054326463410577536 0.0027690873993670866 -0.0049857312384589741 0.08172624068442734 0.092869789984884155 0.13402464689084254 0.21666670990671169 0.10276686422961545 -0.27436077420788169 0.083235062917767846
leaf_weight=2.0320060912090403 6.6365239189181002 2.7365655587345814 0.9575007551684388 3.8854002334119269 1.8629088152083557 1.699681189493276 3.0305784719530475 0.3237561018031555 22.430329599170364 3.5930921821855 5.535899726790376 0.80342754320008669 1.2609024033008607 1.6799857486403196 14.356304778018968 1.4847699718666256 2.5390203285933244 3.861613381886853 63.992534850680386 4.3572915801778436 11.282977719674816 3.0371947761159372 26.359065632997954 5.5988615608439432 0.60466299206018437 2.3489143619808606 1.1839002780616281 3.1784617428784259 2.2549232253804803 0.9390558093728022 4.0605606454191756 21.066914610113599 283.58110854091501 105.61156910550199 4.3519062095147092 549.41022585827523 2.0857113834063057 4.4857001976342872 4.2980368323624134 0.50956391450017691 1.428751583676785 3.2039365387754515 0.41690453141927708 1.2738312441215383
leaf_count=440 401 447 56 76 37 77 40 44 483 67 202 46 41 92 548 31 97 42 833 62 639 54 973 124 14 74 10 435 63 28 86 517 17159 2830 122 101798 89 617 85 4 13 47 3 13
internal_value=0.000287932 0.000408067 0.00892071 -0.000545921 0.00127555 0.060081 -0.021029 0.034114 -0.028129 -0.0384136 0.0195703 0.081268 -0.000817278 -0.0537438 0.0160968 0.0067175 -0.0768658 0.0128773 0.00584082 -0.0333707 0.0110392 0.0456269 -0.053492 0.0654092 -0.154657 -0.114723 -0.166639 0.0123145 -0.0333412 0.0005803 0.0113234 0.0516835 -0.00111907 0.00188722 -0.0844032 -0.000590074 -0.0544543 0.0438399 0.116871 0.240664 0.109573 0.137894 -0.112958 0.0117848
internal_weight=1191.63 1189.6 119.88 1069.72 982.363 11.4787 87.3575 9.96481 77.3927 63.6655 13.7272 6.33933 5.1463 4.83346 113.304 85.9918 5.90228 80.0895 70.6291 7.38787 14.8761 27.3126 48.7894 9.46047 3.14368 6.57603 3.53281 12.9563 5.29212 970.884 132.602 25.1275 838.282 107.474 5.29096 832.991 3.04321 7.66416 5.13136 0.83332 6.33237 4.63269 3.15347 2.7586
internal_count=129959 129519 3501 126018 122831 254 3187 675 2512 2162 350 248 117 542 3272 1555 155 1400 1234 102 706 1717 1456 166 111 229 84 1169 117 122577 3470 603 119107 2867 150 118957 145 1052 133 48 137 60 450 44
is_linear=0
shrinkage=0.08


Tree=133
num_leaves=45
num_cat=0
split_feature=22 19 20 2 12 20 8 18 3 5 17 18 9 8 16 15 20 5 19 15 20 5 8 14 18 8 12 23 12 3 14 12 2 1 14 15 16 15 18 18 3 5 16 16
split_gain=1.59186 2.59652 4.96335 3.97483 4.22399 4.46145 3.52829 3.25606 3.15403 3.31713 3.19996 3.09974 4.08311 2.97868 2.86008 8.61692 5.35487 2.85857 3.25338 4.71937 4.20924 4.14821 3.59351 2.80753 2.80114 2.67224 6.61222 21.665 3.04507 2.93659 2.63807 2.27668 2.22141 2.53185 2.0307 1.72963 6.14923 4.84981 3.59848 3.44015 5.30822 8.27166 4.0443 4.86839
threshold=1.0000000180025095e-35 0.43650793650793657 0.92334401709401726 0.72790526033279668 0.67755265262596653 0.89202437731849515 0.087595907928388797 0.2817460317460318 0.093933823529411778 0.059262510974539072 0.79324593901396423 0.86038961038961048 0.85239651416122009 0.22903981264637005 0.87696421225832999 0.85339080459770122 0.94092721834496518 0.28147007042253525 0.63333333333333341 0.59102104791759968 0.94466316710411202 0.28743545611015497 0.28035087719298252 0.4045454545454546 0.88562091503267981 0.20761494252873566 0.17817460317460324 0.49244155802490081 0.083771929824561456 0.39736842105263165 0.38675213675213682 0.72438780609695164 0.89227130325814541 0.99593495934959353 0.267948717948718 0.37053001277139214 0.3385429385429386 0.37294861447403826 0.70714285714285718 0.36602870813397131 0.25227272727272732 0.11566332218506127 0.35025645031112507 0.37150663544106172
decision_type=2 2 2 2 2 2 2 2 2 2 2 2 2 2 2 2 2 2 2 2 2 2 2 2 2 2 2 2 2 2 2 2 2 2 2 2 2 2 2 2 2 2 2 2
left_child=35 8 3 4 5 13 -7 32 -2 10 -10 14 24 -3 15 -11 -16 25 19 20 -19 22 -20 -23 -13 28 27 -27 30 -28 -4 -6 -5 -34 -30 -1 -37 38 -38 40 41 -39 -41 -44
right_child=1 2 17 7 31 6 -8 -9 9 11 -12 12 -14 -15 16 -17 -18 18 21 -21 -22 23 -24 -25 -26 26 29 -29 34 -31 -32 -33 33 -35 -36 36 37 39 -40 42 -42 -43 43 -45
leaf_value=0.0049943896166591032 0.070727931484557957 0.019450657559644324 -0.23713915069556085 -0.068247938048538542 -0.17347218729168906 0.078929312647482264 -0.05822051320203487 0.065454480160933443 -0.52049887018406682 7.7618664472712734e-06 -0.033884606843824168 -0.26406627654078563 0.080653898131645946 -0.0065162184337274314 0.058671338986759011 -0.068293925883590081 -0.018934711720961967 0.26218650388690828 0.033881734464349125 0.036786952087940854 0.038313485905991734 -0.04412678678009975 0.38014779678264687 0.045604658848725541 -0.032037566610601247 0.080601220384786287 -0.046938545492574153 -0.83166710729589211 -0.017991341320228994 0.052842674715746128 0.0030933585882230961 0.074902472990999211 0.06042128153920092 -0.026373129080654673 0.069927505392946149 -0.14026685696835992 -0.055343041173113221 -0.01761138866468542 -0.29777390097527134 0.11243747635943692 -0.058279503679371979 0.13319633211835272 -0.13365785314242973 -0.0015890893084189589
leaf_weight=156.52868621711605 3.910727488640986 52.813999264195445 0.43591679900419211 2.1678054229123545 1.3337860383981013 1.3390503435803101 11.600340222037628 11.352055357765492 0.15401979770103835 293.60179114145285 0.19725232571363449 0.86142727700644062 0.56282138275855675 60.843315043741313 13.631951884468437 12.317341667832805 9.7675667279909231 1.6929181505547615 0.35799983341712582 2.5953185830549046 0.7875505037154652 2.7337265588903383 0.41320477539557032 12.149192286171454 0.54282100341515616 0.45620984176639279 3.8983316260273568 0.26245563162956387 2.092195823788642 3.6598651897802483 0.88953672943171114 0.28702004400111025 4.8887540624564263 3.8409086475730874 8.5624828492873331 2.1302315573848309 1.1671619352709957 20.121078745301933 0.58990124380215991 1.9813068662770081 18.030497330699291 2.6321952184953252 1.7933815821015731 455.30383248167345
leaf_count=7117 88 1673 20 91 111 232 460 21451 39 21532 5 23 163 2849 1582 938 432 94 16 701 258 596 24 8145 42 70 171 13 70 155 68 80 94 44 737 530 219 2310 7 17 11369 119 37 45167
internal_value=0.00026605 0.00354492 0.010979 0.0042562 -0.00116026 0.000482724 -0.0440274 0.0354696 -0.00069673 -0.00153898 -0.247247 -0.00127845 -0.101405 0.00555001 -0.00068038 -0.0027423 0.0262766 0.0356589 0.0565437 0.112201 0.191107 0.0384971 0.219408 0.0291226 -0.174374 0.0142865 -0.0206708 -0.252558 0.0384378 0.00137798 -0.0759146 -0.129489 0.00423399 0.0222332 0.0526634 -0.00235098 -0.00463339 -0.00405739 -0.136735 -0.00359102 -0.0258576 -0.000165312 -0.00161289 -0.00210725
internal_weight=1187.28 527.002 191.454 150.467 128.218 126.597 12.9394 22.2495 335.548 331.637 0.351272 331.286 1.96707 113.657 329.319 305.919 23.3995 40.9869 20.7299 5.07579 2.48047 15.6541 0.771205 14.8829 1.40425 20.257 8.27686 0.718665 11.9801 7.5582 1.32545 1.62081 10.8975 8.72966 10.6547 660.278 503.75 501.619 1.75706 499.862 40.7838 22.7533 459.079 457.097
internal_count=129959 63067 38223 27085 5405 5214 692 21680 24844 24756 44 24712 228 4522 24484 22470 2014 11138 9834 1053 352 8781 40 8741 65 1304 409 83 895 326 88 191 229 138 807 66892 59775 59245 226 59019 13798 2429 45221 45204
is_linear=0
shrinkage=0.08


Tree=134
num_leaves=45
num_cat=0
split_feature=9 2 20 3 8 3 4 12 1 4 16 16 23 2 8 20 9 14 2 3 17 9 17 2 20 19 18 19 19 19 8 17 15 6 7 3 20 20 23 0 2 3 12 0
split_gain=1.5218 4.97244 4.44496 4.13723 4.66047 4.10457 5.62222 4.03925 3.65705 5.87552 6.12401 3.20342 2.68777 4.06066 3.57139 2.64791 3.24269 3.47531 2.86297 3.41164 2.75114 2.32218 3.38702 2.27495 1.89017 2.20075 3.07503 1.79505 4.30515 3.32913 3.69304 3.5163 3.30352 6.49857 10.4707 4.93315 4.27875 6.5209 4.1808 3.16976 4.43747 5.9142 7.8539 5.31167
threshold=0.33558558558558566 0.45003840245775734 0.44586453923803326 0.25227272727272732 0.18321678321678322 0.28801843317972353 0.16271373414230558 0.16271373414230558 0.20550527903469087 0.23132664437012265 0.89749843652282701 0.49707562335396932 0.49244155802490081 0.50976062923431353 0.27812939521800289 0.91693205944798317 0.28232998885172805 0.62828947368421062 0.43420765967205593 0.48934240362811798 0.73541565386485186 0.35948717948717951 0.94923064906662513 0.44274030933694802 0.88255578093306297 0.23611111111111113 0.58578431372549034 0.30952380952380959 1.0000000180025095e-35 0.19090909090909094 0.55245781364636837 0.8451542588866533 0.60248687055915984 1.0000000180025095e-35 0.22500000000000003 0.99494949494949514 0.75937646507266776 0.5052088985349974 0.28667349726775965 0.38750000000000007 0.54327928406875781 0.41728855721393038 0.23845060412224597 0.35416666666666669
decision_type=2 2 2 2 2 2 2 2 2 2 2 2 2 2 2 2 2 2 2 2 2 2 2 2 2 2 2 2 2 2 2 2 2 2 2 2 2 2 2 2 2 2 2 2
left_child=1 3 -3 7 -5 6 -4 23 12 11 -11 -10 14 -14 -7 18 -17 -18 20 -20 -6 22 24 -1 25 -2 -27 28 32 -30 31 -31 33 34 -23 -35 37 -34 -38 40 -29 42 -42 -43
right_child=21 2 5 4 15 8 -8 -9 9 10 -12 -13 13 -15 -16 16 17 -19 19 -21 -22 27 -24 -25 -26 26 -28 39 29 30 -32 -33 36 35 -36 -37 38 -39 -40 -41 41 43 -44 -45
leaf_value=0.051932823729122488 -0.08234654481022563 0.089833259026015563 -0.042727392367991411 -0.063287337576529976 -0.052402571034729485 -0.00069658978855797267 0.16239448096660172 -0.15511595439441084 -0.087469587856300338 -0.013727553277329345 0.091125711424664038 0.075888745437665828 -0.20432704724605505 0.080992224244758285 -0.16123895408605721 0.01687158077136661 -0.18659327671668696 0.016461307523036709 -0.12987724468188552 0.075228574270281734 0.062183300126428316 0.0082506353952823373 0.082964025544645853 0.23279907863368871 -0.1057491938650348 -0.061698081889636151 0.094248191934472328 0.0058857489845131608 -0.072914492914226345 -0.039645530777923967 0.047156916446224446 0.03337732048793457 0.074440474781949248 -0.047530590881634742 0.073500312779219798 -0.0014575106866600907 0.14136409188143803 -0.040886122173900856 -0.0045306073259091277 0.024265961667086455 0.16294076647581843 -0.0039607120727732969 -0.069673983146913587 -0.47791084376020804
leaf_weight=4.6260885012306963 2.7001074979343667 5.5600174812570904 1.2709447701054153 13.058002682380904 1.631712529022481 20.923109967130593 2.6143066257063765 0.57032327668275673 0.81491159524011791 22.47288943176682 4.2370774754162985 13.421957654645665 1.0529533359222103 0.45813699593418267 0.92607549384410859 2.3686482956109094 1.540281074398081 0.83020649231912091 1.4878833020920859 0.79706798237748433 7.5269318097271025 102.86640678114782 1.290029320414759 0.49245739448815573 3.1416005027422216 1.6354753684427126 1.6018526831030611 335.06047208131349 8.3581032563815807 24.946091921850897 4.9702149693257516 5.0797262901905915 3.404920194647274 16.036115009163041 18.58318514887651 205.12807180671371 1.2679041435185343 40.000517550681252 147.14982769814378 42.103451075694466 0.98643230154994199 93.373287036214606 15.940460825673652 0.15158301418705278
leaf_count=208 133 60 34 356 109 492 28 16 123 860 555 242 28 42 52 70 40 24 45 19 61 6495 145 4 174 172 61 13279 2525 6461 352 64 60 1897 3158 8138 44 1834 11364 51850 34 16026 2197 28
internal_value=0.000254769 0.00927653 0.0210527 -0.0155884 -0.0277325 0.0154447 0.0952949 0.0468324 0.0106204 0.0250301 0.00290562 0.0665382 -0.0146375 -0.117823 -0.00750116 0.000956987 -0.049329 -0.115478 0.0217819 -0.0583294 0.0417686 -0.000656669 -0.0383327 0.069334 -0.0555676 -0.0290156 0.0154652 -0.000289987 -0.00330663 -0.0275522 -0.0167183 -0.0272916 -0.00133981 0.00336648 0.0182346 -0.00479817 -0.00974566 -0.0318394 -0.00328426 0.00328453 0.00130167 -0.0126044 -0.0561181 -0.00472888
internal_weight=1184.46 108.682 73.7524 34.9296 29.2407 68.1924 3.88525 5.68887 64.3071 40.9468 26.71 14.2369 23.3603 1.51109 21.8492 16.1827 4.73914 2.37049 11.4436 2.28495 9.15864 1075.78 10.3691 5.11855 9.07904 5.93744 3.23733 1065.41 577.791 43.3541 34.996 30.0258 534.437 342.614 121.45 221.164 191.823 43.4054 148.418 487.616 445.512 110.452 16.9269 93.5249
internal_count=129959 3468 2516 952 724 2456 62 228 2394 1780 1415 365 614 70 544 368 134 64 234 64 170 126491 685 212 540 366 233 125806 42392 9402 6877 6525 32990 19688 9653 10035 13302 1894 11408 83414 31564 18285 2231 16054
is_linear=0
shrinkage=0.08


Tree=135
num_leaves=45
num_cat=0
split_feature=1 3 8 2 17 5 14 17 3 12 1 9 5 3 12 8 9 8 1 2 2 17 18 8 12 15 9 23 23 18 12 17 15 8 23 19 23 3 1 9 12 18 9 8
split_gain=1.40097 1.41972 7.24365 12.0122 7.84828 3.86991 3.69643 4.55965 3.71863 3.11927 8.69285 5.68515 4.35842 4.09421 10.6629 6.98171 5.27059 5.00667 8.96542 7.32736 7.58459 4.70406 4.59294 4.16231 3.67974 3.14844 3.05727 2.96758 2.71626 6.71097 2.95516 3.52186 2.65208 2.62085 2.43339 2.12296 2.11575 3.30532 2.32613 1.8812 1.74391 1.53526 1.72688 1.48615
threshold=0.044949494949494913 0.095811818703384968 0.059262510974539058 0.38150735261091812 0.74646766169154244 0.059262510974539072 0.19139194139194141 0.42606122974015953 0.093933823529411778 0.1021295089091699 0.095811818703384968 0.81016731016731025 0.09393382352941175 0.11189358372456966 0.080540540540540509 0.080540540540540509 0.92770034843205595 0.068381063705435466 0.080540540540540509 0.38779220779220785 0.37799710424710425 0.95669224211423709 0.65476190476190488 0.042109929078014141 0.080540540540540509 0.35452015441242485 0.91734972677595639 0.20453791217856562 0.2779877203406616 0.54772727272727284 0.093933823529411778 0.63661757237176242 0.40827011432845395 0.080540540540540509 0.18390470563617797 0.30952380952380959 0.19608038593222074 0.11852502194907817 0.14670014347202301 0.76293487957181105 0.092665474060822942 0.74166666666666681 0.93142633228840133 0.055946791862284857
decision_type=2 2 2 2 2 2 2 2 2 2 2 2 2 2 2 2 2 2 2 2 2 2 2 2 2 2 2 2 2 2 2 2 2 2 2 2 2 2 2 2 2 2 2 2
left_child=-1 2 6 5 -5 -4 7 27 35 13 11 12 39 17 16 21 33 19 24 20 -3 -16 -17 -21 -19 -13 -10 43 30 -30 31 -8 -27 -15 -12 -9 37 -36 -38 -11 -31 42 -7 -2
right_child=1 9 3 4 -6 41 28 8 26 10 34 25 -14 14 15 22 -18 18 -20 23 -22 -23 -24 -25 -26 32 -28 -29 29 40 -32 -33 -34 -35 36 -37 38 -39 -40 -41 -42 -43 -44 -45
leaf_value=-0.067457336225448 -0.016824642666833062 0.051197976022153348 -0.12355469740626414 -0.10386536396938398 -0.40135400253842629 -0.060056599853237226 -0.0081105585699877396 -0.07086718429407958 -0.063018456244116866 0.068682650247659571 0.062596499732226668 -0.044333612429279842 -0.13724700054260866 0.044917669236139608 -0.077023068166641312 -0.075415843427617216 0.19170087887647619 -0.030783987748073446 -0.1262338937961531 -0.0023133075660393219 -0.1023242022817946 -0.3045245810528513 0.036740762564747405 0.033907033107776298 0.095715716701925455 0.21229771003136885 -0.29522658009169261 0.18067672776414451 -0.099778113461643753 0.053342044501369285 0.17754817051586017 0.092538148494966568 0.095490382543575059 -0.078281562295366591 0.029680269914870504 0.016244667869148126 0.0095943615230418434 -0.12380470309850099 -0.001218611008890626 -0.056023187280990108 -0.039578104503904907 0.10643020236577128 0.090683322943130862 0.12272480420603075
leaf_weight=1.9531802748970211 1.8097739033182731 2.818845632922601 0.99211508491862233 1.8767284636851402 0.81361842504702497 1.1278932406203241 3.4105816744267941 2.8101683633867633 0.95187846860062542 3.0311568059842093 4.0244807179551563 0.84935449808835883 1.1894344043248564 5.2224706518318262 18.810483299865162 3.594456569720931 1.3609214969910679 4.4336769705187162 5.601273527732701 61.265241215805872 7.6457964910950977 0.60024128993973036 6.6786742908880115 30.371343425867963 2.2029244037548779 1.5335772522375899 0.58643868379294872 1.0618199104792436 2.4384558177553144 12.729426029836757 1.5164947754237807 6.4009565737796947 6.5885441112914123 1.401724624156486 1.5346733552432845 4.9343352543946821 151.26665918638173 2.1644142520963214 804.57899423810886 1.0397371780127285 1.4387630012352008 1.8387016284978015 0.85517190222162742 0.66894013015553344
leaf_count=440 96 147 33 65 14 41 49 138 42 61 41 9 41 289 725 213 14 219 177 1642 493 40 113 872 39 14 12 18 37 618 8 110 160 98 31 98 4062 37 118414 27 83 66 9 4
internal_value=0.000240347 0.000352587 0.0137896 -0.0584405 -0.193832 0.0172263 0.0270884 -0.00847028 -0.0379314 -0.000221406 0.00143597 0.0635025 -0.00252984 -0.0108826 -0.0337569 -0.0558327 0.0483076 -0.00334668 -0.0517003 0.002449 -0.0609702 -0.0840581 -0.00250161 0.00969129 0.0112058 0.10222 -0.151541 0.0687729 0.0434115 0.0228081 0.0736158 0.0575517 0.117545 0.0188479 0.000519258 -0.0153647 0.000258897 -0.060127 0.000492588 0.0368318 0.0439061 0.0537725 0.0049481 0.0208361
internal_weight=1180.02 1178.07 48.2623 7.50423 2.69035 4.81388 40.758 12.8234 9.28282 1129.81 977.801 14.2318 5.26033 152.008 37.669 29.6839 7.98512 114.339 12.2379 102.101 10.4646 19.4107 10.2731 91.6366 6.6366 8.97148 1.53832 3.54053 27.9347 16.6066 11.328 9.81154 8.12212 6.6242 963.569 7.7445 959.545 3.69909 955.846 4.07089 14.1682 3.82177 1.98307 2.47871
internal_count=129959 129519 1541 228 79 149 1313 408 290 127978 122897 312 129 5081 1492 1091 401 3589 435 3154 640 765 326 2514 258 183 54 118 905 738 167 159 174 387 122585 236 122544 68 122476 88 701 116 50 100
is_linear=0
shrinkage=0.08


Tree=136
num_leaves=45
num_cat=0
split_feature=22 9 2 9 3 18 8 8 3 9 9 17 14 16 12 23 15 1 8 17 17 19 23 12 9 15 17 5 3 12 20 18 23 20 16 16 14 15 20 15 4 18 0 1
split_gain=1.43473 2.19327 2.64494 3.12164 4.84247 2.43015 3.83324 4.59265 5.32435 3.5867 3.26011 3.241 4.60714 6.56524 4.97025 3.24598 2.3251 2.20345 2.17977 2.17358 2.34648 2.28445 2.63536 3.87118 1.60549 1.75514 3.63049 3.70838 3.80648 5.2072 3.279 3.19648 5.72262 4.94085 3.78952 3.58278 4.0766 6.81791 5.22565 3.24403 3.23259 2.10296 2.00526 4.35739
threshold=1.0000000180025095e-35 0.21244358478401035 0.36086927263397856 0.36700680272108849 0.28801843317972353 0.79285714285714304 0.3066239316239317 0.32049382716049385 0.34960317460317464 0.85239651416122009 0.84409722222222239 0.92089677095532896 0.43167701863354041 0.77505980861244039 0.21132376395534294 0.55555926792144639 0.79925373134328359 0.40238095238095245 0.19112850619699936 0.77568613652357499 0.82007194244604331 0.30952380952380959 0.51756920888499847 0.16271373414230558 0.21244358478401035 0.32737905369484321 0.46681350954478712 0.091431556948798384 0.12276295133437994 0.10933997509339978 0.45956843940714914 0.36602870813397131 0.31930420511692098 0.96978824388462959 0.47921466973886334 0.3385429385429386 0.18898809523809526 0.45724037055095085 0.56826357096141289 0.67821089455272376 0.25677655677655681 0.58578431372549034 0.73214285714285732 0.77712418300653618
decision_type=2 2 2 2 2 2 2 2 2 2 2 2 2 2 2 2 2 2 2 2 2 2 2 2 2 2 2 2 2 2 2 2 2 2 2 2 2 2 2 2 2 2 2 2
left_child=24 19 3 4 -3 11 9 16 -9 10 -7 12 13 -4 -14 -13 -8 -17 -11 -2 -21 -22 -23 -24 -1 26 30 41 -29 -30 42 32 33 34 -27 -33 37 -37 -38 -34 -35 -28 -26 -44
right_child=1 2 5 -5 -6 6 7 8 -10 18 -12 15 14 -15 -16 17 -18 -19 -20 20 21 22 23 -25 25 31 27 28 29 -31 -32 35 39 40 -36 36 38 -39 -40 -41 -42 -43 43 -45
leaf_value=0.033168373789843268 -0.102078085868506 0.068218151652565132 0.00030620592490507385 0.083427053905595724 -0.12727940941855276 -0.007335264914062156 0.19793370675662292 -0.4454948272339424 0.031022057908188121 0.070068941147523753 -0.14471305075719185 0.089020265177026103 0.010232196532156922 0.041092277212001163 -0.039527874141083601 -0.074041883784297241 0.059843540088079544 0.046726477511423108 -0.010608876441814234 0.072921455379221081 -0.10076865377747125 0.025484493135332565 -0.31977446722000208 0.080940337727837208 -0.00826268896828934 -0.02717265977539797 -0.081590109880244788 0.13396264183388706 -0.2741095629321913 0.05045474102541847 -0.085510858156952793 -0.11526814883896896 -0.063677439492970306 0.072883026227059652 0.037422849495941914 -0.0073055772872619509 -0.023174207795945482 0.060671454364935019 -0.00029045602262009896 0.077385757154012469 0.34034887950603482 0.048977962475734417 0.07937913555910725 0.0063430783417666751
leaf_weight=8.0797558068297786 2.2791193632947389 1.9206700128852374 342.34099061065717 5.6370455328578828 1.4033995616337049 28.850125531927919 1.6074840753281052 0.15093905478716152 26.023263278126251 6.482647142140193 1.149607146042398 5.2804343361494812 20.204491091892123 27.270528962333628 35.278114698645368 1.7448199493810537 1.5166091598803175 2.1686386612600472 3.2019223952665925 1.6066257674247006 2.2254470027983189 3.6312831246905262 0.36714296042919148 0.26614586338109802 51.050386005590553 21.771264004448319 1.8347266037453658 3.8815118120983225 0.34078578534536053 4.4140274944656994 2.7146284489717791 1.8018708247691382 19.635403359177875 1.4666500402163354 7.9294398935089694 21.345551907230401 78.206847008601471 16.934493101696717 348.27178649038615 1.1019219702284306 0.36022724279609963 1.3857560902833936 5.767263389308936 55.907030542148277
leaf_count=177 264 41 26334 112 47 711 12 2 21437 986 37 159 287 4165 5960 10 34 2012 41 11 15 198 2 190 1344 3145 30 30 7 151 1218 39 13530 220 596 364 1423 446 43170 49 12 23 101 817
internal_value=0.000224821 0.00335011 0.00408772 0.0471685 -0.0143196 0.00332063 0.0172691 0.0392169 0.0282741 0.00106533 -0.0125997 0.00110505 8.86919e-05 0.00331547 -0.0214073 0.0480981 0.130897 -0.00711823 0.0433952 -0.0330641 -0.0136374 -0.0350654 -0.000778413 -0.15137 -0.00227181 -0.00271499 0.00570268 0.0478585 0.0751794 0.0271926 0.00137284 -0.0047803 -0.0235417 -0.0020726 -0.00992707 -0.00267862 -0.00224211 0.0227664 -0.00448684 -0.0561817 0.125622 -0.0254074 0.00346516 0.0131728
internal_weight=1176.81 522.607 512.232 8.96112 3.32407 503.271 68.9826 29.2983 26.1742 39.6843 29.9997 434.288 425.094 369.612 55.4826 9.19389 3.12409 3.91346 9.68457 10.3758 8.09664 6.49002 4.26457 0.633289 654.201 646.122 127.296 11.8568 8.63633 4.75481 115.439 518.825 52.2649 31.5276 29.7007 466.561 464.759 38.28 426.479 20.7373 1.82688 3.22048 112.725 61.6743
internal_count=129959 63067 62387 200 88 62187 23260 21485 21439 1775 748 38927 36746 30499 6247 2181 46 2022 1027 680 416 405 390 192 66892 66715 3721 241 188 158 3480 62994 17552 3973 3741 45442 45403 810 44593 13579 232 53 2262 918
is_linear=0
shrinkage=0.08


Tree=137
num_leaves=45
num_cat=0
split_feature=9 2 20 15 3 18 15 2 3 8 15 15 3 14 19 20 9 14 2 3 17 9 17 16 23 5 3 23 2 8 20 16 14 14 20 8 3 23 19 16 17 3 2 0
split_gain=1.31711 4.2666 4.00578 3.52571 5.63759 5.15918 3.71625 3.35256 3.32346 3.79138 3.74579 3.65906 3.31441 2.49963 2.25825 2.25619 2.806 3.12525 2.51591 3.06285 2.3395 2.00243 3.00853 1.95063 3.44076 5.8758 1.79619 1.73716 2.11922 1.76911 1.67499 3.45195 6.92805 9.05377 6.35721 5.74863 3.98871 3.71604 3.49404 3.16973 3.58059 2.77749 13.4233 6.91171
threshold=0.33558558558558566 0.45003840245775734 0.44586453923803326 0.54585502603123759 0.28801843317972353 0.42261904761904767 0.41431417188389302 0.63775174776446208 0.25227272727272732 0.18321678321678322 0.70620204603580572 0.42672245467224551 0.42967032967032975 0.4188596491228071 0.63333333333333341 0.91693205944798317 0.28232998885172805 0.62828947368421062 0.43420765967205593 0.48934240362811798 0.73541565386485186 0.35948717948717951 0.94923064906662513 0.9206948188080265 0.49244155802490081 0.23013871374527115 0.22474747474747478 0.54982746721877163 0.41827731092436987 0.29459980713596917 0.95720390720390736 0.62580860565084939 0.43167701863354041 0.44222222222222224 0.97309362934362953 0.042781972088766836 0.40270270270270275 0.33983833179319173 0.63333333333333341 0.38377965703547107 0.46943566158857913 0.44281045751633991 0.52580367163700503 1.0000000180025095e-35
decision_type=2 2 2 2 2 2 2 2 2 2 2 2 2 2 2 2 2 2 2 2 2 2 2 2 2 2 2 2 2 2 2 2 2 2 2 2 2 2 2 2 2 2 2 2
left_child=1 8 -3 6 -5 12 14 -7 10 23 11 -1 -6 -8 26 18 -17 -18 20 -20 -11 22 27 24 25 -10 -4 28 -2 -30 41 35 34 -34 36 -32 -33 -35 -36 40 -37 42 -23 -43
right_child=21 2 3 4 5 7 13 -9 9 15 -12 -13 -14 -15 -16 16 17 -19 19 -21 -22 30 -24 -25 -26 -27 -28 -29 29 -31 31 32 33 37 38 39 -38 -39 -40 -41 -42 43 -44 -45
leaf_value=0.077151054687595755 0.017364867953194096 0.086824747145405973 0.11465798357125478 0.13343554828692356 0.17568837400653289 0.004130310244753195 -0.075811596683002039 0.087042961705604563 -0.078202328678990685 -0.049041127131526974 0.11349697845154982 -0.099124787231451475 0.028935348927545387 0.038964639567862246 0.099321297173748505 0.015731322590969647 -0.17933035607934231 0.015574736362915721 -0.1270844721711723 0.070693882844576963 0.058596486731202095 -0.0018687405972414412 0.082748466487737982 0.033624394488292471 -0.22408677487657763 0.1001302505085504 -0.076629592578426817 0.087904873921963347 -0.11327052852744549 -0.026020559078864271 0.064800544737223631 0.15844205647357423 -0.43463966721568964 -0.18245744693738383 0.038662769135231305 -0.080171525410463365 0.040580444710207088 0.0065467646299365813 -0.076732950280109818 -0.067606654082827677 0.25127170057898413 0.023431625305759658 -0.052139849261485224 -0.0017933500441731887
leaf_weight=1.3944479829588083 1.7199873256395184 5.2729621704784213 0.42317407688824382 2.802862095180898 2.0441148299723859 45.25066304957727 6.7183570026609214 3.3523777606678768 9.4689204193273309 1.5707896100939231 2.544299841625616 1.639977970444306 1.900867620075587 1.4823020459152756 1.9937820172053762 2.3293258288904317 1.4604106003098425 0.82337829850439437 1.4019050214847077 0.77991863735951472 7.2901949216611683 434.84930012732366 1.1946470481270797 1.3475797330029298 0.8391892574727543 1.3511908805812716 1.2196000056501359 0.52926597338228099 4.2139431355317356 2.298620716050209 3.2724991285285787 4.7094923492986736 0.30040822923183341 0.67042632447555561 10.313891281613904 0.39647451425116642 3.0135970720220939 95.636513635719894 2.0059007979543813 10.456196597922824 0.44021708404761739 85.68784392127418 36.876951932026714 368.42171092144054
leaf_count=80 93 60 2 36 71 623 511 705 264 109 35 113 66 58 26 70 40 24 45 19 61 15133 145 61 5 26 358 65 199 183 118 70 4 11 502 778 519 24606 265 3245 17 7908 6484 66146
internal_value=0.000210504 0.00868506 0.0196819 0.0144125 0.0228873 0.0169907 -0.0252157 0.00984918 -0.0145862 -0.0255817 0.0419076 -0.0181185 0.104976 -0.0550653 0.0420969 0.000938492 -0.0460489 -0.109061 0.0205674 -0.0563863 0.0395155 -0.000636965 -0.0363462 -0.0575031 -0.0680356 -0.0559326 -0.0273544 -0.0525844 -0.0616163 -0.0824755 -0.000300617 0.00815844 0.0127435 0.00386323 0.0555469 -0.0285623 0.112452 0.00523104 0.0198741 -0.0556173 0.0942141 -0.00149949 -0.00579866 0.00296646
internal_weight=1173.71 106.703 72.4611 67.1881 55.3509 52.548 11.8372 48.603 34.2415 28.6628 5.57873 3.03443 3.94498 8.20066 3.63656 15.6559 4.61311 2.28379 11.0428 2.18182 8.86098 1067.01 9.95646 13.0069 11.6593 10.8201 1.64277 8.76182 8.23255 6.51256 1057.05 131.216 116.65 96.6073 20.0429 14.5654 7.72309 96.3069 12.3198 11.2929 0.836692 925.836 471.726 454.11
internal_count=129959 3468 2516 2456 1501 1465 955 1328 952 724 228 193 137 569 386 368 134 64 234 64 170 126491 685 356 295 290 360 540 475 382 125806 30135 25977 24621 1356 4158 589 24617 767 4040 795 95671 21617 74054
is_linear=0
shrinkage=0.08


Tree=138
num_leaves=45
num_cat=0
split_feature=2 18 12 23 23 1 9 15 15 22 14 23 15 0 0 6 7 14 22 23 9 15 17 2 12 1 9 9 2 8 15 8 20 18 17 9 3 9 9 2 3 8 3 8
split_gain=1.32871 5.27193 3.64589 3.98563 3.74109 3.35516 4.4193 3.33335 5.08844 3.29501 2.65408 4.54291 3.08112 2.58888 2.76568 2.55797 3.53407 2.4555 2.39544 3.11068 2.09302 1.95482 2.61952 1.89255 1.8258 3.15592 2.90437 1.78342 3.78211 2.22823 4.78371 4.07115 5.10416 3.68837 2.84388 2.12531 8.16124 4.84129 4.27942 5.14531 3.93278 3.22733 3.13707 13.7175
threshold=0.93684823947981855 0.42261904761904767 0.89966442953020154 0.65771714912854928 0.62225118842382943 0.81173769550868147 0.85329985652797713 0.41229243723931691 0.50108225108225113 1.0000000180025095e-35 0.059714795008912663 0.72669464452943811 0.3894271075919889 0.94444444444444453 0.78888888888888908 1.0000000180025095e-35 0.35416666666666669 0.17519181585677754 1.0000000180025095e-35 0.77067167919799517 0.68469785575048747 0.9303336703741153 0.95256842894638183 0.95295417409388006 0.87206764866339348 0.87007672634271105 0.94935897435897443 0.97100840336134464 0.36086927263397856 0.042781972088766836 0.64352130865260448 0.050316455696202585 0.38496824276640801 0.77350427350427364 0.63661757237176242 0.551981471950592 0.13994288045695638 0.5300120048019209 0.5656275635767023 0.36086927263397856 0.22474747474747478 0.43826219512195125 0.10933997509339978 0.065044949762030693
decision_type=2 2 2 2 2 2 2 2 2 2 2 2 2 2 2 2 2 2 2 2 2 2 2 2 2 2 2 2 2 2 2 2 2 2 2 2 2 2 2 2 2 2 2 2
left_child=5 2 4 -4 -2 27 13 10 17 -10 11 -5 -12 14 15 16 -7 -9 19 -6 -17 -3 -23 -21 25 26 -8 35 -29 30 34 32 -31 -32 -30 36 -1 40 39 -37 -38 -41 43 -40
right_child=1 21 3 7 18 6 24 8 9 -11 12 -13 -14 -15 -16 20 -18 -19 -20 23 -22 22 -24 -25 -26 -27 -28 28 29 31 33 -33 -34 -35 -36 38 37 -39 42 41 -42 -43 -44 -45
leaf_value=-0.099853480610226586 -0.095515925515254257 0.0510969431054853 0.15873704787414039 -0.075128124887479414 -0.10214753857629974 -0.067502588086711501 0.065333307108409691 -0.088724700397123532 -0.10175986076331095 0.037169107536292829 0.071366138808160354 -0.0027613056798943126 -0.068868848260998497 0.082506066444123324 -0.17131816337446443 0.093828613614579406 0.080717232795630839 -0.23781640777642069 0.045203753523254751 -0.001380747977253255 -0.12080205858304735 -0.064569336442676012 0.080082458980027499 0.061064130751483793 0.067882283156310466 -0.33937835569740549 -0.054543141551642978 -0.1991315186783523 -0.038422538239004732 -0.092706872329577486 -0.20312205373475956 0.0095877506212977987 0.081737279682559782 -0.00063045293515462603 0.053648107932546707 0.19880408039923583 0.057740490524056221 0.041129491301973901 0.015016679568642711 -0.1029357479445183 0.0013151586162997273 -0.011547552048429345 -0.0061993468803999384 -0.07304576337437689
leaf_weight=4.7368315717103533 1.6728908422228403 20.3829895738636 0.91900334736783307 5.9733639985934124 1.5815254964618386 3.073347552563062 2.2622141266183453 2.7326678103272557 1.5600181934714781 3.6463081888286979 5.3240189783246015 78.669608984491788 1.2353813044610431 0.69739183674391902 1.6619542184416793 0.31474360081483599 1.5481555994374501 0.95373987433413265 20.54224021652044 11.449614711746106 3.8198879158080672 2.2715063753421414 1.2378462740234679 4.2626717360399189 2.5056725445974735 0.18498629159876134 3.0206335328512068 0.5391842074750447 4.2384460242756159 1.2022238210774947 1.402086436748504 48.445711967982788 10.02377800591057 0.97677793604088936 4.3513602385064587 0.49210755174863052 8.1497508686807105 23.131653420779912 130.33044738404715 6.1195598541307827 263.81857693758866 4.1504289445074392 462.71537940979761 12.397566096795343
leaf_count=757 117 29533 82 783 479 673 836 581 92 503 231 3278 82 259 159 21 1289 60 990 212 318 1153 9158 85 3396 32 887 11 83 17 22 6631 312 213 89 10 219 2078 3839 576 13893 694 44773 453
internal_value=0.000192888 0.00686052 0.000953626 -0.00710525 0.0215581 -0.000896499 -0.0341163 -0.0086279 -0.0553809 -0.00445942 -0.00406923 -0.00786833 0.0449546 -0.0667176 -0.0767067 -0.058749 -0.0178505 -0.127297 0.0267344 0.00479584 -0.104464 0.041602 -0.0135466 0.0155603 0.0113317 -0.014583 -0.00320981 -0.000254159 0.0119439 0.013555 -0.0195849 0.0196466 0.0630556 -0.119978 0.00821793 -0.00120199 0.00432214 0.00599433 -0.00388995 -0.0538943 0.00300599 -0.0660029 -0.00300109 0.00736745
internal_weight=1170.73 164.415 140.523 101.014 39.5089 1006.31 19.089 100.095 8.89273 5.20633 91.2024 84.643 6.5594 11.1155 10.4181 8.75613 4.6215 3.68641 37.8361 17.2938 4.13463 23.8923 3.50935 15.7123 7.97351 5.46783 5.28285 987.222 71.1796 70.6404 10.9687 59.6717 11.226 2.37886 8.58981 916.042 299.837 295.1 616.205 10.7621 271.968 10.27 605.443 142.728
internal_count=129959 47419 7575 5692 1883 82540 7870 5610 1236 595 4374 4061 313 2719 2460 2301 1962 641 1766 776 339 39844 10311 297 5151 1755 1723 74670 7378 7367 407 6960 329 235 172 67292 16947 16190 50345 1280 14112 1270 49065 4292
is_linear=0
shrinkage=0.08


Tree=139
num_leaves=45
num_cat=0
split_feature=14 17 14 16 14 1 5 5 19 17 16 1 0 23 4 2 23 3 14 14 1 16 1 17 20 2 15 20 16 2 20 9 18 15 9 12 3 2 17 3 3 14 14 19
split_gain=1.2596 4.7005 5.04042 2.87533 3.42886 2.48725 4.47509 2.70464 3.82335 2.41754 5.45017 49.8561 3.64894 104.222 3.34806 6.72281 11.0576 6.52212 2.25189 4.03389 6.57826 4.56081 4.47838 3.62506 3.49493 3.25453 4.61784 4.40884 2.8302 2.20096 1.95526 1.81984 5.26875 1.80193 2.10577 2.03215 1.1449 1.1363 0.5949 0.459985 1.75826 0.414231 0.41182 0.212869
threshold=0.71825396825396837 0.94757979285563321 0.72474747474747481 0.97504448398576526 0.70710784313725505 0.083771929824561456 0.15484515484515485 0.89603705609881634 0.23611111111111113 0.98636335461476488 0.98598100229282692 0.095811818703384968 0.78888888888888908 0.82364084191670417 0.10933997509339978 0.39813363520260076 0.49730696707440897 0.12973352033660593 0.63818181818181829 0.60357142857142865 0.3861642743221691 0.91683135704874841 0.089719939627704207 0.76224734498115809 0.91693205944798317 0.6301647444739551 0.90418245409501619 0.95720390720390736 0.91374934360231064 0.4811568874068875 0.97073101085094249 0.77003205128205143 0.85357142857142865 0.90818791284629807 0.75192307692307703 0.080540540540540509 0.36237373737373746 0.94075065401886881 0.8831828070406752 0.68801229508196726 0.69282051282051305 0.90692640692640702 0.9110671936758894 0.30952380952380959
decision_type=2 2 2 2 2 2 2 2 2 2 2 2 2 2 2 2 2 2 2 2 2 2 2 2 2 2 2 2 2 2 2 2 2 2 2 2 2 2 2 2 2 2 2 2
left_child=3 31 -3 4 18 -6 -7 8 -8 10 12 -12 29 -14 -11 16 -16 -17 19 21 22 28 -21 -20 -23 27 -27 -25 -1 -4 -22 32 -2 34 35 -34 -35 -9 -36 -5 -41 -33 -43 -38
right_child=1 2 9 39 5 6 7 37 -10 14 11 -13 13 -15 15 17 -18 -19 23 20 30 24 -24 25 -26 26 -28 -29 -30 -31 -32 41 33 36 38 -37 43 -39 -40 40 -42 42 -44 -45
leaf_value=-0.00040262741600222699 -0.23507107286916124 -0.4790062408703859 0.02672272756687091 0.088235636043393489 -0.19932523333141855 0.088369238633592431 -0.08707367373275153 0.080929615477950953 -0.017922834243922499 0.080414939015254247 -2.3045569423850729 0.081156996699713768 -8.6868903551144747 -0.083805845695396522 -0.34561369338362113 -0.56227560604068938 -0.01434229645258871 0.01781710761016082 -0.27637216084399152 0.059806516695131977 0.0077897716701795308 0.11840215990269372 -0.074668865006601803 0.0094614836024899326 0.016164827593726085 0.020262375609511808 -0.089462116863117627 0.068615505804083071 -0.1042869367021622 -0.029124370359851215 0.10798490985249373 0.081828503542512379 -0.12252197775936279 -0.13086525151029313 -0.19657265772641963 0.074199973550235165 -0.016017251465360833 -0.02199373213086905 -0.019936071432066389 -0.1597532732193527 0.080197732108548261 -0.078441262341375939 0.080215655818061976 0.081175755005250635
leaf_weight=980.36343221099014 0.47656997913145716 0.14043019833479675 7.0863579505312471 2.5915690707624885 0.53718450164888309 2.0405658645322573 8.3297807923227118 1.6664907792037404 13.267930460231582 4.1516566026257342 0.067077011335640147 0.34136271807074081 0.0091244886571065775 0.73225366661063163 0.88957527163438443 0.12452774564735491 2.3443390508109587 31.902892399866687 0.26742502018168934 1.7755341265583471 4.115889693312055 3.5540432773123012 14.765635188668965 22.356710743828444 5.3782002587722673 6.7181691380865214 3.8681870460277423 12.613047124978037 1.6812840660095378 12.453356991347389 1.7879865857466937 7.0217158458872282 0.35416579246520807 0.60123088723048546 0.24270532450464077 6.5776297991396859 0.33200055058114231 1.1674238597443034 0.24542496834328631 0.25088745041284688 0.88435872576155816 0.21195416309637938 0.20692794352726196 0.25498027846333571
leaf_count=76154 32 18 946 107 20 123 178 1245 1003 922 7 101 2 2675 31 40 66 15081 33 68 2617 980 223 606 903 5728 3445 213 243 5548 315 4416 2 9 15 1218 11 2272 105 2 1792 49 230 165
internal_value=0.000182413 0.010087 -0.000280941 -0.000515175 -0.000755848 -0.0289034 -0.0254451 -0.0349511 -0.0445929 0.000837606 -0.0213073 -0.310643 -0.0154804 -0.189688 0.0124624 0.00446171 -0.105467 0.0155616 -3.81225e-05 -0.000822481 -0.0343598 -6.28805e-05 -0.0602342 0.0173086 0.056844 0.0190325 -0.0198303 0.0307974 -0.00058048 -0.00887062 0.0381338 0.0478833 0.0238574 0.0381924 0.0528395 0.0641489 -0.0532731 0.0385306 -0.107762 0.0696338 0.027169 0.0772182 -6.46755e-05 0.0262027
internal_weight=1166.75 76.7683 60.243 1089.98 1086.25 27.0094 26.4722 24.4316 21.5977 60.1025 20.6895 0.40844 20.2811 0.741378 39.413 35.2613 3.23391 32.0274 1059.25 1013.42 22.445 990.977 16.5412 45.8235 8.93224 45.5561 10.5864 34.9698 982.045 19.5397 5.90388 16.5253 9.08471 8.60814 7.41993 6.9318 1.18821 2.83391 0.48813 3.72682 1.13525 7.4406 0.418882 0.586981
internal_count=129959 31689 25437 98270 96369 4841 4821 4698 1181 25419 9279 108 9171 2677 16140 15218 97 15121 91528 81503 3223 78280 291 10025 1883 9992 9173 819 76397 6494 2932 6252 1557 1525 1340 1220 185 3517 120 1901 1794 4695 279 176
is_linear=0
shrinkage=0.08


Tree=140
num_leaves=45
num_cat=0
split_feature=14 16 20 9 19 16 14 15 12 8 8 9 2 8 3 5 3 2 19 8 17 14 14 3 1 8 16 8 17 16 9 16 16 15 8 5 9 18 16 2 20 5 16 23
split_gain=1.55964 4.35602 2.98223 25.292 35.8761 2.62625 2.91919 2.09949 3.0723 2.37384 4.96404 5.29391 3.45341 3.04452 6.73459 1.92913 2.67956 3.47212 2.50629 3.06188 2.55943 1.92501 3.37789 5.63034 11.1593 5.88147 4.00115 3.38376 3.03882 3.09877 5.32223 5.25386 2.34458 1.63013 1.57548 4.20353 2.38634 2.1165 3.29973 2.42429 2.13491 2.0092 4.56029 4.95528
threshold=0.71825396825396837 0.94456264775413723 0.89893315174214061 0.99264705882352955 0.58571428571428574 0.97504448398576526 0.70710784313725505 0.48429276315789477 0.10063291139240506 0.11215932914046124 0.17082066869300913 0.83484848484848495 0.4811568874068875 0.04040816326530617 0.10367218987908645 0.89603705609881634 0.30094339622641519 0.38909774436090222 0.58571428571428574 0.19112850619699936 0.95529051172707902 0.63818181818181829 0.60357142857142865 0.11566332218506133 0.089719939627704207 0.096006144393241191 0.91683135704874841 0.20761494252873566 0.76720944257775503 0.91144841492102613 0.48749218261413391 0.91683135704874841 0.91374934360231064 0.61569230769230787 0.35388994307400384 0.34851621808143557 0.82404540763673906 0.87083333333333346 0.8861517471386342 0.38150735261091812 0.85534242232086244 0.99572649572649585 0.88201942984551696 0.6885745867986105
decision_type=2 2 2 2 2 2 2 2 2 2 2 2 2 2 2 2 2 2 2 2 2 2 2 2 2 2 2 2 2 2 2 2 2 2 2 2 2 2 2 2 2 2 2 2
left_child=5 34 3 -3 -5 6 21 8 -4 13 11 -11 -12 14 -9 16 17 -8 19 -18 -20 22 26 24 -24 -25 32 -28 -23 30 -30 -31 -1 -15 35 37 -37 38 -2 40 -39 -36 43 -43
right_child=1 2 7 4 -6 -7 15 9 -10 10 12 -13 -14 33 -16 -17 18 -19 20 -21 -22 28 23 25 -26 -27 27 -29 29 31 -32 -33 -34 -35 41 36 -38 39 -40 -41 -42 42 -44 -45
leaf_value=-0.00037039142013605233 0.088327312122825172 0.080312651376819075 -0.48831768310276163 0.080224999326662813 -5.2024609616892956 0.068980374987976059 -0.083546279326769848 -0.01448980047912406 0.080511346661401806 -0.041419075249208945 0.048254315348016497 -0.27208482073956269 -0.014310182961728637 -0.066267761604136069 -0.67725453035644279 0.037027621155118637 -0.21542262937647746 0.057206176770902194 -0.044522083976818123 -0.060738992965242045 0.053795353748693112 -0.16249435156891337 0.050400663884856298 0.09523590539910011 -0.24784447502657495 -0.032502134837825249 0.11752563611351297 0.014653082887365972 -0.03348662683003515 -0.15595656985944317 0.0516191174648832 0.0046130999868188825 -0.094002616757923582 0.080852067662463667 0.079970616200911601 -0.084844706834221809 0.035896079961437177 -0.17375095359450704 -0.090055774081931758 0.065838246040526197 0.028991957949209866 -0.63406375892250511 0.080345861532081994 -0.069438004003680359
leaf_weight=980.42910912959996 1.0698840772966023 0.17253072387393231 0.13712062430567939 0.018017601538304007 0.015142282612941926 3.4737798798632857 1.5911860826890976 1.406037607055622 0.10913447567872936 2.2712394647242031 7.139733599338796 0.8848695543128996 26.996067576041241 0.53194381168577809 0.10548487445339549 2.7244929220105396 0.89370877854526298 3.8012690711184405 5.5333328195774802 9.7961416900579916 2.442634573628311 0.60198736556048871 1.3474085880443483 2.6798876777756986 1.9868952319957314 16.573989311269543 3.3188421546947193 5.3372116144964821 5.9171100399398737 1.4311806252408157 22.915708260625252 14.694521999150309 1.7145629491569696 5.1352984881959856 7.8538523179086024 3.1749524286860824 1.5635338141000827 0.51921734050847479 1.7479562069056553 11.909284727473276 0.92387465655338019 0.11055679929268103 1.8091779626811328 0.99269353281852091
leaf_count=76154 66 134 2 25 42 1901 26 320 124 84 351 13 16129 50 7 3517 7 130 440 395 326 40 63 68 52 3040 53 1830 231 459 5445 3850 243 956 5323 27 45 23 48 1280 64 25 4723 1828
internal_value=0.000307723 0.0113418 -0.00467781 -0.308596 -2.33209 -0.000468243 -0.000690443 -0.00327984 -0.236226 -0.00198991 -0.0100995 -0.10609 -0.0012244 0.0401372 -0.0607423 -0.0267742 -0.0339994 0.0156735 -0.0483497 -0.0736711 -0.0144124 -3.07373e-05 -0.000753965 -0.0313438 -0.127322 -0.0147227 -5.65809e-05 0.0540957 0.0160558 0.0184466 0.0341536 -0.0096377 -0.000533849 0.067043 0.0340615 0.0212586 -0.0450045 0.0406762 -0.0223269 0.0539722 -0.0439539 0.0589253 0.00217318 -0.126019
internal_weight=1165.8 76.5976 44.9226 0.205691 0.0331599 1089.2 1085.73 44.7169 0.246255 44.4707 37.2919 3.15611 34.1358 7.17876 1.51152 26.7828 24.0583 5.39246 18.6658 10.6899 7.97597 1058.95 1013.39 22.5882 3.3343 19.2539 990.8 8.65605 45.5605 44.9585 28.8328 16.1257 982.144 5.66724 31.675 20.9087 4.73849 16.1702 2.81784 13.3524 1.44309 10.7663 2.91243 1.10325
internal_count=129959 31689 18237 201 67 98270 96369 18036 126 17910 16577 97 16480 1333 327 4841 1324 156 1168 402 766 91528 81503 3223 115 3108 78280 1883 10025 9985 5676 4309 76397 1006 13452 1553 72 1481 114 1367 87 11899 6576 1853
is_linear=0
shrinkage=0.08


Tree=141
num_leaves=45
num_cat=0
split_feature=14 17 14 16 14 7 7 0 8 17 4 3 2 15 15 17 17 9 17 0 17 16 8 17 16 8 9 18 15 9 12 16 14 19 8 9 17 3 3 17 14 17 9 19
split_gain=1.69641 3.45692 2.71618 2.35952 2.48385 2.28403 2.31158 2.06251 2.56421 1.98214 1.8041 1.98473 2.96826 2.09194 3.69179 1.79351 5.32717 5.04199 2.60888 4.46642 4.94037 3.79564 10.8674 2.80851 2.62794 2.52757 1.62624 3.31518 1.5534 1.88917 1.81591 1.48314 1.35458 0.882478 0.656931 0.628042 0.508143 0.45748 1.59783 0.453415 0.365089 0.402585 0.20773 0.203774
threshold=0.71825396825396837 0.94757979285563321 0.72474747474747481 0.97504448398576526 0.70710784313725505 0.81666666666666676 0.73214285714285732 0.78888888888888908 0.48714568226763355 0.95074615893552894 0.86240703177822864 0.30094339622641519 0.38909774436090222 0.55919074555368709 0.59473319473319475 0.92089677095532896 0.92203186884037958 0.12861869313482219 0.91592711851095587 0.58571428571428574 0.91876178504085493 0.91374934360231064 0.0439613526570048 0.91476344422428502 0.91683135704874841 0.0439613526570048 0.77003205128205143 0.85357142857142865 0.90818791284629807 0.75192307692307703 0.080540540540540509 0.81495457721872844 0.64852941176470602 0.63333333333333341 0.67006802721088454 0.97752525252525257 0.8831828070406752 0.68801229508196726 0.69282051282051305 0.83124706618682531 0.90692640692640702 0.92695630081300828 0.52679425837320581 0.30952380952380959
decision_type=2 2 2 2 2 2 2 2 2 2 2 2 2 2 2 2 2 2 2 2 2 2 2 2 2 2 2 2 2 2 2 2 2 2 2 2 2 2 2 2 2 2 2 2
left_child=3 26 -3 4 15 6 7 8 -4 -8 11 12 -6 39 -15 18 32 -18 21 24 -21 23 -23 -1 -20 -19 27 -2 29 30 -29 -14 43 -30 -9 -11 -31 -5 -39 -13 -28 -42 -34 -17
right_child=1 2 5 37 10 -7 9 34 -10 35 -12 13 31 14 -16 16 17 25 19 20 -22 22 -24 -25 -26 -27 40 28 33 36 -32 -33 42 -35 -36 -37 -38 38 -40 -41 41 -43 -44 -45
leaf_value=-0.00053402076702344504 -0.16067973247765491 -0.2845874495249428 -0.00075640004121538436 0.087216115709897735 -0.075563992380369649 0.084273265445755308 -0.24951771896183644 -0.24435512827843628 0.054441573275601937 0.070040774698008429 0.081296151376176018 -0.078820215103677441 -0.069901088564586975 -0.17915525068316523 -0.03734133555997398 -0.017376514364051434 -0.30829201461088407 0.066501006756048947 -0.052026850882601734 -0.30282714923525023 0.08047836722693491 -0.65390978195663463 -0.039308721336237688 0.088289936451724685 0.056682282049146958 0.0062486015914139164 0.080156711785566548 -0.11962859790909899 -0.088383761608649941 -0.18154689337365804 0.072261707247424312 0.075230959323454555 0.25869483387616404 0.080986247853812032 -0.080126028469241148 -0.11354086136237596 -0.017467210664508796 -0.15270333399024053 0.080170588203007653 0.079337576654965339 -0.075022873696968792 0.080260981924881375 0.18380372971309203 0.090844424512294991
leaf_weight=976.33172482655209 0.5871607273220415 0.20891278474300534 50.743724135470984 2.271631331852404 1.6173864230513633 2.206255369797872 0.43130922803174954 0.2202066034078588 6.0258916231359754 0.26259008632041514 0.98810664534175785 0.13011076451221271 0.52583313919603858 1.2575849509521528 17.855931769405288 0.14581589805311412 0.31905321031808753 4.7918729953817083 5.3091558821688505 0.78199853381374829 0.29691321912832791 0.2152414855081578 1.2737870016571831 2.2835472366059539 1.9444237184106894 63.5519507613717 6.3116893693586453 0.33305071294307698 0.8796588461846111 0.24854282935848448 6.031507023715676 3.1516326997079886 0.42798603718256345 0.25365765119568096 0.53365672330983216 0.21850621234625578 0.23502301228290889 0.25054344622185432 0.76231907062174287 1.0704309683424069 0.21059909848918312 0.21690440316160675 0.53129037835242343 0.47116773894231301
leaf_count=76248 32 18 3335 107 26 9533 12 1 11535 818 2711 19 19 67 1715 45 4 347 298 286 297 5 244 153 99 13323 4416 2 24 15 1218 111 6 161 157 28 105 2 1792 173 98 181 53 120
internal_value=0.000383693 0.0119265 0.00337785 -0.000423876 -0.000628775 0.00436989 0.00135313 0.00335703 0.00510267 -0.124985 -0.024775 -0.0288677 0.0147554 -0.040238 -0.0466721 -2.21526e-05 0.0123301 0.00899196 -0.000899912 -0.0454749 -0.197343 -0.000520951 -0.12815 -0.000326755 -0.0228858 0.0104732 0.0459087 0.0227841 0.0362807 0.0506383 0.0622203 0.0544788 0.157741 -0.0504756 -0.128098 -0.0133391 -0.101801 0.0672797 0.0225665 0.062197 0.0753107 0.0037642 0.217217 0.0652678
internal_weight=1164.72 76.1588 60.8511 1088.56 1085.27 60.6421 58.4359 57.5235 56.7696 0.912406 26.597 25.6089 5.29485 20.3141 19.1135 1058.68 70.2391 68.6629 988.437 8.33249 1.07891 980.104 1.48903 978.615 7.25358 68.3438 15.3078 8.5686 7.98144 6.84812 6.36456 3.67747 1.57626 1.13332 0.753863 0.481096 0.483566 3.28449 1.01286 1.20054 6.73919 0.427504 0.959276 0.616984
internal_count=129959 31689 25437 98270 96369 25419 15886 15028 14870 858 4841 2130 156 1974 1782 91528 13898 13674 77630 980 583 76650 249 76401 397 13670 6252 1557 1525 1340 1220 130 224 185 158 846 120 1901 1794 192 4695 279 59 165
is_linear=0
shrinkage=0.08


Tree=142
num_leaves=45
num_cat=0
split_feature=14 16 16 14 9 9 2 1 2 2 2 5 5 2 9 2 20 23 22 16 8 9 8 16 16 15 12 16 9 18 9 17 8 14 2 9 14 2 15 20 15 3 9 9
split_gain=1.47147 3.2867 2.15623 2.10242 1.88294 2.53914 5.4525 8.47232 2.349 2.32651 5.50107 3.7339 5.97089 3.66302 4.00957 4.21734 4.00431 3.23694 1.7883 2.03212 2.59657 2.35184 3.68231 3.09238 2.02684 1.81935 1.70952 1.54808 4.08746 5.80421 10.0835 4.163 4.28612 2.81038 5.61962 4.34688 3.37416 4.50386 2.51102 2.15045 1.47912 1.39807 1.27113 2.40928
threshold=0.71825396825396837 0.93944785937668507 0.97504448398576526 0.70710784313725505 0.23582887700534763 0.21244358478401035 0.48498332025117746 0.22378716744913932 0.42577314326540344 0.39409837687672461 0.4811568874068875 0.29190074906367053 0.27622890682318429 0.39329966329966332 0.85329985652797713 0.38150735261091812 0.97628421447319103 0.60354956507893665 1.0000000180025095e-35 0.82648844661831689 0.27072835547411828 0.3943381180223286 0.28743545611015497 0.93198800386316283 0.95391052462182169 0.95672976908674867 0.070802005012531324 0.89193897730483107 0.96039215686274526 0.88562091503267981 0.96824596774193561 0.87730616864742517 0.96051948051948066 0.63818181818181829 0.38601144568886508 0.48749218261413391 0.60357142857142865 0.56964627805145052 0.72419521136441756 0.78439824205544295 0.74020861028735052 0.99494949494949514 0.84877072612921689 0.84680573663624525
decision_type=2 2 2 2 2 2 2 2 2 2 2 2 2 2 2 2 2 2 2 2 2 2 2 2 2 2 2 2 2 2 2 2 2 2 2 2 2 2 2 2 2 2 2 2
left_child=2 42 3 27 5 8 -7 -8 -3 13 -11 12 -12 14 15 -6 -15 -13 19 20 -5 23 -23 -21 26 -26 -20 33 31 38 -31 -29 -33 36 -35 -36 39 -38 -30 -1 -16 -10 43 -2
right_child=1 4 -4 18 9 6 7 -9 41 10 11 17 -14 16 40 -17 -18 -19 24 21 -22 22 -24 -25 25 -27 -28 28 29 30 -32 32 -34 34 35 -37 37 -39 -40 -41 -42 -43 -44 -45
leaf_value=0.0017989391807140633 0.024665277754436304 -0.14608132941535298 0.066671676109297126 -0.05809722773341397 0.024178578088783001 0.080785309863024429 -0.55217023231448703 0.081400383729102507 0.08079416524448671 0.061375931896324162 -0.029227168282144524 0.047382125336264201 -0.25052439695820511 -0.42692984799005451 -0.06674667181248492 -0.16067370309661658 0.08020164141312959 -0.01643025708650429 -0.15039077271361842 -0.072553233520259608 0.099991188401932732 -0.11645343200856231 -0.029571997517300011 0.086591053652415706 -0.1554227827530715 0.016852978593141416 0.047427047212128218 -0.37127270368749982 -0.14348247239812911 -1.4329041482188436 0.080439245630952533 0.0307335990045196 -0.08169853508623566 -0.13346015093862243 -0.031539173625129875 0.052941050968873617 -0.063731307164453202 0.019346747430058989 -0.0060596644485734746 -0.0064030530896311139 0.084147433734969468 -0.098179038045748124 0.058542866919819136 -0.23142929867845097
leaf_weight=677.70268419394051 19.554482210864087 0.62116078971303057 3.0605210063877157 1.1997995106503432 1.3503572765766869 0.34146810111997172 0.37132036872208118 0.21231830176111544 1.1738884842343393 9.8163513552062778 4.4473313508060555 7.8708173749255392 0.94635213111178007 0.30614097858779121 0.53049946640385348 1.903136627639469 0.14773418800905347 14.38679852505811 0.29629184305667777 1.3918399080430419 1.4915770713487289 4.7690312311751759 9.0406271882675338 1.7818008364993145 0.76703357512451453 0.80310183740584762 4.9601365125345183 0.17102681106189166 1.1727031757000066 0.052718400256708153 0.060534084783284925 37.714292344575369 2.3024994738225351 1.3382707206765214 4.9418147021351642 18.455686501882155 12.143032703112114 6.3655982952695913 3.1016950675293629 293.04758302498885 1.9221941913128828 0.36657017552352034 8.5206578264951514 0.23796866755583224
leaf_count=36818 4343 12 1901 22 76 22 7 57 148 1212 120 132 30 20 41 129 42 16579 2 30 291 108 1925 26 86 255 2096 15 680 3 41 3975 1680 32 181 4226 224 2416 3778 37459 299 197 8200 23
internal_value=0.000364347 0.0112005 -0.000382816 -0.000571948 -0.00183498 -0.062218 -0.17313 -0.321687 -0.0147511 0.00243721 0.00992797 -0.00833632 -0.068055 -0.0431242 -0.0257257 -0.0839511 -0.261861 0.0061353 -0.022828 -0.0350692 0.0295163 -0.0453042 -0.0595757 0.0167963 0.0124521 -0.0673062 0.0362765 -1.47702e-05 0.0145766 -0.0587396 -0.624014 0.0225812 0.0242644 -0.000656211 0.0259784 0.0350979 -0.00132219 -0.0351586 -0.0437623 -0.000677057 0.0515102 0.0382054 0.0327081 0.0215862
internal_weight=1163.16 75.0275 1088.13 1085.07 46.7144 3.08673 0.925107 0.583639 2.16162 43.6277 37.4677 27.6513 5.39368 6.16006 5.70619 3.25349 0.453875 22.2576 26.5012 19.6747 2.69138 16.9833 13.8097 3.17364 6.82656 1.57014 5.25643 1058.57 44.5755 4.38765 0.113252 40.1878 40.0168 1013.99 24.7358 23.3975 989.259 18.5086 4.2744 970.75 2.45269 1.54046 28.3131 19.7925
internal_count=129959 31689 98270 96369 19123 443 86 64 357 18680 18073 16861 150 607 545 205 62 16711 4841 2402 313 2089 2033 56 2439 341 2098 91528 10172 4502 44 5670 5655 81356 4439 4407 76917 2640 4458 74277 340 345 12566 4366
is_linear=0
shrinkage=0.08


Tree=143
num_leaves=45
num_cat=0
split_feature=19 4 14 20 18 20 17 15 15 15 16 17 8 15 14 23 20 18 8 8 16 15 8 20 14 17 16 17 18 17 3 2 2 20 14 8 1 8 3 3 8 9 23 17
split_gain=1.30841 4.3891 3.57402 2.65067 5.85378 4.56124 7.09582 8.4881 23.9915 3.41565 5.45837 4.15816 4.60237 4.06222 3.89679 3.26987 3.24875 3.06474 3.13405 3.06269 2.89732 2.74228 2.61134 2.58878 2.57479 2.51421 9.57515 7.14174 5.79854 11.4582 5.54779 5.11727 6.12839 6.82176 3.98885 3.84885 10.7708 3.67545 3.63207 5.37113 3.60452 4.45736 3.59196 3.57191
threshold=0.41428571428571431 0.65030120481927722 0.13423423423423428 0.54358379062895745 0.13809523809523813 0.53528240147958461 0.39739344540669053 0.35726558664702995 0.31755368814192347 0.41431417188389302 0.49130369026013315 0.50555624151129785 0.65419580419580436 0.41943351691581438 0.059714795008912663 0.21911548452030113 0.57511061946902664 0.65476190476190488 0.04908160192713041 0.050316455696202585 0.60694221508828261 0.37053001277139214 0.65419580419580436 0.71480709071949955 0.4188596491228071 0.70991117344553545 0.56572301967038818 0.6654088050314465 0.65476190476190488 0.82548911037283146 0.091431556948798356 0.45003840245775734 0.4056221556221557 0.43111357165453973 0.27429467084639503 0.31662489557226403 0.23132664437012265 0.24828767123287673 0.47140522875816998 0.47690120824449184 0.41060765718299969 0.36700680272108849 0.55555926792144639 0.74646766169154244
decision_type=2 2 2 2 2 2 2 2 2 2 2 2 2 2 2 2 2 2 2 2 2 2 2 2 2 2 2 2 2 2 2 2 2 2 2 2 2 2 2 2 2 2 2 2
left_child=3 25 23 5 -5 -1 7 8 -7 11 15 12 14 -12 -6 19 -15 18 -13 -11 -8 -14 -17 -3 -19 26 31 40 29 30 -27 32 33 -2 -32 36 -29 -31 -33 -40 41 -28 -42 -30
right_child=1 2 -4 4 9 6 20 -9 -10 10 13 17 21 16 -16 22 -18 24 -20 -21 -22 -23 -24 -25 -26 28 27 35 43 37 34 38 -34 -35 -36 -37 -38 -39 39 -41 42 -43 -44 -45
leaf_value=0.0025362523435006187 -0.041420174648613584 0.011943655093749079 0.048448647789021811 -0.080135228515088766 0.11130793915857011 1.7293717344160464 0.00068113075776307587 0.14877973174627732 -0.080659014671656259 -0.084575232323359797 -0.14158769624263612 0.11647379037911945 0.087434890230120549 -0.054931832512722462 -0.087214509840583182 -0.082618972816638797 -0.0028152328641402715 -0.16324121966284241 0.035530916919240353 0.13124829675142538 0.13846635055106657 -0.059787074290001699 -0.01501984284127343 -0.085563151923763847 0.044159036806552331 -0.17985809560248278 0.069785846531134274 0.041433294837944501 0.050986072785693011 -0.005368777952150525 -0.0049780391806060189 -0.063265734823685749 0.046169104637405013 0.013408471211625028 -0.060036997019669344 -0.0040433115220388288 0.16269588643935984 0.081375142201155562 0.17249030220822292 -0.018514758229942942 0.12889186856465659 -0.033388284573510445 -0.03970654354789839 0.00025471459302051731
leaf_weight=309.33537084408454 21.858081454032799 10.857431616153915 24.038824712570204 6.6904491881286949 0.72132454180973749 0.088396267557981356 3.4252467799524311 0.56099473366339225 0.099756976065691561 0.66163308638351992 1.377411615801974 4.3321567437960793 2.9906536346534267 7.8240493720077202 5.1564065737693454 11.098459115251901 354.23738308027532 0.76653670129598939 10.437417915243712 1.1561198861309092 1.3663409097644033 1.1103884525946339 5.4548554617649634 2.0757957970636189 0.7658337353495881 1.9530157186090935 3.3984644697047832 13.680565144284634 9.3564507072442193 6.0586276307003555 12.665955359723737 13.144897696969567 19.463387920637615 43.279088046809193 25.127655597931152 3.8545613147944087 7.1316515912767491 6.458830194445909 1.006903790461364 14.668836037370054 2.5590892064501527 12.674226732255191 1.1823942824848925 175.28930575098275
leaf_count=7821 229 454 51893 10012 238 20 145 25 27 199 99 75 166 238 3605 6494 23838 21 818 144 38 172 536 144 50 20 47 103 140 120 205 3281 443 1169 499 181 89 359 62 2335 46 605 45 12709
internal_value=0.000356339 0.00384686 0.0302043 -0.00170922 -0.00591037 0.00382489 0.0757686 0.304731 0.769711 -0.00469349 -0.00661368 0.0232033 -0.0174695 -0.00446313 -0.0628515 -0.0491585 -0.00394146 0.0480999 0.0592728 0.052692 0.0399712 0.0475734 -0.0603429 -0.00370628 -0.0595887 0.00137862 0.00919838 0.0406562 -0.00383331 -0.0273581 -0.0483791 -0.00313859 0.00677948 -0.00499038 -0.0415848 0.0693863 0.0829859 0.0393899 -0.0322523 -0.00624588 0.00488999 -0.0115728 0.0756109 0.0028254
internal_weight=1161.44 431.784 36.9721 729.657 414.781 314.876 5.54074 0.749148 0.188153 408.091 381.81 26.2807 9.97877 363.439 5.87773 18.3711 362.061 16.3019 14.7696 1.81775 4.79159 4.10104 16.5533 12.9332 1.53237 394.812 157.902 44.481 236.91 52.2641 39.7466 113.421 84.6006 65.1372 37.7936 24.6668 20.8122 12.5175 28.8206 15.6757 19.8142 16.0727 3.74148 184.646
internal_count=129959 75178 52491 54781 46705 8076 255 72 47 36693 31548 5145 4181 24175 3843 7373 24076 964 893 343 183 338 7030 598 71 22687 8635 1116 14052 1203 724 7519 1841 1398 704 373 192 479 5678 2397 743 652 91 12849
is_linear=0
shrinkage=0.08


Tree=144
num_leaves=45
num_cat=0
split_feature=14 15 9 17 16 20 15 8 8 8 8 9 12 8 23 18 2 17 2 1 16 7 8 9 16 16 14 12 23 23 2 14 2 15 17 8 16 17 16 15 4 8 23 14
split_gain=1.2523 2.94441 2.60796 2.59445 9.89538 3.22441 4.10401 2.48824 3.3879 2.3829 5.65645 5.7431 2.54517 2.25782 5.20626 3.95927 5.03758 3.8722 2.33721 4.19324 1.93361 1.89015 3.80137 3.04576 2.85303 1.87066 1.83793 2.98639 2.55645 5.74452 2.39559 1.92617 3.88454 4.0931 21.8362 3.39458 4.11602 3.1303 2.7223 3.44536 5.27023 3.43615 2.95333 1.94475
threshold=0.71825396825396837 0.94347230675593441 0.23582887700534763 0.98469347910972294 0.98598100229282692 0.93952455590386641 0.96128313846417413 0.24068965517241384 0.22048611111111113 0.14907407407407411 0.19112850619699936 0.63548951048951052 0.17817460317460324 0.3417843388960205 0.54982746721877163 0.91287878787878796 0.47220653742392876 0.96672816728167288 0.40017511728038041 0.24440019910403191 0.97504448398576526 0.64583333333333337 0.8342490842490845 0.55646630236794181 0.96562466430336236 0.89875980115820242 0.68990384615384626 0.075710532600907557 0.43015475753436844 0.43565890429398313 0.42577314326540344 0.63818181818181829 0.62247571057639717 0.90418245409501619 0.92331216184427201 0.31311274509803927 0.91144841492102613 0.87332857906935291 0.896200639241159 0.89371116550555463 0.11374663072776282 0.044949494949494913 0.50720957313540638 0.60357142857142865
decision_type=2 2 2 2 2 2 2 2 2 2 2 2 2 2 2 2 2 2 2 2 2 2 2 2 2 2 2 2 2 2 2 2 2 2 2 2 2 2 2 2 2 2 2 2
left_child=20 13 7 4 5 -4 -7 8 -3 -5 11 -11 -12 14 18 -16 -17 -18 19 25 26 -15 23 -23 -25 -2 31 -28 -29 -30 -31 38 35 -34 -35 36 -33 -37 39 43 -41 -40 -43 -1
right_child=1 2 3 9 -6 6 -8 -9 -10 10 12 -13 -14 21 15 16 17 -19 -20 -21 -22 22 -24 24 -26 -27 27 28 29 30 -32 32 33 34 -36 37 -38 -39 41 40 -42 42 -44 -45
leaf_value=-0.00033833803418059492 0.078203984291577613 -0.053832937247693897 0.06288788431434382 0.069369471376394765 -0.9454485547736543 -0.15539718226928873 -0.0024947828977122358 0.080810196471182816 -0.27200742443496351 -0.0025358515496175537 -0.24047834733119253 -0.29094190096719791 0.017652851996250114 0.067422588724520449 0.059387165993077085 0.084914537243303931 -0.025009886039499035 -0.16630815329106979 0.053513578476567708 -0.40177618648664243 0.064889897406367511 -0.2668363046995274 0.078575303463071886 0.022759958850745984 -0.29992268464835042 -0.015227144965924578 -0.21356880957352189 0.061185308098694477 -0.19495118332214606 0.051758150547091722 -0.022930859071916967 0.041950999423617116 0.016293763780003266 -0.76239331513443831 -0.035325701244638248 -0.027554963770456957 -0.036404783877469399 0.10553032712778801 -0.10296153097093802 -0.2245908474793025 -0.028329305073130112 0.08807287072189196 0.017721777419783084 -0.026701839189497294
leaf_weight=963.94711285090307 1.7875590671319574 1.4519309602328609 1.5754265992254683 3.7638692705659222 0.077498600352555402 2.0086329585174099 2.5493797456365428 0.47227774046041293 0.66375450225314114 0.95367400356917886 0.24810423841700213 0.82344469428062439 16.664371268816467 10.505868703745362 1.8329736756859336 1.0513526329013982 2.1290653490432305 2.9767106250073994 12.685527168607221 0.16442954959347833 2.8968553818449427 0.43185741859633631 1.9865984635671339 1.2080711606504335 0.20513983734417696 5.8922211489407346 0.49627961846999724 2.5472143613733342 1.1847356983344095 3.0579280246456646 27.152012126394766 13.112576574902056 5.8928619851831154 0.28603024491167195 3.4906723100539239 1.397429131931857 6.3772905566729596 5.9352505066199228 1.2196346336277226 1.0277854215819378 5.9164694037099252 5.088697797618809 15.305971168072572 18.246568782706163
leaf_count=73643 400 63 969 695 2 220 932 217 32 47 10 7 10326 6667 23 22 30 48 909 6 1901 166 7836 1068 260 734 15 253 20 61 5903 329 4873 132 3032 16 125 107 40 30 1255 100 3990 2445
internal_value=0.00030484 0.0103661 -0.00830721 -0.00136326 -0.0471252 -0.0357745 -0.0698761 -0.0852188 -0.122281 0.0112951 -0.000400381 -0.136172 0.0138661 0.0239831 0.0109639 -0.0438253 -0.0745516 -0.107388 0.0322876 -0.00203862 -0.000382653 0.0498806 0.00178301 -0.0808998 -0.0240802 0.00652005 -0.000557459 -0.0187423 -0.0158936 -0.0221474 -0.0153706 4.05404e-05 0.0180972 -0.0253746 -0.0903905 0.0337688 0.0163122 0.0801675 -0.000611374 -0.0012251 -0.057377 0.0274749 0.0352752 -0.000828102
internal_weight=1158.69 74.1097 31.2524 28.6644 6.21094 6.13344 4.55801 2.58796 2.11569 22.4535 18.6896 1.77712 16.9125 42.8574 28.5198 7.9901 6.15713 5.10578 20.5297 7.84421 1084.58 14.3375 3.83167 1.84507 1.41321 7.67978 1081.68 34.4382 33.9419 31.3947 30.2099 1047.24 36.4921 9.66956 3.7767 26.8225 19.4899 7.33268 1010.75 989.138 6.94425 21.6143 20.3947 982.194
internal_count=129959 31689 13520 13208 2123 2121 1152 312 95 11085 10390 54 10336 18169 2172 123 100 78 2049 1140 98270 15997 9330 1494 1328 1134 96369 6252 6237 5984 5964 90117 8614 8037 3164 577 454 123 81503 77373 1285 4130 4090 76088
is_linear=0
shrinkage=0.08


Tree=145
num_leaves=45
num_cat=0
split_feature=9 2 2 3 18 20 2 5 2 3 18 17 20 4 9 3 8 16 9 9 16 0 7 16 2 15 22 12 3 12 3 12 8 3 7 9 9 2 2 5 20 19 8 12
split_gain=1.25981 3.70647 3.67225 3.2427 4.90059 3.7804 2.67198 3.14264 3.40541 2.57906 5.75289 3.62719 3.38455 3.42386 2.73677 2.1184 1.87758 1.8751 1.80315 4.35563 4.84137 4.32866 6.56681 4.32024 3.29754 3.4476 3.79853 2.69232 9.26243 8.42145 2.62029 6.49636 2.22923 5.64155 8.65375 5.95556 7.18201 6.56913 5.7656 4.78364 4.76441 3.44923 6.69891 3.30015
threshold=0.33558558558558566 0.44274030933694802 0.43420765967205593 0.28801843317972353 0.5590277777777779 0.44586453923803326 0.63775174776446208 0.34178433889602061 0.60495188291240931 0.45222154595252601 0.79285714285714304 0.90148142742465165 0.91693205944798317 0.24316334072431636 0.31072796934865904 0.41728855721393038 0.14907407407407411 0.56572301967038818 0.87138130686517801 0.85839598997493749 0.87526824034334771 0.76388888888888895 0.76388888888888895 0.86752489409693589 0.36086927263397856 0.80070921985815613 1.0000000180025095e-35 0.10762548262548262 0.11189358372456966 0.16271373414230558 0.11566332218506133 0.093933823529411778 0.076197387518142215 0.5288568257491677 0.13392857142857145 0.93142633228840133 0.99264705882352955 0.56964627805145052 0.62247571057639717 0.11566332218506127 0.98555937858408937 0.41428571428571431 0.50316455696202544 0.12276295133437994
decision_type=2 2 2 2 2 2 2 2 2 2 2 2 2 2 2 2 2 2 2 2 2 2 2 2 2 2 2 2 2 2 2 2 2 2 2 2 2 2 2 2 2 2 2 2
left_child=1 2 9 4 -3 -5 7 8 -7 11 -11 12 13 -1 -14 -13 -8 -18 19 21 23 24 -23 30 25 26 -2 28 -26 -29 31 -21 39 34 35 37 -37 -34 -35 40 43 42 -40 -20
right_child=18 3 -4 5 -6 6 16 -9 -10 10 -12 15 14 -15 -16 -17 17 -19 32 20 -22 22 -24 -25 27 -27 -28 29 -30 -31 -32 -33 33 38 -36 36 -38 -39 41 -41 -42 -43 -44 -45
leaf_value=-0.01539702037919243 -0.086833589571904679 0.17954156287301942 -0.11221836103250324 0.081098796608094825 0.013910678309651314 0.010555502244874997 -0.11259661067254664 -0.092483211855893699 -0.13046479400392694 0.042213974850227029 -0.17164968304209002 0.076544266383370529 -0.054064948733262737 0.099674797051545402 -0.23650435487132662 -0.02637479321428975 -0.060473927929738477 0.10531782743351874 0.0055853011970910206 -0.087579287748708393 0.094848192274584714 -0.11034023029607991 0.058844908767717377 -0.30276402120750501 0.00069009556059295731 0.095762502558525073 0.05512308988812769 0.028254030507765579 -0.05220463729355667 -0.0048952771669442934 -0.061469402716557417 0.073743238215881357 0.017465277633338244 0.077721173112815761 0.083879678381322959 -0.08856789953751705 -0.0078424490670139721 -0.091823832765366653 -0.064364538070899202 0.067803295222114382 0.075409284629808018 0.027725849132284819 0.002553645842026827 -0.14986033605063828
leaf_weight=12.568553160057503 1.9987861791087178 1.9517006551031943 2.2937887797161229 4.98104178077483 2.7600183631293476 57.13498642286504 0.33468415501556492 2.0688938919265629 1.11737010849174 1.4813369773473817 1.7631086021574445 5.1910562836565068 2.7647895691989102 1.9057743974553876 0.64994274046330236 1.6988432351499794 0.49876385246170674 3.5025998893615906 156.4233632307878 2.9453800365881859 1.6447823496055196 1.6478497134812613 13.474270934842934 0.41639516205032023 68.333902268408565 4.3983076557342429 3.0429991195851471 55.040088871654007 30.709149396905559 450.49733556824867 14.413471760337414 3.4911832097277511 19.43101843541081 6.849330784767516 4.4601624992646967 17.602529098803643 11.769776245258983 4.2986256177464375 10.372418977582127 8.8627317401405872 6.3477850435883729 29.212715935165761 124.38657957718169 0.87900405691470851
leaf_count=395 132 41 73 58 32 1407 6 127 37 69 30 131 90 27 29 31 133 752 3960 79 818 238 2584 47 2719 52 89 1189 1238 51759 1534 83 1314 521 159 1649 712 778 2261 255 701 36571 15025 24
internal_value=0.000304962 0.0086756 -0.0148999 0.0182888 0.0825187 0.013943 0.00876951 0.00440928 0.00785052 -0.00693413 -0.0740046 0.00184777 -0.0171475 -0.000245994 -0.0887895 0.0511675 0.0694272 0.0846521 -0.000527111 -0.00312294 -0.0373859 -0.0018752 0.0404089 -0.0476131 -0.00291658 0.0440007 -0.0011548 -0.00364916 -0.0157104 -0.00128617 -0.0425175 -7.81676e-05 0.00369498 -0.0014898 -0.0231498 -0.0321395 -0.0562204 -0.00233245 0.00580905 0.0105589 0.00745875 0.00280518 -0.00259706 0.00471667
internal_weight=1157.62 104.667 30.3172 74.3501 4.71172 69.6383 64.6573 60.3213 58.2524 28.0234 3.24445 24.779 17.8891 14.4743 3.41473 6.8899 4.33605 4.00136 1052.95 652.054 22.9112 629.143 15.1221 21.2664 614.021 9.44009 5.04179 604.58 99.0431 505.537 20.85 6.43656 400.896 228.383 57.5621 53.1019 29.3723 23.7296 170.821 172.513 163.65 163.972 134.759 157.302
internal_count=129959 3468 875 2593 73 2520 2462 1571 1444 802 99 703 541 422 119 162 891 885 126491 62561 2561 60000 2822 1743 57178 273 221 56905 3957 52948 1696 162 63930 58990 4612 4453 2361 2092 54378 4940 4685 53857 17286 3984
is_linear=0
shrinkage=0.08


Tree=146
num_leaves=45
num_cat=0
split_feature=3 8 5 18 12 10 3 8 9 12 4 2 9 5 2 23 7 9 17 17 9 8 20 8 5 5 9 23 8 0 1 14 22 17 1 20 7 1 2 7 23 23 17 14
split_gain=1.22996 7.97154 14.1805 6.61354 6.2626 6.14714 5.41 6.74683 7.08017 5.53441 7.4879 4.93178 5.51557 5.46003 5.74677 4.88505 4.81525 4.1864 4.17539 6.05234 4.11201 3.95889 5.06307 4.6731 3.7637 4.58119 3.75321 8.43176 3.73149 3.69259 5.56566 4.5807 3.98719 3.68301 3.39744 3.29255 3.29119 2.969 2.88933 2.84998 2.66945 6.87879 9.9049 4.71122
threshold=0.83438818565400863 0.95861872146118743 0.96051948051948066 0.42261904761904767 0.65545505935556825 0.22500000000000003 0.64899964899964913 0.50316455696202544 0.80178571428571443 0.54085850556438808 0.58380149812734083 0.77832221734599727 0.80600358422939078 0.73765182186234834 0.84723124098124114 0.62828143782232748 0.18333333333333338 0.8389976958525347 0.90632697044334987 0.70991117344553545 0.96362433862433872 0.41060765718299969 0.95356537809949182 0.14907407407407411 0.92084377610693402 0.93405797101449284 0.97100840336134464 0.58462953138815221 0.86526825332795487 0.5634920634920636 0.73375527426160347 0.13100686498855837 1.0000000180025095e-35 0.87533783783783792 0.64899964899964913 0.95592859785423612 0.41428571428571431 0.53410852713178303 0.57879750569851007 0.43650793650793657 0.64616960100831078 0.63403011357476335 0.70991117344553545 0.15504807692307696
decision_type=2 2 2 2 2 2 2 2 2 2 2 2 2 2 2 2 2 2 2 2 2 2 2 2 2 2 2 2 2 2 2 2 2 2 2 2 2 2 2 2 2 2 2 2
left_child=4 28 36 29 6 -6 7 9 18 10 16 -7 13 -13 -15 -12 -1 -14 19 -9 -10 23 24 -8 34 -26 37 -28 -2 31 32 -4 -31 -19 -23 -24 -3 -11 -37 -38 41 43 -43 -5
right_child=1 2 3 40 5 11 21 8 20 26 15 12 17 14 -16 -17 -18 33 -20 -21 -22 22 35 -25 25 -27 27 -29 -30 30 -32 -33 -34 -35 -36 38 39 -39 -40 -41 -42 42 -44 -45
leaf_value=-0.0014344738450745903 0.023584190654197555 0.080727901060990703 -0.026634871663435311 -0.38171047934945818 0.09105403652194051 -0.083469354794036082 0.070258770705328447 -0.067047873250764292 0.034786481084190628 -0.41469518681587036 -0.076704316398796615 0.069099711649910106 0.12235417536716435 -0.45781367810100371 -0.097601670891229467 0.12096178269382941 0.05186023503665739 -0.037443746810325265 0.081260069454929959 -0.22060862722424757 -0.11874952845669422 0.074898019065315249 -0.30606295503664316 -0.025069346298303038 -0.1902121880994545 0.025537285215791253 -0.082223210806679173 -1.165720607638203 0.07944608589381312 0.0086370071728636057 -0.0044622085269474992 -0.20922938101198543 0.068376206644829851 0.046853328533057646 -0.073002617102607387 -0.21311330316751836 -0.48744055588075164 -0.059715316501544644 0.0033535014928128969 -0.11920379301366647 0.049135611814425863 0.082517629516329599 -0.75849783050876063 0.054947281914493662
leaf_weight=731.60974409716073 35.790067897625704 0.52785589898121443 18.698748748749498 0.1729421760537696 2.3847601748348088 11.928576329555652 4.2196374261402552 4.1482826164137787 5.4259169576544082 0.15660196218232059 0.95232899617258127 1.2289595772017516 1.7215062579925895 0.30063993745716278 4.9595316815029946 5.0082639790925896 11.013353517235371 9.9680881331732945 0.67077598790638138 2.7195228508207947 1.4055825566028941 22.479525518341696 0.25567729021713503 14.956281110207781 0.76823198534839221 3.4976026624062797 0.14980232913512725 0.066315336240222678 9.7345295605136908 17.395312136824941 168.08440066361436 0.92268795936251891 12.14088512620947 4.971447124524274 1.0399996073683713 0.42618593241058977 0.13734390986792266 4.065629826473014 5.3304878487251699 6.5281271487056074 23.224521628408183 0.16950383182847861 0.1901787741589942 1.8471047107377669
leaf_count=36666 18011 523 862 28 837 2206 172 129 480 5 235 106 217 32 457 186 310 1588 108 75 184 2135 17 3326 25 993 61 7 12791 339 7209 37 322 3133 128 37 4 637 1175 1253 32664 12 44 193
internal_value=0.000288028 0.00473866 -0.000867355 0.00241156 -0.00124543 -0.0332319 0.00021529 -0.0014916 -0.0557923 -0.00045537 7.27251e-05 -0.0416812 -0.0201491 -0.0827191 -0.118189 0.0893805 -0.000644095 0.00422061 -0.109248 -0.127855 0.00319641 0.0249419 0.0414152 -0.00409251 0.0558187 -0.0133169 -0.0895254 -0.414693 0.0355291 -0.00212081 0.00116569 -0.0352213 0.0331929 -0.00939211 0.0683581 -0.0251488 -0.111563 -0.0728815 -0.0126723 -0.126791 0.0408669 -0.0398296 -0.362161 0.0175637
internal_weight=1153.39 295.564 250.04 242.846 857.829 37.4635 820.366 767.392 14.3701 753.022 748.584 35.0787 23.1502 6.48913 5.26017 5.96059 742.623 16.661 7.53858 6.86781 6.8315 52.9736 33.7977 19.1759 27.7854 4.26583 4.43835 0.216118 45.5246 217.242 197.621 19.6214 29.5362 14.9395 23.5195 6.01235 7.19333 4.22223 5.75667 6.66547 25.6043 2.37973 0.359683 2.02005
internal_count=129959 74292 43490 41710 55667 8576 47091 39083 976 38107 37397 7739 5533 595 489 421 36976 4938 312 204 664 8008 4510 3498 3281 1018 710 68 30802 8769 7870 899 661 4721 2263 1229 1780 642 1212 1257 32941 277 56 221
is_linear=0
shrinkage=0.08


Tree=147
num_leaves=45
num_cat=0
split_feature=19 19 20 14 9 23 14 5 8 17 8 9 14 14 2 9 20 20 4 12 3 11 10 3 3 6 8 8 4 17 9 9 9 20 2 2 3 23 23 9 16 8 9 8
split_gain=1.16517 3.85393 3.48401 3.73036 5.68687 4.83277 5.00418 3.39246 6.56945 4.89541 3.55511 2.9815 4.68209 3.57354 3.35642 2.85524 3.82463 2.81219 2.531 2.66376 3.43596 2.55087 3.20222 2.58618 2.38013 10.3166 2.14248 2.6656 1.99129 1.91085 1.89676 4.53194 4.45427 2.83332 3.15164 2.96041 2.76611 2.53899 3.98518 8.46324 3.506 5.21681 3.50937 2.3407
threshold=0.30952380952380959 1.0000000180025095e-35 0.71199280945043675 0.17752100840336138 0.85839598997493749 0.25961330908617036 0.27888888888888896 0.92893217893217905 0.96051948051948066 0.45476087893149514 0.87570224719101131 0.90098039215686287 0.067816091954023008 0.053342816500711245 0.75323083047220984 0.57032967032967041 0.61922530206112303 0.40075757575757581 0.84356174698795205 0.86222714330907946 0.76506899055918676 1.0000000180025095e-35 0.22500000000000003 0.68356867779204122 0.95180023228803723 1.0000000180025095e-35 0.72046511627906984 0.71010186757215632 0.22378716744913932 0.85421901172529335 0.48038461538461547 0.48749218261413391 0.47413024085637828 0.98009900990099019 0.38420085139318899 0.36086927263397856 0.37590579710144939 0.28667349726775965 0.49244155802490081 0.85239651416122009 0.53470641181765244 0.035401002506265662 0.81016731016731025 0.97825059101654854
decision_type=2 2 2 2 2 2 2 2 2 2 2 2 2 2 2 2 2 2 2 2 2 2 2 2 2 2 2 2 2 2 2 2 2 2 2 2 2 2 2 2 2 2 2 2
left_child=1 30 3 11 15 -6 -7 8 10 17 18 -3 13 -13 -14 28 -17 -9 21 20 -20 22 -2 -23 -10 -26 27 29 -5 -4 32 -32 33 34 35 -1 -36 40 39 -39 41 -33 -42 -40
right_child=7 2 26 4 5 6 -8 9 24 -11 -12 12 14 -15 -16 16 -18 -19 19 -21 -22 23 -24 -25 25 -27 -28 -29 -30 -31 31 37 -34 -35 36 -37 -38 38 43 -41 42 -43 -44 -45
leaf_value=-0.00035231307065733582 0.0029801288746028679 -0.073983393768076389 -0.084429629427984598 0.063849534453084569 0.06766098354735664 -0.017629516999221131 -0.1763285463227362 0.041408266342676373 -0.11202065272705161 0.059443375066713468 0.099729873347764161 -0.077162602319026066 -0.094980484527834058 0.13065418392882494 0.046022053932162132 0.032357483548255656 0.15319010076068651 -0.048861559104054882 0.076069108488382886 0.044607689550157058 -0.16350234570852315 -0.0011661589421083818 -0.020313522161414046 0.060603502658449007 -0.17167356263292838 -1.3604328074369318 0.079342809550029869 -0.39505652945873448 -0.084246286434562306 0.004142300705459883 -0.11039081353731732 -0.10711384461130058 0.084134806186015404 -0.041934501459799843 0.033580642066204959 -0.12303580187308859 0.0033831507032039761 -0.040882620144563439 0.011171804520711712 0.0045620966311030568 -0.039308134991015049 0.01207778210275336 0.081528635767119648 -0.0039955953613909113
leaf_weight=3.036926416491041 441.20867508112497 8.0253390550788009 8.2360821551592327 1.0300764180137796 2.0332817588932803 3.4036805746000027 2.0301034592557698 3.6023538712179306 0.89173874850530299 15.508347848723131 2.3745681344717005 0.70842691775760558 3.4505656673427438 2.0974281773378607 1.5729773170896804 4.0676010261231568 2.8519344185187947 5.7091764505894389 0.48256863690039598 0.95121671437300381 1.8595573576676541 8.0512534290101048 41.306980348254001 9.405778005737373 0.29985876028877101 0.055346809327602386 0.62848886266147097 0.16169564978918138 1.3330432500224558 1.9228352050995443 2.4801036803401066 2.5075203550659344 4.8549390998959998 7.409702778706559 28.389971547352616 2.1499702059591073 61.400950398034183 50.923990817922459 93.02362008059572 54.079052787856199 1.9104365026869325 37.444591656974808 7.8943020312581211 217.07484279549681
leaf_count=64 20384 2267 6248 23 20 116 74 82 112 44626 3582 208 344 65 55 113 84 93 323 1666 883 907 5763 7332 403 1 120 2 53 39 176 50 173 165 452 97 1774 3927 10465 1732 92 794 62 13948
internal_value=0.000289175 -0.00207272 -0.0250164 -0.0119044 0.0144226 -0.0375511 -0.0769207 0.00303499 0.00162097 0.031913 0.00207324 -0.0397176 -0.00459436 0.0781843 -0.0508296 0.0562308 0.0821595 -0.0139389 0.00161247 -0.0682898 -0.114141 0.00207292 0.000986017 0.0321151 -0.181778 -0.356902 -0.0640616 -0.0727944 -0.0196918 -0.0676651 -0.000333574 -0.00253542 0.00926159 0.00571131 0.0094284 -0.0512047 0.012931 -0.00196 -0.00400696 -0.0174775 0.015117 0.00459694 0.0579838 0.000554335
internal_weight=1149.84 618.134 43.5536 32.6045 16.7497 7.46707 5.43378 531.707 506.888 24.8199 505.641 15.8547 7.8294 2.80586 5.02354 9.28266 6.91954 9.31153 503.266 3.29334 2.34213 499.973 482.516 17.457 1.24694 0.355206 10.9491 10.3206 2.36312 10.1589 574.581 467.338 107.242 102.388 94.9778 5.1869 89.7909 464.858 415.102 105.003 49.7569 39.9521 9.80474 310.098
internal_count=129959 43802 9831 3422 483 210 190 86157 41356 44801 40840 2939 672 273 399 273 197 175 37258 2872 1206 34386 26147 8239 516 404 6409 6289 76 6287 33971 31246 2725 2552 2387 161 2226 31070 30072 5659 998 844 154 24413
is_linear=0
shrinkage=0.08


Tree=148
num_leaves=45
num_cat=0
split_feature=5 1 17 2 8 12 9 12 20 23 18 3 8 9 8 12 1 3 8 8 9 17 2 23 8 14 18 16 14 18 16 14 16 14 12 9 20 14 17 3 9 15 9 15
split_gain=1.12915 1.93687 1.45253 1.17293 6.80372 3.99857 3.58714 4.14015 3.20166 4.56254 2.99302 2.89979 7.60566 4.24932 2.67365 2.61799 7.59248 6.31237 6.50429 6.3764 4.36098 2.53061 2.39254 2.11473 1.61722 1.50287 1.1608 1.00457 1.13393 0.840337 0.653051 0.33845 0.167304 0.147821 0.0973155 0.0348491 0.0283756 0.00448083 0.000802189 0.000718626 0.000172349 3.9292e-05 1.81146e-05 1.28334e-05
threshold=0.050641025641025628 0.055946791862284857 0.59390470297029718 0.38420085139318899 0.055946791862284857 0.080540540540540509 0.42980295566502463 0.14415584415584423 0.44586453923803326 0.30171633066857939 0.46862745098039221 0.095811818703384968 0.065044949762030693 0.73401360544217698 0.042781972088766836 0.1021295089091699 0.095811818703384968 0.11189358372456966 0.062019230769230778 0.072077922077922088 0.81016731016731025 0.99852507374631283 0.42577314326540344 0.20453791217856562 0.050316455696202585 0.21240601503759401 0.79285714285714304 0.70861642294713179 0.54772727272727284 0.75735294117647067 0.59473319473319475 0.21583850931677021 0.62580860565084939 0.3585714285714286 0.10063291139240506 0.86754385964912295 0.98726062966569306 0.4045454545454546 0.8819386707096396 0.080540540540540509 0.79814814814814827 0.95140383101548165 0.7193750000000001 0.30517395182872437
decision_type=2 2 2 2 2 2 2 2 2 2 2 2 2 2 2 2 2 2 2 2 2 2 2 2 2 2 2 2 2 2 2 2 2 2 2 2 2 2 2 2 2 2 2 2
left_child=26 2 39 4 5 24 7 10 25 -10 -6 12 13 34 33 17 20 18 -13 -19 -17 -9 -18 -15 29 -8 35 31 -29 -3 -26 -4 -33 -7 -5 36 37 40 -30 -2 42 -40 -1 -41
right_child=1 3 27 11 6 14 8 21 9 -11 -12 15 -14 23 -16 16 22 19 -20 -21 -22 -23 -24 -25 30 -27 -28 28 38 -31 -32 32 -34 -35 -36 -37 -38 -39 41 43 -42 -43 -44 -45
leaf_value=-0.080688808783999089 -0.08808415161619515 -0.090627064572143576 0.12648023170379499 -0.06562991666139055 -0.08819970775024373 0.041016211769500106 -0.087500052102769482 -0.052451240437379351 0.070356070920431724 0.003304324335043169 0.077004332063631345 0.0057592858236376722 -0.16664911699257454 -0.019751198337139796 -0.068128566075193908 0.0020220447348509776 0.0089934893415857843 -0.080112830021207379 -0.063514600396650939 -0.0070756366002651403 0.094559442650565567 -0.20664908099373913 -0.0012681603608697962 0.056545045197101677 -0.12769386442155312 0.013052107245862674 0.001819947731919575 -0.088986694608189212 0.088042452019359868 4.1912966089929898e-05 -0.25344653161213265 0.046695946634886618 0.097614280157223343 0.090785387861135755 -0.10657712800658029 -0.10712473990594371 -0.020510966571989614 -0.091314202064336478 0.080490618997715202 -0.08222810294713126 -0.084941037052521443 0.082231846024613364 -0.081760824370898905 -0.080217667647214233
leaf_weight=0.77242727773409503 0.309442522469907 6.5554449263727275 1.1895544185535989 0.6222473356174365 0.93927282164804582 0.55357258470758042 2.542467091465368 7.3615138460445433 9.806574633970742 19.231966199164162 2.7766873659566045 92.120425526969484 1.2209759005054355 2.6467464346205842 1.5550665057962758 5.1828881654073475 181.6199805505712 14.73068313670956 9.5761526121787011 15.915522405037335 8.7821020909905183 0.75061426740285231 729.42081423764466 19.128276441711932 0.55720553510764126 1.5200556498020885 1.7954912278801201 0.4733871764037757 0.16600613296031952 0.72673317114822555 0.5027787908911705 0.88116167439147808 0.77729842404369265 1.2318752852734176 0.92166335518413689 0.47061924566514779 0.046509430350852088 0.38860485982149839 0.19033867598045617 0.026362400501966476 0.070396356284618378 0.14699693128932267 0.1160345848693396 0.088669185410253704
leaf_count=540 5 425 13 41 78 31 34 219 371 421 37 2679 39 54 28 129 4892 694 319 528 183 26 117057 657 36 27 27 8 1 53 5 30 11 28 24 8 31 6 37 1 7 11 21 87
internal_value=0.000271885 0.000413976 0.0543249 0.000212764 -0.0110125 -0.0654004 0.00312968 -0.0346853 0.0166422 0.0259483 0.0352462 0.000800148 0.0279867 0.0381778 0.00856074 0.000169177 0.00167489 -0.010355 -0.000763818 -0.0421824 0.0602156 -0.0667191 0.000777545 0.0472713 -0.0950173 -0.0498769 -0.0440917 0.0699069 -0.000103679 -0.0815787 -0.187342 0.0939171 0.0705607 0.0753546 -0.090074 -0.0883019 -0.0819471 -0.0840676 0.0834898 -0.0860772 -0.0811307 0.0812494 -0.0808288 -0.0806784
internal_weight=1146.41 1142.75 4.24922 1138.5 56.6118 11.6827 44.9292 11.8281 33.1011 29.0385 3.71596 1081.89 24.5399 23.3189 3.34051 1057.35 925.006 132.343 101.697 30.6462 13.965 8.11213 911.041 21.775 8.34216 4.06252 3.66008 3.82474 0.976729 7.28218 1.05998 2.84801 1.65846 1.78545 1.54391 1.86459 1.39397 1.34746 0.503342 0.424474 0.958858 0.337336 0.888462 0.115032
internal_count=129959 129319 204 129115 1819 606 1213 360 853 792 115 127296 815 776 87 126481 122261 4220 2998 1222 312 245 121949 711 519 61 640 111 57 478 41 54 41 59 65 613 605 574 49 93 568 48 561 88
is_linear=0
shrinkage=0.08


Tree=149
num_leaves=45
num_cat=0
split_feature=3 8 5 12 0 4 1 0 17 15 15 17 16 8 9 19 18 2 3 8 9 4 12 7 14 14 14 5 9 5 1 23 19 16 12 1 17 8 1 9 7 5 12 15
split_gain=1.14191 6.60236 12.6283 5.62636 5.72568 5.50138 10.5649 22.2707 12.7779 5.44523 6.33635 5.37216 5.69036 5.03636 4.7055 4.5974 4.32239 3.87803 3.73876 5.31821 5.86683 4.83353 4.16783 3.53615 3.51384 7.05665 3.41135 3.21115 5.31012 5.27846 8.35475 3.08371 3.26107 2.85622 2.78752 5.52362 2.74116 2.70089 3.14429 8.0298 5.14534 2.64745 2.62605 3.24858
threshold=0.83438818565400863 0.97825059101654854 0.97801932367149769 0.67006802721088454 0.11805555555555557 0.67962264150943408 0.75123762376237635 0.58571428571428574 0.8654408457040037 0.50108225108225113 0.41682754182754189 0.45476087893149514 0.32375447288742087 0.57321428571428579 0.76293487957181105 0.35416666666666669 0.62019230769230782 0.69452037283845081 0.64899964899964913 0.50316455696202544 0.73401360544217698 0.64747307373653695 0.54085850556438808 0.18333333333333338 0.59411764705882364 0.44222222222222224 0.63818181818181829 0.50263157894736854 0.56118955926401382 0.52689415847310594 0.47856705450091863 0.75931533793680706 0.11805555555555557 0.82200184889486516 0.5025252525252526 0.49705882352941183 0.95074615893552894 0.86526825332795487 0.78979857050032498 0.65545505935556825 0.35416666666666669 0.65261756876663723 0.63224516988674229 0.99819494584837554
decision_type=2 2 2 2 2 2 2 2 2 2 2 2 2 2 2 2 2 2 2 2 2 2 2 2 2 2 2 2 2 2 2 2 2 2 2 2 2 2 2 2 2 2 2 2
left_child=3 26 -3 18 -5 6 13 8 -8 10 11 12 -4 33 31 16 -12 -16 19 21 24 22 23 -1 25 -21 37 -20 29 30 -29 32 -7 -6 35 -22 -28 38 -2 -40 -41 -23 43 -30
right_child=1 2 9 4 5 14 7 -9 -10 -11 15 -13 -14 -15 17 -17 -18 -19 27 20 34 41 -24 -25 -26 -27 36 28 42 -31 -32 -33 -34 -35 -36 -37 -38 -39 39 40 -42 -43 -44 -45
leaf_value=-0.0012112488171770808 0.058744864975446433 -0.11635554269047546 0.0010817229990691029 0.095842024318711916 -0.077810206627040648 -0.246433565867161 -0.0079945994725572987 -1.4769741870828432 -0.78635341724106522 0.03681181323542701 -0.10567956323874006 0.056149071263161092 -0.066870781484482153 0.057881891420806096 -0.18262140508112318 0.038232987615146298 0.081640446589346202 0.0011651149759866082 0.057609819505424084 -0.08106418149661046 -0.024749338467306932 0.21003737066469924 -0.08291412067948134 0.043887513530563964 0.081191176509739657 -0.30052452685991266 -0.039477019382937295 -0.71766650731947934 0.033983708708060494 -0.048192270288203741 0.063511102878782075 -0.044213851831296322 0.01651399870362346 -0.22892245724254973 0.023625607438337498 -0.3662780618724259 0.040777143171639711 0.085766629666013769 -0.70258490462611867 -0.043470978302172884 0.059078949753343171 0.051885864589121859 -0.012544143529269951 -0.26819410712779312
leaf_weight=729.12772053548179 14.020639861111706 5.8892000054256632 185.08112562539463 2.0106911871735091 3.5328509741229963 1.2869829394985597 0.50284545694012184 0.10325962261413224 0.18451380980695831 25.978029754371164 7.9546889123448619 10.805561455643327 8.2380008140462433 1.4771451480919493 0.7675477764642008 2.3767428262926833 0.87511087750317518 17.217122807880514 11.451731583754734 4.6732483173254868 1.8025964498519882 0.91511674465436899 3.9503896860187515 11.299538240957189 0.58096053940244008 1.1730901215341871 6.5167280544574151 0.19722535548498754 29.547365346428709 3.8545617647105246 0.15767158723610919 2.4623043250394403 0.39435044603305858 1.0350571474118622 6.02687064796919 0.364330388008966 4.6799030210786441 7.9579545892629531 0.10218091451679256 6.0642905559543561 6.4742766825438594 2.6081021711434005 12.098521644256833 0.22946090259210805
leaf_count=36868 3528 1026 3246 721 940 172 65 9 72 28753 1073 950 3420 253 77 1149 282 4693 1028 124 172 5 670 334 89 22 5459 13 4622 551 47 122 45 44 571 26 13958 7625 30 1364 2429 232 2872 208
internal_value=0.00025073 0.00455811 -0.000611772 -0.00123232 -0.0347018 -0.0437642 -0.106495 -0.381505 -0.216936 0.00221298 -0.0019611 0.00125437 -0.00181397 -0.070527 -0.0243861 -0.0605301 -0.0871145 -0.00667851 3.1867e-05 -0.00145194 -0.0492355 -0.000517792 -0.000960251 -0.000523004 -0.106453 -0.1251 0.032452 0.0196965 0.0102753 -0.0753751 -0.370609 -0.101242 -0.18476 -0.112051 -0.00435339 -0.0821713 -0.00593285 0.0448665 0.0326586 0.00372463 0.00948057 0.092964 0.0188852 0.0316551
internal_weight=1144.05 293.014 247.198 851.033 30.9747 28.964 6.83567 0.790619 0.687359 241.309 215.331 204.125 193.319 6.04505 22.1283 11.2065 8.8298 17.9847 820.059 762.522 14.6211 747.901 744.378 740.427 6.4273 5.84634 45.816 57.5365 46.0848 4.20946 0.354897 4.14364 1.68133 4.56791 8.1938 2.16693 11.1966 34.6193 26.6614 12.6407 12.5386 3.52322 41.8753 29.7768
internal_count=129959 74292 39899 55667 7213 6492 1383 146 137 38873 10120 7616 6666 1237 5109 2504 1355 4770 48454 39113 1004 38109 37872 37202 235 146 34393 9341 8313 611 60 339 217 984 769 198 19417 14976 7351 3823 3793 237 7702 4830
is_linear=0
shrinkage=0.08


end of trees

feature_importances:
name_core_levenshtein=671
name_len_ratio=637
addr_token_set=532
addr_len_ratio=454
name_partial_ratio=452
addr_number_overlap=400
addr_token_overlap=394
addr_token_sort=322
name_jaro_winkler=318
combined_score=314
addr_levenshtein=309
addr_jaccard=279
name_accent_stripped_ratio=208
name_levenshtein=202
name_core_jaccard=193
name_token_sort=183
name_token_set=173
source_is_s3=160
name_jaccard=156
name_core_exact=122
name_first3_match=53
name_token_overlap=36
addr_has_both=32

parameters:
[boosting: gbdt]
[objective: binary]
[metric: binary_logloss]
[tree_learner: serial]
[device_type: cpu]
[data_sample_strategy: bagging]
[data: ]
[valid: ]
[num_iterations: 150]
[learning_rate: 0.08]
[num_leaves: 45]
[num_threads: 0]
[seed: 42]
[deterministic: 0]
[force_col_wise: 0]
[force_row_wise: 0]
[histogram_pool_size: -1]
[max_depth: 7]
[min_data_in_leaf: 20]
[min_sum_hessian_in_leaf: 0.001]
[bagging_fraction: 1]
[pos_bagging_fraction: 1]
[neg_bagging_fraction: 1]
[bagging_freq: 0]
[bagging_seed: 400]
[bagging_by_query: 0]
[feature_fraction: 1]
[feature_fraction_bynode: 1]
[feature_fraction_seed: 30056]
[extra_trees: 0]
[extra_seed: 12879]
[early_stopping_round: 0]
[early_stopping_min_delta: 0]
[first_metric_only: 0]
[max_delta_step: 0]
[lambda_l1: 0]
[lambda_l2: 0]
[linear_lambda: 0]
[min_gain_to_split: 0]
[drop_rate: 0.1]
[max_drop: 50]
[skip_drop: 0.5]
[xgboost_dart_mode: 0]
[uniform_drop: 0]
[drop_seed: 17869]
[top_rate: 0.2]
[other_rate: 0.1]
[min_data_per_group: 100]
[max_cat_threshold: 32]
[cat_l2: 10]
[cat_smooth: 10]
[max_cat_to_onehot: 4]
[top_k: 20]
[monotone_constraints: ]
[monotone_constraints_method: basic]
[monotone_penalty: 0]
[feature_contri: ]
[forcedsplits_filename: ]
[refit_decay_rate: 0.9]
[cegb_tradeoff: 1]
[cegb_penalty_split: 0]
[cegb_penalty_feature_lazy: ]
[cegb_penalty_feature_coupled: ]
[path_smooth: 0]
[interaction_constraints: ]
[verbosity: -1]
[saved_feature_importance_type: 0]
[use_quantized_grad: 0]
[num_grad_quant_bins: 4]
[quant_train_renew_leaf: 0]
[stochastic_rounding: 1]
[linear_tree: 0]
[max_bin: 255]
[max_bin_by_feature: ]
[min_data_in_bin: 3]
[bin_construct_sample_cnt: 200000]
[data_random_seed: 175]
[is_enable_sparse: 1]
[enable_bundle: 1]
[use_missing: 1]
[zero_as_missing: 0]
[feature_pre_filter: 1]
[pre_partition: 0]
[two_round: 0]
[header: 0]
[label_column: ]
[weight_column: ]
[group_column: ]
[ignore_column: ]
[categorical_feature: ]
[forcedbins_filename: ]
[precise_float_parser: 0]
[parser_config_file: ]
[objective_seed: 16083]
[num_class: 1]
[is_unbalance: 0]
[scale_pos_weight: 2]
[sigmoid: 1]
[boost_from_average: 1]
[reg_sqrt: 0]
[alpha: 0.9]
[fair_c: 1]
[poisson_max_delta_step: 0.7]
[tweedie_variance_power: 1.5]
[lambdarank_truncation_level: 30]
[lambdarank_norm: 1]
[label_gain: ]
[lambdarank_position_bias_regularization: 0]
[eval_at: ]
[multi_error_top_k: 1]
[auc_mu_weights: ]
[num_machines: 1]
[local_listen_port: 12400]
[time_out: 120]
[machine_list_filename: ]
[machines: ]
[gpu_platform_id: -1]
[gpu_device_id: -1]
[gpu_device_id_list: ]
[gpu_use_dp: 0]
[num_gpu: 1]

end of parameters

pandas_categorical:null
